    1          0.1109          0.2674          0.3777          0.0493
    2          0.2074          0.3376          0.2965          0.0247
    3          0.1029          0.2928          0.3317          0.0507
    4          0.1652          0.3163          0.3132          0.0374
    5          0.0652          0.2837          0.3391          0.0557
    6          0.1914          0.3717          0.2105          0.0298
    7          0.1352          0.3057          0.3195          0.0446
    8          0.1595          0.3401          0.2630          0.0388
    9          0.2203          0.3803          0.2128          0.0203
   10          0.1929          0.3539          0.2536          0.0294
   11          0.1378          0.3025          0.3262          0.0440
   12          0.0521          0.3178          0.2718          0.0569
   13          0.1275          0.3027          0.3219          0.0462
   14          0.0584          0.2863          0.3332          0.0563
   15          0.1532          0.3466          0.2452          0.0404
   16          0.1541          0.3080          0.3233          0.0402
   17          0.0687          0.2903          0.3279          0.0553
   18          0.0747          0.3160          0.2801          0.0547
   19          0.1330          0.3033          0.3230          0.0450
   20          0.1155          0.3008          0.3212          0.0485
   21          0.0238          0.3089          0.2865          0.0586
   22          0.0736          0.2933          0.3234          0.0548
   23          0.1523          0.3455          0.2472          0.0406
   24          0.0704          0.2838          0.3399          0.0551
   25          0.1075          0.3162          0.2892          0.0499
   26          0.1360          0.3108          0.3102          0.0444
   27          0.0637          0.3150          0.2797          0.0558
   28          0.0187          0.2970          0.3092          0.0587
   29          0.1168          0.3311          0.2620          0.0483
   30          0.1404          0.2919          0.3462          0.0434
   31          0.0550          0.3035          0.3008          0.0567
   32          0.2150          0.3647          0.2456          0.0222
   33          0.1764          0.2758          0.3884          0.0343
   34          0.1651          0.3635          0.2122          0.0374
   35          0.2097          0.3722          0.2240          0.0240
   36          0.1201          0.2850          0.3508          0.0477
   37          0.1976          0.3620          0.2388          0.0279
   38          0.1788          0.3666          0.2141          0.0336
   39          0.1562          0.2792          0.3740          0.0397
   40          0.0784          0.3164          0.2803          0.0542
   41          0.1385          0.3486          0.2329          0.0438
   42          0.1389          0.2809          0.3645          0.0438
   43          0.1812          0.3482          0.2584          0.0329
   44          0.1845          0.3690          0.2123          0.0319
   45          0.1142          0.2746          0.3666          0.0487
   46          0.1641          0.3661          0.2048          0.0376
   47          0.1434          0.3091          0.3166          0.0427
   48          0.1677          0.3681          0.2022          0.0367
   49          0.1863          0.3327          0.2933          0.0314
   50          0.1464          0.3176          0.3018          0.0420
   51          0.1288          0.2739          0.3725          0.0459
   52          0.1436          0.3118          0.3116          0.0427
   53          0.1196          0.3156          0.2947          0.0477
   54          0.2320          0.2656          0.4328          0.0162
   55          0.0484          0.2975          0.3112          0.0572
   56          0.1039          0.3223          0.2756          0.0505
   57          0.0800          0.2915          0.3281          0.0540
   58          0.1589          0.3490          0.2431          0.0390
   59          0.0889          0.3216          0.2723          0.0528
   60          0.1444          0.2623          0.3969          0.0425
   61          0.1556          0.2656          0.3960          0.0398
   62          0.1370          0.3248          0.2835          0.0442
   63          0.0951          0.3198          0.2779          0.0519
   64          0.0408          0.2881          0.3276          0.0577
   65          0.1294          0.2740          0.3725          0.0458
   66          0.1332          0.3358          0.2590          0.0450
   67          0.1441          0.3137          0.3082          0.0426
   68          0.1460          0.2711          0.3834          0.0421
   69          0.2039          0.2962          0.3688          0.0259
   70          0.1623          0.3418          0.2608          0.0381
   71          0.0653          0.2892          0.3292          0.0557
   72          0.1058          0.2693          0.3730          0.0502
   73          0.1762          0.3051          0.3389          0.0343
   74          0.0481          0.2866          0.3311          0.0572
   75          0.1161          0.2840          0.3511          0.0484
   76          0.1376          0.3248          0.2839          0.0440
   77          0.0328          0.3058          0.2934          0.0582
   78          0.0219          0.3082          0.2878          0.0586
   79          0.1395          0.3150          0.3039          0.0436
   80          0.1860          0.2598          0.4181          0.0315
   81          0.0383          0.2922          0.3197          0.0579
   82          0.0731          0.3082          0.2952          0.0548
   83          0.1313          0.3267          0.2772          0.0454
   84          0.1401          0.3447          0.2426          0.0435
   85          0.1873          0.2725          0.3989          0.0311
   86          0.1595          0.3164          0.3102          0.0388
   87          0.1271          0.3211          0.2867          0.0463
   88          0.1521          0.2701          0.3873          0.0407
   89          0.1627          0.3375          0.2702          0.0380
   90          0.1221          0.3030          0.3195          0.0473
   91          0.0563          0.2918          0.3229          0.0565
   92          0.1250          0.3490          0.2252          0.0467
   93          0.1685          0.2848          0.3701          0.0364
   94          0.0826          0.2809          0.3475          0.0537
   95          0.1189          0.2873          0.3464          0.0479
   96          0.1096          0.3233          0.2755          0.0496
   97          0.0970          0.3202          0.2778          0.0516
   98          0.0856          0.2814          0.3473          0.0533
   99          0.1185          0.3161          0.2933          0.0480
  100          0.1851          0.3166          0.3229          0.0317
  101          0.0896          0.2812          0.3487          0.0527
  102          0.2419          0.3974          0.1884          0.0125
  103          0.1978          0.3073          0.3465          0.0278
  104          0.1779          0.2871          0.3706          0.0338
  105          0.0632          0.3144          0.2809          0.0559
  106          0.1317          0.2753          0.3712          0.0453
  107          0.1764          0.2985          0.3505          0.0343
  108          0.1242          0.2988          0.3277          0.0469
  109          0.1296          0.2647          0.3879          0.0458
  110          0.0992          0.3083          0.3020          0.0513
  111          0.2161          0.3673          0.2405          0.0218
  112          0.1287          0.3111          0.3067          0.0459
  113          0.2283          0.3512          0.2840          0.0175
  114          0.1095          0.2813          0.3538          0.0496
  115          0.1598          0.2575          0.4105          0.0387
  116          0.0511          0.3185          0.2702          0.0570
  117          0.1367          0.3464          0.2370          0.0443
  118          0.1069          0.3263          0.2685          0.0500
  119          0.2198          0.3796          0.2142          0.0205
  120          0.2025          0.2804          0.3939          0.0263
  121          0.0263          0.3030          0.2983          0.0585
  122          0.0609          0.2999          0.3087          0.0561
  123          0.1763          0.2796          0.3823          0.0343
  124          0.1248          0.3273          0.2732          0.0467
  125          0.0995          0.2821          0.3496          0.0512
  126          0.1724          0.2975          0.3504          0.0354
  127          0.0499          0.3031          0.3007          0.0571
  128          0.2358          0.2714          0.4260          0.0148
  129          0.0948          0.3028          0.3111          0.0520
  130          0.0660          0.3156          0.2790          0.0556
  131          0.1575          0.2988          0.3412          0.0393
  132          0.2348          0.3822          0.2212          0.0151
  133          0.1223          0.3383          0.2485          0.0472
  134          0.1159          0.2980          0.3265          0.0484
  135          0.1561          0.3615          0.2115          0.0397
  136          0.0663          0.3206          0.2687          0.0556
  137          0.1933          0.2570          0.4259          0.0293
  138          0.2058          0.2676          0.4157          0.0253
  139          0.1991          0.3003          0.3593          0.0274
  140          0.1051          0.2925          0.3329          0.0503
  141          0.1118          0.2958          0.3290          0.0492
  142          0.1250          0.3040          0.3186          0.0467
  143          0.1055          0.3389          0.2404          0.0503
  144          0.1204          0.3235          0.2792          0.0476
  145          0.0671          0.2857          0.3359          0.0555
  146          0.0695          0.2992          0.3117          0.0552
  147          0.0723          0.2988          0.3130          0.0549
  148          0.1537          0.2617          0.4014          0.0403
  149          0.1727          0.2851          0.3716          0.0353
  150          0.2313          0.2902          0.3941          0.0164
  151          0.1251          0.2952          0.3345          0.0467
  152          0.2101          0.3718          0.2252          0.0238
  153          0.0796          0.3108          0.2917          0.0541
  154          0.0848          0.3168          0.2811          0.0534
  155          0.0918          0.3231          0.2703          0.0524
  156          0.2214          0.3016          0.3697          0.0200
  157          0.0410          0.2890          0.3260          0.0577
  158          0.2071          0.2730          0.4080          0.0248
  159          0.1700          0.3183          0.3119          0.0360
  160          0.1380          0.3486          0.2325          0.0440
  161          0.1693          0.2873          0.3663          0.0363
  162          0.0875          0.3085          0.2981          0.0530
  163          0.0714          0.3255          0.2595          0.0550
  164          0.0750          0.2956          0.3195          0.0546
  165          0.1116          0.3150          0.2929          0.0492
  166          0.0679          0.3012          0.3075          0.0554
  167          0.2109          0.2921          0.3793          0.0236
  168          0.1288          0.3211          0.2874          0.0459
  169          0.1307          0.3316          0.2667          0.0455
  170          0.1958          0.3658          0.2285          0.0285
  171          0.1298          0.2666          0.3848          0.0457
  172          0.1042          0.2983          0.3221          0.0505
  173          0.1027          0.3153          0.2893          0.0507
  174          0.2110          0.2516          0.4428          0.0235
  175          0.1203          0.2800          0.3594          0.0476
  176          0.0272          0.2987          0.3066          0.0584
  177          0.1652          0.3091          0.3264          0.0373
  178          0.1614          0.2756          0.3823          0.0383
  179          0.2064          0.3637          0.2414          0.0251
  180          0.1631          0.3126          0.3189          0.0379
  181          0.0898          0.3055          0.3046          0.0527
  182          0.1572          0.3346          0.2733          0.0394
  183          0.1339          0.3068          0.3169          0.0449
  184          0.1615          0.2654          0.3987          0.0383
  185          0.0938          0.3343          0.2465          0.0521
  186          0.1669          0.3245          0.2985          0.0369
  187          0.0980          0.3267          0.2646          0.0515
  188          0.0915          0.3060          0.3042          0.0524
  189          0.1008          0.2959          0.3256          0.0510
  190          0.0959          0.3051          0.3071          0.0518
  191          0.1603          0.2710          0.3891          0.0386
  192          0.1787          0.3689          0.2081          0.0336
  193          0.1450          0.3328          0.2709          0.0424
  194          0.1582          0.2711          0.3881          0.0392
  195          0.0571          0.2954          0.3165          0.0565
  196          0.0922          0.2805          0.3504          0.0523
  197          0.1971          0.2665          0.4130          0.0281
  198          0.0738          0.3242          0.2630          0.0548
  199          0.1084          0.3258          0.2701          0.0498
  200          0.2054          0.2886          0.3820          0.0254
  201          0.0385          0.3002          0.3048          0.0579
  202          0.1852          0.3588          0.2374          0.0317
  203          0.1311          0.3234          0.2838          0.0454
  204          0.1402          0.2685          0.3853          0.0435
  205          0.0896          0.3213          0.2732          0.0527
  206          0.0800          0.3160          0.2814          0.0540
  207          0.1833          0.2517          0.4294          0.0323
  208          0.1113          0.2722          0.3698          0.0493
  209          0.0771          0.3230          0.2663          0.0544
  210          0.1432          0.2914          0.3480          0.0428
  211          0.0764          0.2869          0.3356          0.0544
  212          0.1323          0.3356          0.2590          0.0452
  213          0.1566          0.3483          0.2434          0.0396
  214          0.1713          0.3049          0.3369          0.0357
  215          0.1091          0.2858          0.3459          0.0497
  216          0.0600          0.2864          0.3334          0.0562
  217          0.1006          0.2810          0.3517          0.0511
  218          0.0310          0.3007          0.3030          0.0583
  219          0.1572          0.3561          0.2255          0.0394
  220          0.1138          0.3321          0.2587          0.0488
  221          0.0734          0.3049          0.3016          0.0548
  222          0.0385          0.3024          0.3006          0.0579
  223          0.2038          0.2476          0.4452          0.0259
  224          0.1864          0.2626          0.4140          0.0314
  225          0.1089          0.3054          0.3104          0.0497
  226          0.0973          0.3163          0.2856          0.0516
  227          0.0776          0.2926          0.3256          0.0543
  228          0.0133          0.2978          0.3075          0.0589
  229          0.1044          0.2908          0.3357          0.0505
  230          0.0334          0.3015          0.3017          0.0581
  231          0.1719          0.2899          0.3631          0.0355
  232          0.0484          0.3182          0.2704          0.0572
  233          0.1670          0.3567          0.2302          0.0369
  234          0.1199          0.2850          0.3507          0.0477
  235          0.2265          0.3569          0.2712          0.0181
  236          0.0452          0.2871          0.3299          0.0574
  237          0.1782          0.2819          0.3793          0.0338
  238          0.1805          0.2941          0.3602          0.0331
  239          0.1987          0.3446          0.2771          0.0275
  240          0.1551          0.3292          0.2831          0.0399
  241          0.1517          0.2961          0.3435          0.0408
  242          0.0944          0.3155          0.2864          0.0520
  243          0.1632          0.2782          0.3786          0.0379
  244          0.0524          0.3099          0.2879          0.0569
  245          0.1028          0.2955          0.3267          0.0507
  246          0.0452          0.3079          0.2907          0.0574
  247          0.1155          0.2744          0.3674          0.0485
  248          0.1991          0.3042          0.3524          0.0274
  249          0.2053          0.2999          0.3632          0.0254
  250          0.1577          0.2989          0.3412          0.0393
  251          0.0726          0.3171          0.2774          0.0549
  252          0.0878          0.2979          0.3183          0.0530
  253          0.1877          0.3603          0.2357          0.0310
  254          0.1411          0.2942          0.3423          0.0433
  255          0.1583          0.2805          0.3727          0.0391
  256          0.0328          0.3027          0.2994          0.0582
  257          0.0760          0.2774          0.3522          0.0545
  258          0.0745          0.3247          0.2620          0.0547
  259          0.1940          0.2584          0.4241          0.0290
  260          0.1194          0.2685          0.3783          0.0478
  261          0.1109          0.2912          0.3369          0.0493
  262          0.1984          0.3345          0.2970          0.0276
  263          0.0987          0.2788          0.3551          0.0514
  264          0.2358          0.2715          0.4259          0.0148
  265          0.1488          0.2900          0.3529          0.0415
  266          0.1083          0.2811          0.3538          0.0498
  267          0.1688          0.3625          0.2172          0.0364
  268          0.1245          0.3425          0.2402          0.0468
  269          0.0898          0.2989          0.3170          0.0527
  270          0.2346          0.3185          0.3490          0.0152
  271          0.0863          0.2990          0.3159          0.0532
  272          0.0835          0.3146          0.2852          0.0536
  273          0.1230          0.3460          0.2314          0.0471
  274          0.1749          0.3601          0.2272          0.0347
  275          0.0681          0.2831          0.3407          0.0554
  276          0.0981          0.2840          0.3459          0.0515
  277          0.1743          0.3247          0.3020          0.0349
  278          0.1408          0.2695          0.3839          0.0433
  279          0.1228          0.3414          0.2418          0.0471
  280          0.2269          0.2729          0.4187          0.0180
  281          0.1979          0.3035          0.3531          0.0278
  282          0.1166          0.3154          0.2939          0.0483
  283          0.0379          0.3138          0.2780          0.0579
  284          0.1000          0.3221          0.2747          0.0512
  285          0.0937          0.3327          0.2502          0.0521
  286          0.1138          0.3320          0.2589          0.0488
  287          0.0581          0.2862          0.3334          0.0564
  288          0.1571          0.3457          0.2495          0.0394
  289          0.1441          0.2674          0.3887          0.0426
  290          0.1457          0.3478          0.2386          0.0422
  291          0.0290          0.3072          0.2903          0.0584
  292          0.0143          0.2975          0.3081          0.0588
  293          0.0836          0.3252          0.2633          0.0535
  294          0.0611          0.2902          0.3266          0.0561
  295          0.1915          0.2929          0.3676          0.0298
  296          0.0639          0.3091          0.2915          0.0558
  297          0.0887          0.2965          0.3210          0.0529
  298          0.1803          0.2925          0.3627          0.0332
  299          0.1741          0.2661          0.4030          0.0349
  300          0.1078          0.3175          0.2866          0.0499
  301          0.1795          0.3497          0.2541          0.0334
  302          0.2134          0.3880          0.1860          0.0227
  303          0.2270          0.3656          0.2528          0.0180
  304          0.2119          0.2489          0.4472          0.0232
  305          0.2108          0.3277          0.3176          0.0236
  306          0.1015          0.2945          0.3283          0.0509
  307          0.0480          0.3012          0.3042          0.0572
  308          0.0563          0.2891          0.3278          0.0565
  309          0.1804          0.3236          0.3073          0.0331
  310          0.2131          0.2473          0.4503          0.0228
  311          0.1285          0.3042          0.3196          0.0460
  312          0.0274          0.3028          0.2988          0.0584
  313          0.2232          0.2763          0.4114          0.0193
  314          0.1767          0.3484          0.2551          0.0342
  315          0.1926          0.2895          0.3739          0.0295
  316          0.1489          0.3576          0.2168          0.0415
  317          0.0942          0.3181          0.2811          0.0521
  318          0.2045          0.3000          0.3627          0.0257
  319          0.0689          0.3155          0.2798          0.0553
  320          0.0911          0.2822          0.3472          0.0525
  321          0.1061          0.3352          0.2489          0.0502
  322          0.0330          0.3002          0.3042          0.0582
  323          0.0706          0.3052          0.3005          0.0551
  324          0.1211          0.2691          0.3779          0.0474
  325          0.1292          0.2917          0.3422          0.0458
  326          0.0408          0.2972          0.3108          0.0577
  327          0.0508          0.3106          0.2863          0.0570
  328          0.2244          0.2946          0.3830          0.0189
  329          0.0131          0.2970          0.3090          0.0589
  330          0.0848          0.3025          0.3090          0.0534
  331          0.2373          0.3451          0.3024          0.0142
  332          0.0987          0.3336          0.2498          0.0514
  333          0.2164          0.2702          0.4172          0.0217
  334          0.1684          0.2881          0.3646          0.0365
  335          0.1129          0.3176          0.2883          0.0490
  336          0.0657          0.2835          0.3394          0.0556
  337          0.1069          0.3015          0.3171          0.0500
  338          0.0246          0.3006          0.3027          0.0585
  339          0.1206          0.3436          0.2359          0.0476
  340          0.2080          0.2862          0.3874          0.0246
  341          0.2015          0.3578          0.2509          0.0267
  342          0.0275          0.2932          0.3170          0.0584
  343          0.0656          0.2922          0.3239          0.0557
  344          0.0711          0.2941          0.3214          0.0551
  345          0.2358          0.3998          0.1749          0.0148
  346          0.1603          0.3643          0.2072          0.0386
  347          0.0601          0.3068          0.2954          0.0562
  348          0.0768          0.2803          0.3472          0.0544
  349          0.0693          0.2793          0.3475          0.0553
  350          0.1149          0.3022          0.3183          0.0486
  351          0.0682          0.2831          0.3407          0.0554
  352          0.2035          0.3305          0.3078          0.0260
  353          0.2008          0.3165          0.3319          0.0269
  354          0.0746          0.3050          0.3019          0.0547
  355          0.1284          0.3137          0.3017          0.0460
  356          0.0409          0.3148          0.2764          0.0577
  357          0.1749          0.2977          0.3513          0.0347
  358          0.2224          0.3237          0.3321          0.0196
  359          0.0004          0.3011          0.3008          0.0590
  360          0.1190          0.2852          0.3501          0.0478
  361          0.1014          0.3182          0.2833          0.0509
  362          0.0199          0.2976          0.3082          0.0587
  363          0.2025          0.3745          0.2124          0.0263
  364          0.1055          0.2878          0.3414          0.0503
  365          0.1458          0.2756          0.3758          0.0422
  366          0.1198          0.3413          0.2408          0.0477
  367          0.1670          0.2946          0.3528          0.0369
  368          0.0724          0.2898          0.3294          0.0549
  369          0.0685          0.3250          0.2600          0.0553
  370          0.0641          0.2813          0.3430          0.0558
  371          0.1296          0.2742          0.3723          0.0457
  372          0.2456          0.3558          0.2877          0.0111
  373          0.1806          0.3192          0.3157          0.0331
  374          0.0739          0.3280          0.2549          0.0547
  375          0.1791          0.3595          0.2315          0.0335
  376          0.1156          0.3056          0.3123          0.0485
  377          0.0704          0.3265          0.2572          0.0551
  378          0.1541          0.2713          0.3862          0.0402
  379          0.1620          0.2901          0.3582          0.0382
  380          0.0217          0.3085          0.2872          0.0586
  381          0.1869          0.2780          0.3899          0.0312
  382          0.1014          0.2911          0.3343          0.0509
  383          0.0745          0.3253          0.2607          0.0547
  384          0.1288          0.3200          0.2897          0.0459
  385          0.0393          0.3125          0.2809          0.0578
  386          0.1638          0.2995          0.3429          0.0377
  387          0.1618          0.2625          0.4034          0.0382
  388          0.0968          0.2842          0.3453          0.0517
  389          0.1251          0.3248          0.2786          0.0467
  390          0.1247          0.3423          0.2407          0.0467
  391          0.1243          0.2822          0.3569          0.0468
  392          0.1111          0.3163          0.2903          0.0493
  393          0.1312          0.2980          0.3319          0.0454
  394          0.1636          0.3428          0.2594          0.0378
  395          0.1436          0.3076          0.3193          0.0427
  396          0.0409          0.2986          0.3082          0.0577
  397          0.0847          0.2974          0.3185          0.0534
  398          0.1687          0.2734          0.3889          0.0364
  399          0.1048          0.3320          0.2555          0.0504
  400          0.0522          0.2886          0.3282          0.0569
  401          0.2262          0.3202          0.3407          0.0182
  402          0.1033          0.3313          0.2566          0.0506
  403          0.2021          0.3661          0.2325          0.0265
  404          0.2010          0.3149          0.3349          0.0268
  405          0.1201          0.2998          0.3246          0.0477
  406          0.0821          0.2835          0.3429          0.0537
  407          0.1479          0.3043          0.3272          0.0417
  408          0.0750          0.2810          0.3457          0.0546
  409          0.1273          0.2717          0.3756          0.0462
  410          0.0586          0.2881          0.3300          0.0563
  411          0.0906          0.3288          0.2576          0.0526
  412          0.1134          0.3102          0.3029          0.0489
  413          0.1270          0.2819          0.3584          0.0463
  414          0.0766          0.3232          0.2657          0.0544
  415          0.1460          0.2799          0.3689          0.0421
  416          0.0983          0.3319          0.2535          0.0514
  417          0.1816          0.2539          0.4252          0.0328
  418          0.0952          0.3063          0.3047          0.0519
  419          0.0446          0.2991          0.3078          0.0575
  420          0.1755          0.2630          0.4085          0.0345
  421          0.1774          0.3337          0.2862          0.0340
  422          0.1813          0.3425          0.2705          0.0329
  423          0.0707          0.2840          0.3396          0.0551
  424          0.1206          0.3337          0.2580          0.0475
  425          0.1667          0.3610          0.2197          0.0369
  426          0.0651          0.2994          0.3105          0.0557
  427          0.0205          0.3044          0.2951          0.0587
  428          0.0832          0.3007          0.3119          0.0536
  429          0.1237          0.2915          0.3407          0.0469
  430          0.1112          0.3181          0.2868          0.0493
  431          0.1819          0.2572          0.4203          0.0327
  432          0.1585          0.3170          0.3086          0.0391
  433          0.1272          0.2861          0.3513          0.0463
  434          0.0371          0.3023          0.3006          0.0579
  435          0.1142          0.3031          0.3165          0.0488
  436          0.1628          0.2748          0.3842          0.0380
  437          0.0826          0.2982          0.3165          0.0537
  438          0.1181          0.2921          0.3377          0.0480
  439          0.1213          0.3424          0.2389          0.0474
  440          0.0686          0.2840          0.3392          0.0553
  441          0.1946          0.3575          0.2468          0.0289
  442          0.1242          0.2764          0.3669          0.0469
  443          0.1311          0.2668          0.3849          0.0454
  444          0.2275          0.3775          0.2259          0.0178
  445          0.1397          0.3164          0.3012          0.0436
  446          0.1959          0.2678          0.4105          0.0285
  447          0.1905          0.2820          0.3852          0.0301
  448          0.1193          0.2796          0.3598          0.0478
  449          0.0203          0.2982          0.3071          0.0587
  450          0.0949          0.3097          0.2980          0.0519
  451          0.0704          0.2895          0.3297          0.0551
  452          0.0728          0.2824          0.3428          0.0549
  453          0.1489          0.3225          0.2935          0.0415
  454          0.1924          0.3342          0.2939          0.0295
  455          0.0723          0.2908          0.3278          0.0549
  456          0.1176          0.2955          0.3315          0.0481
  457          0.1798          0.2646          0.4079          0.0333
  458          0.1211          0.2921          0.3388          0.0475
  459          0.1410          0.3069          0.3196          0.0433
  460          0.1142          0.2715          0.3718          0.0487
  461          0.1360          0.3490          0.2306          0.0444
  462          0.0910          0.3330          0.2487          0.0525
  463          0.1313          0.3094          0.3110          0.0454
  464          0.0079          0.3015          0.3002          0.0590
  465          0.2092          0.3835          0.1945          0.0241
  466          0.0548          0.3145          0.2790          0.0567
  467          0.1143          0.2978          0.3263          0.0487
  468          0.1273          0.2794          0.3629          0.0462
  469          0.1524          0.2587          0.4057          0.0406
  470          0.1585          0.2677          0.3938          0.0391
  471          0.1098          0.3029          0.3153          0.0495
  472          0.2136          0.2936          0.3784          0.0227
  473          0.0887          0.3224          0.2707          0.0529
  474          0.1715          0.3356          0.2790          0.0356
  475          0.0475          0.3026          0.3015          0.0573
  476          0.1793          0.3065          0.3380          0.0334
  477          0.1339          0.3326          0.2660          0.0449
  478          0.1969          0.3758          0.2045          0.0281
  479          0.2060          0.3837          0.1910          0.0252
  480          0.1772          0.3218          0.3090          0.0340
  481          0.2075          0.2902          0.3806          0.0247
  482          0.0767          0.3062          0.2999          0.0544
  483          0.1814          0.2982          0.3536          0.0328
  484          0.0851          0.3153          0.2841          0.0533
  485          0.1410          0.2745          0.3758          0.0433
  486          0.1193          0.2824          0.3550          0.0478
  487          0.2208          0.2731          0.4150          0.0202
  488          0.2130          0.2553          0.4382          0.0229
  489          0.1787          0.3147          0.3230          0.0336
  490          0.0843          0.2974          0.3183          0.0535
  491          0.1524          0.2979          0.3406          0.0406
  492          0.1609          0.3327          0.2790          0.0385
  493          0.0913          0.2776          0.3553          0.0525
  494          0.1819          0.2991          0.3523          0.0327
  495          0.1520          0.3182          0.3032          0.0407
  496          0.1241          0.2767          0.3662          0.0469
  497          0.0957          0.3215          0.2747          0.0518
  498          0.1181          0.3459          0.2293          0.0480
  499          0.1942          0.3207          0.3205          0.0290
  500          0.1960          0.3322          0.2999          0.0284
  501          0.0717          0.2948          0.3202          0.0550
  502          0.0787          0.3132          0.2867          0.0542
  503          0.1743          0.3466          0.2576          0.0349
  504          0.1660          0.3632          0.2138          0.0371
  505          0.1470          0.3208          0.2959          0.0419
  506          0.1518          0.3473          0.2429          0.0407
  507          0.1277          0.3136          0.3017          0.0462
  508          0.1407          0.3335          0.2673          0.0433
  509          0.2171          0.3228          0.3303          0.0215
  510          0.1272          0.2994          0.3279          0.0463
  511          0.1885          0.3276          0.3043          0.0307
  512          0.1582          0.3139          0.3142          0.0392
  513          0.0840          0.3244          0.2653          0.0535
  514          0.1025          0.3272          0.2650          0.0508
  515          0.1249          0.2915          0.3410          0.0467
  516          0.0611          0.2937          0.3204          0.0561
  517          0.0059          0.3029          0.2976          0.0590
  518          0.0776          0.2983          0.3150          0.0543
  519          0.0327          0.3116          0.2819          0.0582
  520          0.0784          0.2847          0.3399          0.0542
  521          0.0619          0.2812          0.3428          0.0560
  522          0.1773          0.2833          0.3766          0.0340
  523          0.0325          0.3124          0.2802          0.0582
  524          0.1606          0.3080          0.3263          0.0386
  525          0.1561          0.3457          0.2489          0.0397
  526          0.1302          0.2953          0.3364          0.0456
  527          0.1977          0.3487          0.2680          0.0279
  528          0.1551          0.3248          0.2920          0.0399
  529          0.1876          0.3744          0.2005          0.0310
  530          0.1992          0.2839          0.3865          0.0274
  531          0.1359          0.2716          0.3788          0.0444
  532          0.1397          0.3100          0.3133          0.0436
  533          0.0850          0.2940          0.3248          0.0534
  534          0.1726          0.3493          0.2506          0.0353
  535          0.1542          0.3357          0.2695          0.0402
  536          0.2390          0.3130          0.3612          0.0136
  537          0.1074          0.3152          0.2911          0.0499
  538          0.0891          0.2902          0.3326          0.0528
  539          0.1084          0.2916          0.3355          0.0498
  540          0.0606          0.2879          0.3308          0.0561
  541          0.1421          0.3555          0.2182          0.0430
  542          0.0219          0.3067          0.2907          0.0586
  543          0.1720          0.3254          0.2995          0.0355
  544          0.0808          0.3249          0.2632          0.0539
  545          0.0887          0.2897          0.3334          0.0529
  546          0.0793          0.2762          0.3549          0.0541
  547          0.0517          0.3084          0.2907          0.0569
  548          0.1293          0.3237          0.2825          0.0458
  549          0.2294          0.3653          0.2554          0.0171
  550          0.1558          0.2822          0.3689          0.0398
  551          0.1706          0.2941          0.3553          0.0359
  552          0.1284          0.3232          0.2830          0.0460
  553          0.1129          0.2788          0.3591          0.0490
  554          0.1185          0.2915          0.3390          0.0479
  555          0.1409          0.3447          0.2430          0.0433
  556          0.1839          0.3595          0.2349          0.0321
  557          0.1022          0.3237          0.2722          0.0508
  558          0.1058          0.2700          0.3718          0.0502
  559          0.1553          0.3294          0.2828          0.0399
  560          0.1130          0.3244          0.2746          0.0490
  561          0.2128          0.2482          0.4488          0.0229
  562          0.2101          0.2932          0.3772          0.0238
  563          0.0837          0.2828          0.3444          0.0535
  564          0.0113          0.3010          0.3013          0.0589
  565          0.1442          0.3183          0.2995          0.0426
  566          0.1974          0.2583          0.4259          0.0280
  567          0.0903          0.3103          0.2954          0.0526
  568          0.1961          0.3511          0.2618          0.0284
  569          0.1140          0.3276          0.2683          0.0488
  570          0.0492          0.3066          0.2940          0.0571
  571          0.1382          0.2783          0.3686          0.0439
  572          0.0906          0.2870          0.3387          0.0526
  573          0.0623          0.3023          0.3044          0.0560
  574          0.0960          0.2727          0.3647          0.0518
  575          0.2149          0.3912          0.1782          0.0222
  576          0.2119          0.2895          0.3842          0.0232
  577          0.1469          0.2855          0.3598          0.0419
  578          0.1452          0.2797          0.3689          0.0423
  579          0.1714          0.2916          0.3600          0.0357
  580          0.1606          0.2624          0.4031          0.0385
  581          0.1376          0.2875          0.3526          0.0440
  582          0.1075          0.3218          0.2779          0.0499
  583          0.0649          0.3090          0.2919          0.0557
  584          0.2087          0.2472          0.4482          0.0243
  585          0.0165          0.3029          0.2978          0.0588
  586          0.2276          0.3620          0.2613          0.0177
  587          0.0656          0.3012          0.3071          0.0557
  588          0.1783          0.3495          0.2537          0.0337
  589          0.0765          0.2935          0.3237          0.0544
  590          0.2126          0.2566          0.4360          0.0230
  591          0.1394          0.3520          0.2251          0.0436
  592          0.0516          0.2952          0.3159          0.0569
  593          0.0925          0.2870          0.3391          0.0523
  594          0.1525          0.2764          0.3772          0.0406
  595          0.2047          0.2547          0.4350          0.0256
  596          0.1019          0.3247          0.2701          0.0509
  597          0.1763          0.2523          0.4255          0.0343
  598          0.1649          0.3567          0.2288          0.0374
  599          0.2025          0.3515          0.2653          0.0263
  600          0.1724          0.3636          0.2171          0.0354
  601          0.0259          0.3041          0.2961          0.0585
  602          0.0519          0.3092          0.2892          0.0569
  603          0.1250          0.2651          0.3857          0.0467
  604          0.1227          0.3044          0.3171          0.0471
  605          0.0675          0.3072          0.2961          0.0555
  606          0.0918          0.3057          0.3048          0.0524
  607          0.1439          0.2973          0.3380          0.0426
  608          0.1108          0.2887          0.3413          0.0493
  609          0.0494          0.2932          0.3193          0.0571
  610          0.1301          0.2802          0.3624          0.0457
  611          0.0590          0.2853          0.3352          0.0563
  612          0.1044          0.2840          0.3478          0.0504
  613          0.1437          0.2787          0.3698          0.0427
  614          0.0931          0.2947          0.3256          0.0522
  615          0.0609          0.2912          0.3249          0.0561
  616          0.2264          0.2803          0.4069          0.0182
  617          0.1008          0.2826          0.3491          0.0510
  618          0.1181          0.3227          0.2800          0.0480
  619          0.1794          0.3101          0.3317          0.0334
  620          0.0324          0.3086          0.2879          0.0582
  621          0.1154          0.2819          0.3547          0.0485
  622          0.1027          0.3013          0.3161          0.0507
  623          0.1393          0.3066          0.3194          0.0437
  624          0.0973          0.3027          0.3120          0.0516
  625          0.2089          0.2715          0.4113          0.0242
  626          0.0409          0.3094          0.2873          0.0577
  627          0.1957          0.3190          0.3245          0.0285
  628          0.0974          0.3173          0.2837          0.0516
  629          0.1049          0.3295          0.2610          0.0504
  630          0.1651          0.2786          0.3788          0.0374
  631          0.1211          0.3150          0.2963          0.0475
  632          0.0322          0.3057          0.2937          0.0582
  633          0.0518          0.3149          0.2778          0.0569
  634          0.1543          0.3067          0.3258          0.0401
  635          0.0980          0.2857          0.3429          0.0515
  636          0.1043          0.3152          0.2901          0.0505
  637          0.0746          0.2944          0.3216          0.0547
  638          0.0717          0.3013          0.3082          0.0550
  639          0.1406          0.3276          0.2796          0.0434
  640          0.0857          0.3201          0.2746          0.0533
  641          0.0654          0.3036          0.3024          0.0557
  642          0.0859          0.3247          0.2650          0.0532
  643          0.1619          0.3441          0.2557          0.0382
  644          0.0389          0.3073          0.2912          0.0578
  645          0.0446          0.3023          0.3016          0.0575
  646          0.0176          0.3006          0.3024          0.0588
  647          0.0115          0.3016          0.3001          0.0589
  648          0.1894          0.3278          0.3044          0.0305
  649          0.1458          0.2921          0.3479          0.0422
  650          0.1655          0.3633          0.2131          0.0373
  651          0.1626          0.2885          0.3612          0.0380
  652          0.2442          0.3381          0.3206          0.0116
  653          0.0273          0.3079          0.2888          0.0584
  654          0.2047          0.3291          0.3112          0.0256
  655          0.1259          0.2946          0.3360          0.0465
  656          0.1818          0.3420          0.2718          0.0327
  657          0.1469          0.3094          0.3175          0.0419
  658          0.1023          0.3005          0.3174          0.0508
  659          0.0802          0.2998          0.3129          0.0540
  660          0.1065          0.3126          0.2959          0.0501
  661          0.1200          0.2841          0.3523          0.0477
  662          0.1449          0.3101          0.3153          0.0424
  663          0.1480          0.3131          0.3111          0.0417
  664          0.0534          0.2906          0.3247          0.0568
  665          0.0520          0.2925          0.3211          0.0569
  666          0.1249          0.3182          0.2916          0.0467
  667          0.0282          0.3081          0.2884          0.0584
  668          0.1113          0.3299          0.2624          0.0493
  669          0.0629          0.3116          0.2864          0.0559
  670          0.1825          0.3672          0.2153          0.0325
  671          0.1706          0.3117          0.3244          0.0359
  672          0.1199          0.3006          0.3231          0.0477
  673          0.0392          0.2991          0.3070          0.0578
  674          0.0179          0.3072          0.2896          0.0588
  675          0.1656          0.3572          0.2282          0.0372
  676          0.1348          0.2804          0.3637          0.0447
  677          0.0550          0.3122          0.2837          0.0566
  678          0.1745          0.2781          0.3838          0.0348
  679          0.1147          0.3365          0.2494          0.0487
  680          0.1604          0.3431          0.2571          0.0386
  681          0.0510          0.3075          0.2924          0.0570
  682          0.0332          0.3094          0.2863          0.0582
  683          0.0311          0.2939          0.3159          0.0583
  684          0.1769          0.3615          0.2252          0.0341
  685          0.1703          0.3041          0.3378          0.0360
  686          0.1426          0.2777          0.3711          0.0429
  687          0.1723          0.2947          0.3552          0.0354
  688          0.1212          0.3405          0.2431          0.0474
  689          0.0396          0.3057          0.2945          0.0578
  690          0.1762          0.3517          0.2474          0.0343
  691          0.0921          0.2743          0.3611          0.0524
  692          0.0560          0.2894          0.3272          0.0566
  693          0.0482          0.2977          0.3107          0.0572
  694          0.2289          0.3030          0.3717          0.0173
  695          0.0449          0.3066          0.2932          0.0574
  696          0.1387          0.2691          0.3839          0.0438
  697          0.0337          0.3010          0.3027          0.0581
  698          0.1024          0.2702          0.3705          0.0508
  699          0.2131          0.3055          0.3582          0.0228
  700          0.1416          0.2625          0.3955          0.0432
  701          0.1934          0.3758          0.2015          0.0292
  702          0.1796          0.2940          0.3599          0.0334
  703          0.1443          0.3246          0.2872          0.0425
  704          0.1237          0.2753          0.3685          0.0470
  705          0.1876          0.3422          0.2749          0.0310
  706          0.1412          0.3174          0.3000          0.0432
  707          0.0431          0.3023          0.3013          0.0576
  708          0.2412          0.2406          0.4747          0.0128
  709          0.2187          0.3687          0.2393          0.0209
  710          0.1452          0.3562          0.2182          0.0423
  711          0.1836          0.3165          0.3223          0.0322
  712          0.0490          0.3110          0.2852          0.0571
  713          0.0890          0.2786          0.3529          0.0528
  714          0.1498          0.3179          0.3028          0.0412
  715          0.2028          0.3773          0.2055          0.0262
  716          0.0491          0.2952          0.3157          0.0571
  717          0.0242          0.3011          0.3018          0.0586
  718          0.1454          0.3139          0.3084          0.0423
  719          0.1363          0.2798          0.3653          0.0443
  720          0.1107          0.2778          0.3601          0.0494
  721          0.1564          0.2863          0.3623          0.0396
  722          0.0925          0.2883          0.3369          0.0523
  723          0.1063          0.3160          0.2891          0.0501
  724          0.0338          0.3018          0.3012          0.0581
  725          0.2026          0.2931          0.3731          0.0263
  726          0.0726          0.3226          0.2660          0.0549
  727          0.1017          0.3359          0.2458          0.0509
  728          0.0432          0.2966          0.3123          0.0576
  729          0.1502          0.2749          0.3788          0.0411
  730          0.1264          0.3160          0.2964          0.0464
  731          0.1542          0.3003          0.3372          0.0402
  732          0.1057          0.2763          0.3612          0.0502
  733          0.1579          0.2613          0.4036          0.0392
  734          0.1734          0.2842          0.3733          0.0351
  735          0.0588          0.3107          0.2875          0.0563
  736          0.0501          0.2881          0.3287          0.0571
  737          0.1519          0.2669          0.3924          0.0407
  738          0.2486          0.3873          0.2215          0.0099
  739          0.1165          0.2921          0.3371          0.0483
  740          0.1271          0.3139          0.3007          0.0463
  741          0.1491          0.3241          0.2904          0.0414
  742          0.1538          0.3519          0.2334          0.0403
  743          0.1481          0.2912          0.3504          0.0416
  744          0.1626          0.2850          0.3672          0.0380
  745          0.1406          0.3296          0.2754          0.0434
  746          0.0510          0.3144          0.2787          0.0570
  747          0.0681          0.2942          0.3207          0.0554
  748          0.2093          0.2962          0.3717          0.0241
  749          0.0263          0.3044          0.2955          0.0585
  750          0.0625          0.3149          0.2797          0.0560
  751          0.1379          0.2741          0.3754          0.0440
  752          0.1314          0.3506          0.2244          0.0454
  753          0.1507          0.3223          0.2947          0.0410
  754          0.0250          0.3007          0.3026          0.0585
  755          0.1387          0.2612          0.3967          0.0438
  756          0.0283          0.3036          0.2974          0.0584
  757          0.1702          0.3286          0.2923          0.0360
  758          0.0462          0.3142          0.2783          0.0573
  759          0.1878          0.2600          0.4187          0.0309
  760          0.0474          0.2995          0.3073          0.0573
  761          0.0448          0.3052          0.2961          0.0574
  762          0.1209          0.3472          0.2274          0.0475
  763          0.2122          0.2957          0.3741          0.0231
  764          0.2246          0.3604          0.2622          0.0188
  765          0.1993          0.3018          0.3569          0.0274
  766          0.1783          0.2669          0.4036          0.0337
  767          0.1908          0.3565          0.2463          0.0300
  768          0.0541          0.2993          0.3087          0.0567
  769          0.1687          0.3587          0.2266          0.0364
  770          0.1157          0.3059          0.3117          0.0485
  771          0.2013          0.2841          0.3872          0.0267
  772          0.1067          0.3049          0.3107          0.0501
  773          0.0854          0.2818          0.3465          0.0533
  774          0.1990          0.3349          0.2966          0.0275
  775          0.1090          0.2747          0.3649          0.0497
  776          0.0931          0.3014          0.3132          0.0522
  777          0.2181          0.3357          0.3073          0.0211
  778          0.0515          0.3176          0.2721          0.0569
  779          0.1600          0.2832          0.3691          0.0387
  780          0.2080          0.3852          0.1887          0.0245
  781          0.1312          0.2625          0.3919          0.0454
  782          0.1882          0.3503          0.2583          0.0308
  783          0.2038          0.2845          0.3879          0.0259
  784          0.0786          0.3038          0.3050          0.0542
  785          0.0387          0.2903          0.3233          0.0578
  786          0.1366          0.3276          0.2777          0.0443
  787          0.2166          0.2480          0.4510          0.0216
  788          0.1673          0.3236          0.3004          0.0368
  789          0.1453          0.2857          0.3587          0.0423
  790          0.1665          0.3068          0.3312          0.0370
  791          0.2047          0.3374          0.2953          0.0256
  792          0.1503          0.2746          0.3794          0.0411
  793          0.1706          0.2892          0.3638          0.0359
  794          0.1107          0.2969          0.3267          0.0494
  795          0.1797          0.3432          0.2681          0.0333
  796          0.1102          0.3263          0.2695          0.0495
  797          0.1409          0.3190          0.2967          0.0433
  798          0.1855          0.3587          0.2379          0.0316
  799          0.1926          0.3214          0.3184          0.0295
  800          0.1683          0.3345          0.2794          0.0365
  801          0.1010          0.2889          0.3381          0.0510
  802          0.2279          0.2453          0.4607          0.0177
  803          0.0855          0.3273          0.2595          0.0533
  804          0.0737          0.2878          0.3333          0.0548
  805          0.0540          0.3149          0.2781          0.0567
  806          0.1054          0.3087          0.3030          0.0503
  807          0.0332          0.3058          0.2934          0.0581
  808          0.1147          0.3085          0.3065          0.0487
  809          0.1989          0.3095          0.3432          0.0275
  810          0.0459          0.2953          0.3149          0.0574
  811          0.0809          0.2817          0.3458          0.0539
  812          0.0348          0.2935          0.3171          0.0581
  813          0.2260          0.2605          0.4372          0.0183
  814          0.0990          0.3345          0.2480          0.0513
  815          0.1911          0.3014          0.3530          0.0299
  816          0.0508          0.2977          0.3112          0.0570
  817          0.1751          0.3423          0.2672          0.0346
  818          0.1856          0.3001          0.3525          0.0316
  819          0.0427          0.2975          0.3105          0.0576
  820          0.0398          0.3092          0.2875          0.0578
  821          0.1929          0.3444          0.2737          0.0294
  822          0.0467          0.2944          0.3168          0.0573
  823          0.0992          0.3268          0.2647          0.0513
  824          0.2115          0.2748          0.4075          0.0234
  825          0.1867          0.3062          0.3425          0.0313
  826          0.1430          0.3228          0.2901          0.0428
  827          0.0355          0.3107          0.2841          0.0580
  828          0.1447          0.3323          0.2718          0.0424
  829          0.2074          0.3611          0.2478          0.0247
  830          0.1936          0.3148          0.3308          0.0292
  831          0.1409          0.3011          0.3301          0.0433
  832          0.2167          0.2451          0.4553          0.0216
  833          0.0769          0.2808          0.3465          0.0544
  834          0.0832          0.2867          0.3374          0.0536
  835          0.1105          0.2740          0.3665          0.0494
  836          0.0283          0.3052          0.2941          0.0584
  837          0.0716          0.2988          0.3129          0.0550
  838          0.2057          0.3496          0.2714          0.0253
  839          0.2121          0.3063          0.3563          0.0232
  840          0.1524          0.3182          0.3034          0.0406
  841          0.1913          0.2637          0.4146          0.0299
  842          0.1818          0.2517          0.4287          0.0327
  843          0.0524          0.3053          0.2969          0.0569
  844          0.2138          0.3269          0.3208          0.0226
  845          0.1128          0.3211          0.2813          0.0490
  846          0.0782          0.2834          0.3421          0.0542
  847          0.1572          0.2892          0.3577          0.0394
  848          0.0714          0.2932          0.3232          0.0550
  849          0.1161          0.3255          0.2734          0.0484
  850          0.0751          0.2875          0.3342          0.0546
  851          0.1724          0.3109          0.3266          0.0354
  852          0.1590          0.2945          0.3493          0.0390
  853          0.1005          0.2952          0.3266          0.0511
  854          0.0562          0.3185          0.2711          0.0565
  855          0.2011          0.2701          0.4095          0.0268
  856          0.1081          0.3165          0.2888          0.0498
  857          0.1848          0.3281          0.3013          0.0318
  858          0.2156          0.3815          0.2056          0.0220
  859          0.1264          0.2880          0.3478          0.0464
  860          0.2106          0.2557          0.4364          0.0237
  861          0.2338          0.3942          0.1889          0.0155
  862          0.1886          0.3227          0.3136          0.0307
  863          0.1490          0.2846          0.3621          0.0414
  864          0.1983          0.2731          0.4033          0.0277
  865          0.1934          0.3257          0.3108          0.0292
  866          0.0885          0.2908          0.3314          0.0529
  867          0.0819          0.2847          0.3407          0.0538
  868          0.0938          0.3295          0.2571          0.0521
  869          0.1876          0.2878          0.3741          0.0310
  870          0.0424          0.2895          0.3251          0.0576
  871          0.1451          0.2800          0.3684          0.0423
  872          0.0685          0.3122          0.2863          0.0554
  873          0.0935          0.3178          0.2816          0.0522
  874          0.1559          0.3401          0.2610          0.0397
  875          0.1359          0.2752          0.3728          0.0444
  876          0.1599          0.3011          0.3383          0.0387
  877          0.0889          0.2996          0.3155          0.0528
  878          0.1588          0.3027          0.3349          0.0390
  879          0.0999          0.2710          0.3686          0.0512
  880          0.2149          0.3461          0.2848          0.0222
  881          0.1261          0.3300          0.2681          0.0465
  882          0.1717          0.2696          0.3964          0.0356
  883          0.0249          0.2976          0.3085          0.0585
  884          0.0905          0.3054          0.3050          0.0526
  885          0.2095          0.3075          0.3527          0.0240
  886          0.1024          0.2987          0.3209          0.0508
  887          0.1580          0.3640          0.2063          0.0392
  888          0.0959          0.3277          0.2617          0.0518
  889          0.0733          0.3163          0.2791          0.0548
  890          0.1381          0.2667          0.3876          0.0439
  891          0.1647          0.3297          0.2872          0.0375
  892          0.1274          0.3397          0.2477          0.0462
  893          0.0777          0.2982          0.3153          0.0543
  894          0.0756          0.3055          0.3010          0.0545
  895          0.0938          0.2924          0.3299          0.0521
  896          0.1346          0.2610          0.3954          0.0447
  897          0.1385          0.2744          0.3751          0.0438
  898          0.1032          0.3315          0.2560          0.0506
  899          0.1840          0.3541          0.2472          0.0321
  900          0.0821          0.3093          0.2952          0.0537
  901          0.0973          0.2996          0.3178          0.0516
  902          0.1374          0.3479          0.2338          0.0441
  903          0.1941          0.3004          0.3564          0.0290
  904          0.0985          0.3292          0.2595          0.0514
  905          0.0957          0.3265          0.2643          0.0518
  906          0.1963          0.2956          0.3657          0.0283
  907          0.0539          0.3045          0.2987          0.0567
  908          0.1511          0.3543          0.2262          0.0409
  909          0.0890          0.3325          0.2490          0.0528
  910          0.2027          0.3061          0.3513          0.0263
  911          0.1716          0.2760          0.3861          0.0356
  912          0.1907          0.3139          0.3309          0.0300
  913          0.1127          0.2845          0.3492          0.0490
  914          0.0901          0.2764          0.3571          0.0526
  915          0.0758          0.2937          0.3231          0.0545
  916          0.1860          0.2693          0.4033          0.0315
  917          0.1826          0.2504          0.4311          0.0325
  918          0.1485          0.3576          0.2167          0.0416
  919          0.2237          0.3769          0.2242          0.0191
  920          0.2007          0.3297          0.3076          0.0269
  921          0.0793          0.2795          0.3492          0.0541
  922          0.1387          0.2911          0.3468          0.0438
  923          0.1841          0.3297          0.2978          0.0320
  924          0.1684          0.2684          0.3969          0.0365
  925          0.1406          0.3351          0.2640          0.0434
  926          0.1487          0.3180          0.3021          0.0415
  927          0.1821          0.2577          0.4197          0.0326
  928          0.0655          0.3125          0.2851          0.0557
  929          0.0829          0.2902          0.3312          0.0536
  930          0.1436          0.2829          0.3629          0.0427
  931          0.1974          0.3546          0.2552          0.0280
  932          0.1047          0.2742          0.3645          0.0504
  933          0.0484          0.2919          0.3216          0.0572
  934          0.1926          0.3031          0.3509          0.0295
  935          0.1265          0.2745          0.3707          0.0464
  936          0.1070          0.2753          0.3633          0.0500
  937          0.1780          0.2578          0.4176          0.0338
  938          0.1202          0.3304          0.2648          0.0476
  939          0.1472          0.3341          0.2692          0.0419
  940          0.0236          0.2980          0.3076          0.0586
  941          0.1309          0.3344          0.2610          0.0455
  942          0.0993          0.2953          0.3261          0.0513
  943          0.0332          0.3049          0.2951          0.0582
  944          0.1056          0.3207          0.2795          0.0502
  945          0.0669          0.3200          0.2702          0.0555
  946          0.1682          0.2858          0.3682          0.0365
  947          0.0273          0.2926          0.3179          0.0584
  948          0.0740          0.2915          0.3268          0.0547
  949          0.1529          0.3161          0.3078          0.0405
  950          0.1261          0.2816          0.3587          0.0465
  951          0.1443          0.3020          0.3299          0.0425
  952          0.1034          0.3180          0.2842          0.0506
  953          0.1389          0.3353          0.2627          0.0438
  954          0.1602          0.2841          0.3676          0.0386
  955          0.2144          0.3095          0.3520          0.0224
  956          0.0336          0.3099          0.2854          0.0581
  957          0.2432          0.2993          0.3866          0.0120
  958          0.0456          0.2983          0.3093          0.0574
  959          0.1114          0.3188          0.2854          0.0493
  960          0.0061          0.3004          0.3024          0.0590
  961          0.1624          0.3066          0.3295          0.0381
  962          0.2316          0.3810          0.2211          0.0163
  963          0.0127          0.3000          0.3034          0.0589
  964          0.1765          0.2894          0.3661          0.0343
  965          0.1329          0.3496          0.2277          0.0451
  966          0.2058          0.2773          0.4005          0.0253
  967          0.0661          0.3041          0.3017          0.0556
  968          0.1019          0.3249          0.2696          0.0509
  969          0.0980          0.3147          0.2892          0.0515
  970          0.1140          0.2731          0.3690          0.0488
  971          0.0982          0.3199          0.2787          0.0514
  972          0.1468          0.3455          0.2444          0.0419
  973          0.1381          0.2687          0.3843          0.0439
  974          0.1992          0.2732          0.4036          0.0274
  975          0.1543          0.2893          0.3562          0.0401
  976          0.0361          0.3027          0.2999          0.0580
  977          0.0549          0.3192          0.2694          0.0567
  978          0.1205          0.2692          0.3775          0.0476
  979          0.0874          0.2842          0.3428          0.0530
  980          0.1585          0.3443          0.2534          0.0391
  981          0.1695          0.3515          0.2439          0.0362
  982          0.1447          0.2846          0.3604          0.0424
  983          0.2257          0.3060          0.3647          0.0185
  984          0.2435          0.2682          0.4353          0.0119
  985          0.0782          0.2920          0.3268          0.0542
  986          0.1376          0.2629          0.3934          0.0440
  987          0.1719          0.3664          0.2096          0.0355
  988          0.0756          0.3073          0.2976          0.0545
  989          0.1646          0.3412          0.2634          0.0375
  990          0.1579          0.3480          0.2448          0.0392
  991          0.1251          0.2647          0.3864          0.0467
  992          0.1498          0.2996          0.3365          0.0412
  993          0.1876          0.3164          0.3247          0.0310
  994          0.2063          0.3862          0.1842          0.0251
  995          0.1685          0.3612          0.2204          0.0364
  996          0.1570          0.3242          0.2939          0.0395
  997          0.1065          0.3268          0.2673          0.0501
  998          0.1071          0.3002          0.3196          0.0500
  999          0.0720          0.3098          0.2920          0.0550
 1000          0.1292          0.3402          0.2476          0.0458
 1001          0.1749          0.3206          0.3101          0.0347
 1002          0.1110          0.2737          0.3672          0.0493
 1003          0.1047          0.3143          0.2921          0.0504
 1004          0.1602          0.2626          0.4026          0.0386
 1005          0.1474          0.3088          0.3187          0.0418
 1006          0.1289          0.3178          0.2939          0.0459
 1007          0.0670          0.3037          0.3027          0.0555
 1008          0.2090          0.3614          0.2485          0.0242
 1009          0.1764          0.3632          0.2208          0.0343
 1010          0.1490          0.3342          0.2699          0.0414
 1011          0.1855          0.2958          0.3597          0.0316
 1012          0.1505          0.3251          0.2890          0.0411
 1013          0.0844          0.2775          0.3537          0.0534
 1014          0.1066          0.3046          0.3112          0.0501
 1015          0.1726          0.2566          0.4172          0.0353
 1016          0.0711          0.3229          0.2649          0.0551
 1017          0.0530          0.3053          0.2971          0.0568
 1018          0.0934          0.3279          0.2604          0.0522
 1019          0.1124          0.2733          0.3683          0.0491
 1020          0.1479          0.2716          0.3833          0.0417
 1021          0.2160          0.2691          0.4187          0.0218
 1022          0.1289          0.2661          0.3853          0.0459
 1023          0.1339          0.3013          0.3269          0.0448
 1024          0.1659          0.3523          0.2397          0.0372
 1025          0.1076          0.3035          0.3136          0.0499
 1026          0.1396          0.3373          0.2587          0.0436
 1027          0.1649          0.3388          0.2686          0.0374
 1028          0.0299          0.3108          0.2831          0.0583
 1029          0.1726          0.2855          0.3708          0.0353
 1030          0.2038          0.3101          0.3450          0.0259
 1031          0.0445          0.2887          0.3269          0.0575
 1032          0.0697          0.2926          0.3240          0.0552
 1033          0.1310          0.2826          0.3586          0.0455
 1034          0.0419          0.3148          0.2765          0.0576
 1035          0.2142          0.3180          0.3371          0.0225
 1036          0.0465          0.3089          0.2890          0.0573
 1037          0.1010          0.3047          0.3094          0.0510
 1038          0.1000          0.2767          0.3589          0.0512
 1039          0.0960          0.2861          0.3417          0.0518
 1040          0.0925          0.3132          0.2905          0.0523
 1041          0.2239          0.2685          0.4239          0.0191
 1042          0.0859          0.3091          0.2966          0.0532
 1043          0.1404          0.3361          0.2617          0.0434
 1044          0.1515          0.3055          0.3265          0.0408
 1045          0.1609          0.2908          0.3565          0.0385
 1046          0.0939          0.3130          0.2912          0.0521
 1047          0.0892          0.3294          0.2560          0.0528
 1048          0.1562          0.3213          0.2993          0.0397
 1049          0.1395          0.3048          0.3227          0.0436
 1050          0.1144          0.2678          0.3779          0.0487
 1051          0.1885          0.3018          0.3510          0.0307
 1052          0.1147          0.2958          0.3300          0.0487
 1053          0.1544          0.3050          0.3287          0.0401
 1054          0.2014          0.3188          0.3281          0.0267
 1055          0.0580          0.3057          0.2971          0.0564
 1056          0.2049          0.2800          0.3957          0.0256
 1057          0.0223          0.3043          0.2955          0.0586
 1058          0.1668          0.3080          0.3292          0.0369
 1059          0.1220          0.2733          0.3713          0.0473
 1060          0.1579          0.3593          0.2182          0.0392
 1061          0.1690          0.3249          0.2988          0.0363
 1062          0.1257          0.2826          0.3569          0.0465
 1063          0.0476          0.2915          0.3221          0.0572
 1064          0.0332          0.3119          0.2812          0.0582
 1065          0.1794          0.3298          0.2948          0.0334
 1066          0.1793          0.2515          0.4279          0.0334
 1067          0.0945          0.3290          0.2584          0.0520
 1068          0.1217          0.3131          0.3003          0.0473
 1069          0.1408          0.3003          0.3314          0.0433
 1070          0.1887          0.2805          0.3866          0.0307
 1071          0.2235          0.2872          0.3943          0.0192
 1072          0.0886          0.3241          0.2671          0.0529
 1073          0.0749          0.3128          0.2867          0.0546
 1074          0.1206          0.2801          0.3594          0.0476
 1075          0.0586          0.3004          0.3074          0.0563
 1076          0.0304          0.3083          0.2882          0.0583
 1077          0.1039          0.2760          0.3612          0.0505
 1078          0.0555          0.2951          0.3168          0.0566
 1079          0.1825          0.3213          0.3129          0.0325
 1080          0.1835          0.3429          0.2710          0.0322
 1081          0.1497          0.3574          0.2179          0.0412
 1082          0.0500          0.2886          0.3277          0.0571
 1083          0.0534          0.2973          0.3124          0.0568
 1084          0.1711          0.3484          0.2515          0.0358
 1085          0.0889          0.3100          0.2957          0.0528
 1086          0.0302          0.3041          0.2966          0.0583
 1087          0.1990          0.3609          0.2422          0.0275
 1088          0.0108          0.2995          0.3041          0.0589
 1089          0.1761          0.2907          0.3638          0.0343
 1090          0.0625          0.3046          0.3001          0.0560
 1091          0.1634          0.3526          0.2376          0.0378
 1092          0.1490          0.3446          0.2475          0.0414
 1093          0.1741          0.3041          0.3397          0.0349
 1094          0.0905          0.3300          0.2551          0.0526
 1095          0.1503          0.2924          0.3493          0.0411
 1096          0.2114          0.3686          0.2338          0.0234
 1097          0.1502          0.3344          0.2700          0.0411
 1098          0.2364          0.3104          0.3640          0.0145
 1099          0.1093          0.3069          0.3078          0.0496
 1100          0.1466          0.2897          0.3525          0.0420
 1101          0.1444          0.3130          0.3097          0.0425
 1102          0.0393          0.3060          0.2937          0.0578
 1103          0.1524          0.2624          0.3998          0.0406
 1104          0.0433          0.3010          0.3040          0.0576
 1105          0.1364          0.3144          0.3035          0.0443
 1106          0.1009          0.3182          0.2830          0.0510
 1107          0.1501          0.2646          0.3954          0.0412
 1108          0.1627          0.2705          0.3910          0.0380
 1109          0.1287          0.2668          0.3842          0.0459
 1110          0.0651          0.3110          0.2880          0.0557
 1111          0.0503          0.2925          0.3207          0.0570
 1112          0.0748          0.2956          0.3194          0.0546
 1113          0.2333          0.3079          0.3662          0.0157
 1114          0.0724          0.3011          0.3086          0.0549
 1115          0.1050          0.3165          0.2877          0.0503
 1116          0.1777          0.3306          0.2924          0.0339
 1117          0.0133          0.2984          0.3063          0.0589
 1118          0.1861          0.3453          0.2677          0.0314
 1119          0.1006          0.3296          0.2593          0.0511
 1120          0.0666          0.3042          0.3016          0.0555
 1121          0.1647          0.2633          0.4033          0.0375
 1122          0.1137          0.2843          0.3499          0.0488
 1123          0.2046          0.2456          0.4486          0.0257
 1124          0.0012          0.3014          0.3003          0.0590
 1125          0.0733          0.2904          0.3287          0.0548
 1126          0.1917          0.2785          0.3914          0.0298
 1127          0.2172          0.3847          0.1986          0.0214
 1128          0.1454          0.2623          0.3974          0.0423
 1129          0.1228          0.3004          0.3245          0.0471
 1130          0.2378          0.3992          0.1789          0.0140
 1131          0.0798          0.2981          0.3160          0.0540
 1132          0.1402          0.2919          0.3460          0.0435
 1133          0.0322          0.2945          0.3149          0.0582
 1134          0.0511          0.3072          0.2930          0.0570
 1135          0.0118          0.2973          0.3083          0.0589
 1136          0.0606          0.2929          0.3216          0.0561
 1137          0.0785          0.2907          0.3291          0.0542
 1138          0.1057          0.3264          0.2677          0.0502
 1139          0.0342          0.2927          0.3185          0.0581
 1140          0.2212          0.3077          0.3592          0.0200
 1141          0.1312          0.3269          0.2767          0.0454
 1142          0.0954          0.3259          0.2653          0.0519
 1143          0.1799          0.3361          0.2828          0.0333
 1144          0.0795          0.3002          0.3120          0.0541
 1145          0.0819          0.2849          0.3404          0.0538
 1146          0.1744          0.3096          0.3301          0.0348
 1147          0.0421          0.3055          0.2952          0.0576
 1148          0.0964          0.2741          0.3625          0.0517
 1149          0.0898          0.3270          0.2613          0.0527
 1150          0.1810          0.2875          0.3715          0.0330
 1151          0.1674          0.3524          0.2405          0.0368
 1152          0.0414          0.3090          0.2880          0.0577
 1153          0.1204          0.3359          0.2531          0.0476
 1154          0.1865          0.2961          0.3598          0.0313
 1155          0.0760          0.3100          0.2924          0.0545
 1156          0.0803          0.2981          0.3161          0.0540
 1157          0.0224          0.3030          0.2980          0.0586
 1158          0.0910          0.3157          0.2850          0.0525
 1159          0.0661          0.3046          0.3007          0.0556
 1160          0.0142          0.3002          0.3030          0.0588
 1161          0.0534          0.3096          0.2886          0.0568
 1162          0.0622          0.3049          0.2994          0.0560
 1163          0.0100          0.3042          0.2951          0.0589
 1164          0.1798          0.3322          0.2904          0.0333
 1165          0.0754          0.3063          0.2995          0.0546
 1166          0.1454          0.3491          0.2352          0.0423
 1167          0.1301          0.3420          0.2439          0.0456
 1168          0.1949          0.2992          0.3589          0.0288
 1169          0.0995          0.2972          0.3229          0.0512
 1170          0.0840          0.3301          0.2528          0.0535
 1171          0.1388          0.3142          0.3051          0.0438
 1172          0.1905          0.2516          0.4327          0.0301
 1173          0.1608          0.2604          0.4063          0.0385
 1174          0.1870          0.3731          0.2036          0.0312
 1175          0.0581          0.3003          0.3075          0.0564
 1176          0.0779          0.3123          0.2883          0.0543
 1177          0.1945          0.3319          0.2996          0.0289
 1178          0.1458          0.2707          0.3839          0.0422
 1179          0.0430          0.3089          0.2886          0.0576
 1180          0.0445          0.3071          0.2923          0.0575
 1181          0.0098          0.3020          0.2994          0.0589
 1182          0.0646          0.3192          0.2712          0.0558
 1183          0.0514          0.3062          0.2950          0.0570
 1184          0.0562          0.3047          0.2987          0.0565
 1185          0.1064          0.2931          0.3323          0.0501
 1186          0.0987          0.3366          0.2432          0.0514
 1187          0.0676          0.2876          0.3325          0.0554
 1188          0.1383          0.3514          0.2260          0.0439
 1189          0.1435          0.2972          0.3381          0.0427
 1190          0.1839          0.3629          0.2267          0.0321
 1191          0.1292          0.2766          0.3681          0.0458
 1192          0.1839          0.3727          0.2021          0.0321
 1193          0.2290          0.3606          0.2652          0.0173
 1194          0.0704          0.2835          0.3403          0.0551
 1195          0.0846          0.2943          0.3241          0.0534
 1196          0.0535          0.3059          0.2960          0.0568
 1197          0.0611          0.2843          0.3372          0.0561
 1198          0.0732          0.3056          0.3002          0.0548
 1199          0.0252          0.3098          0.2849          0.0585
 1200          0.1127          0.3303          0.2621          0.0490
 1201          0.2066          0.2965          0.3698          0.0250
 1202          0.1395          0.3389          0.2552          0.0436
 1203          0.1941          0.3281          0.3066          0.0290
 1204          0.0716          0.3070          0.2972          0.0550
 1205          0.1612          0.3186          0.3069          0.0384
 1206          0.0765          0.2947          0.3215          0.0544
 1207          0.2073          0.3571          0.2566          0.0248
 1208          0.0605          0.3021          0.3045          0.0562
 1209          0.0641          0.2894          0.3287          0.0558
 1210          0.1783          0.3009          0.3474          0.0337
 1211          0.1730          0.3598          0.2267          0.0352
 1212          0.1254          0.3212          0.2858          0.0466
 1213          0.0839          0.2979          0.3173          0.0535
 1214          0.0300          0.2926          0.3182          0.0583
 1215          0.0993          0.3013          0.3152          0.0513
 1216          0.2121          0.3032          0.3616          0.0232
 1217          0.0441          0.3161          0.2740          0.0575
 1218          0.0582          0.3182          0.2721          0.0564
 1219          0.1853          0.2665          0.4074          0.0317
 1220          0.1228          0.2839          0.3535          0.0471
 1221          0.0027          0.3003          0.3025          0.0590
 1222          0.0950          0.3349          0.2457          0.0519
 1223          0.0483          0.2986          0.3090          0.0572
 1224          0.1021          0.3056          0.3079          0.0508
 1225          0.0238          0.2957          0.3121          0.0586
 1226          0.1179          0.2837          0.3524          0.0481
 1227          0.1033          0.2974          0.3235          0.0506
 1228          0.0331          0.3001          0.3045          0.0582
 1229          0.0615          0.2937          0.3203          0.0561
 1230          0.1320          0.2708          0.3787          0.0453
 1231          0.1686          0.3118          0.3232          0.0364
 1232          0.1796          0.2842          0.3763          0.0333
 1233          0.0675          0.2947          0.3196          0.0554
 1234          0.0589          0.2983          0.3113          0.0563
 1235          0.0949          0.2860          0.3415          0.0520
 1236          0.1947          0.3648          0.2300          0.0288
 1237          0.1464          0.2724          0.3814          0.0421
 1238          0.0582          0.2846          0.3363          0.0564
 1239          0.1119          0.2964          0.3280          0.0492
 1240          0.1365          0.2929          0.3430          0.0443
 1241          0.1506          0.3294          0.2806          0.0410
 1242          0.1662          0.3283          0.2907          0.0371
 1243          0.0971          0.2920          0.3315          0.0516
 1244          0.1006          0.3319          0.2543          0.0511
 1245          0.1080          0.3408          0.2370          0.0498
 1246          0.0281          0.3077          0.2892          0.0584
 1247          0.1335          0.2938          0.3402          0.0449
 1248          0.0782          0.3024          0.3075          0.0542
 1249          0.1654          0.3613          0.2179          0.0373
 1250          0.1187          0.3338          0.2571          0.0479
 1251          0.2272          0.3848          0.2077          0.0179
 1252          0.2018          0.2865          0.3836          0.0266
 1253          0.0155          0.2972          0.3087          0.0588
 1254          0.1293          0.3047          0.3190          0.0458
 1255          0.2362          0.3949          0.1893          0.0146
 1256          0.1562          0.3443          0.2520          0.0397
 1257          0.0748          0.2841          0.3402          0.0546
 1258          0.0691          0.2805          0.3454          0.0553
 1259          0.1561          0.3234          0.2951          0.0397
 1260          0.1656          0.2802          0.3765          0.0372
 1261          0.0710          0.3093          0.2927          0.0551
 1262          0.1431          0.3105          0.3138          0.0428
 1263          0.0978          0.3070          0.3040          0.0515
 1264          0.1050          0.3309          0.2580          0.0504
 1265          0.1723          0.2774          0.3841          0.0354
 1266          0.1175          0.3101          0.3044          0.0481
 1267          0.1043          0.3326          0.2540          0.0505
 1268          0.1268          0.2687          0.3805          0.0463
 1269          0.2056          0.2531          0.4378          0.0253
 1270          0.1733          0.2626          0.4080          0.0351
 1271          0.0981          0.3143          0.2900          0.0515
 1272          0.0449          0.3042          0.2981          0.0574
 1273          0.1574          0.2928          0.3516          0.0394
 1274          0.0325          0.2973          0.3097          0.0582
 1275          0.1795          0.2915          0.3641          0.0334
 1276          0.0562          0.3102          0.2880          0.0565
 1277          0.1393          0.2729          0.3778          0.0437
 1278          0.2238          0.2808          0.4046          0.0191
 1279          0.0656          0.2989          0.3114          0.0557
 1280          0.0460          0.2944          0.3167          0.0574
 1281          0.0399          0.2955          0.3138          0.0578
 1282          0.1600          0.3520          0.2368          0.0387
 1283          0.0117          0.3045          0.2945          0.0589
 1284          0.0792          0.3263          0.2599          0.0541
 1285          0.1941          0.3079          0.3434          0.0290
 1286          0.1118          0.3220          0.2791          0.0492
 1287          0.1667          0.2702          0.3932          0.0369
 1288          0.1482          0.2775          0.3737          0.0416
 1289          0.0539          0.2912          0.3237          0.0567
 1290          0.0565          0.3043          0.2996          0.0565
 1291          0.0615          0.3094          0.2905          0.0561
 1292          0.1665          0.3622          0.2166          0.0370
 1293          0.1426          0.3473          0.2380          0.0429
 1294          0.1425          0.3042          0.3251          0.0430
 1295          0.0660          0.3053          0.2994          0.0556
 1296          0.1864          0.2522          0.4300          0.0313
 1297          0.1485          0.2884          0.3555          0.0416
 1298          0.1053          0.2784          0.3576          0.0503
 1299          0.0389          0.2937          0.3170          0.0578
 1300          0.2021          0.3473          0.2738          0.0265
 1301          0.0570          0.3013          0.3054          0.0565
 1302          0.0316          0.3097          0.2856          0.0582
 1303          0.1464          0.3072          0.3212          0.0420
 1304          0.2168          0.3708          0.2329          0.0216
 1305          0.1791          0.3687          0.2089          0.0335
 1306          0.0389          0.3025          0.3005          0.0578
 1307          0.2044          0.3624          0.2428          0.0257
 1308          0.0820          0.3270          0.2590          0.0537
 1309          0.1231          0.2930          0.3378          0.0471
 1310          0.2020          0.2620          0.4225          0.0265
 1311          0.0585          0.3049          0.2987          0.0563
 1312          0.1375          0.3350          0.2627          0.0441
 1313          0.1610          0.3127          0.3177          0.0385
 1314          0.0725          0.3078          0.2960          0.0549
 1315          0.0425          0.2988          0.3079          0.0576
 1316          0.0370          0.3138          0.2779          0.0579
 1317          0.2033          0.3586          0.2504          0.0261
 1318          0.1010          0.3171          0.2853          0.0510
 1319          0.1979          0.3089          0.3438          0.0278
 1320          0.0473          0.3105          0.2860          0.0573
 1321          0.1311          0.3483          0.2299          0.0454
 1322          0.1371          0.2924          0.3440          0.0442
 1323          0.0539          0.2990          0.3092          0.0567
 1324          0.1151          0.3222          0.2799          0.0486
 1325          0.1407          0.2795          0.3674          0.0434
 1326          0.0854          0.3310          0.2512          0.0533
 1327          0.1570          0.3349          0.2724          0.0395
 1328          0.0864          0.2756          0.3575          0.0532
 1329          0.1687          0.2918          0.3584          0.0364
 1330          0.0765          0.3117          0.2892          0.0544
 1331          0.0391          0.3001          0.3051          0.0578
 1332          0.1869          0.2919          0.3670          0.0312
 1333          0.1496          0.3336          0.2715          0.0413
 1334          0.1221          0.3476          0.2270          0.0473
 1335          0.0909          0.2778          0.3547          0.0525
 1336          0.1147          0.2955          0.3305          0.0487
 1337          0.1334          0.3235          0.2845          0.0450
 1338          0.1822          0.2583          0.4188          0.0326
 1339          0.1510          0.3087          0.3206          0.0409
 1340          0.1007          0.2930          0.3308          0.0511
 1341          0.0112          0.3016          0.3001          0.0589
 1342          0.1206          0.3197          0.2870          0.0476
 1343          0.1877          0.3011          0.3518          0.0310
 1344          0.1326          0.3440          0.2404          0.0451
 1345          0.1133          0.3331          0.2563          0.0489
 1346          0.0960          0.3299          0.2571          0.0518
 1347          0.0669          0.2810          0.3442          0.0555
 1348          0.1032          0.3200          0.2801          0.0506
 1349          0.1129          0.3298          0.2632          0.0490
 1350          0.2055          0.2717          0.4092          0.0253
 1351          0.1034          0.3134          0.2934          0.0506
 1352          0.0634          0.3213          0.2666          0.0559
 1353          0.0498          0.2945          0.3170          0.0571
 1354          0.1301          0.2988          0.3301          0.0456
 1355          0.1307          0.2851          0.3542          0.0455
 1356          0.1289          0.2634          0.3897          0.0459
 1357          0.0744          0.3106          0.2909          0.0547
 1358          0.0548          0.3030          0.3017          0.0567
 1359          0.1637          0.3363          0.2731          0.0378
 1360          0.0875          0.3190          0.2773          0.0530
 1361          0.1741          0.3063          0.3357          0.0349
 1362          0.1916          0.3281          0.3052          0.0298
 1363          0.1194          0.2795          0.3600          0.0478
 1364          0.0906          0.3147          0.2869          0.0526
 1365          0.1067          0.3120          0.2971          0.0501
 1366          0.2317          0.3544          0.2801          0.0163
 1367          0.0419          0.3133          0.2796          0.0576
 1368          0.1241          0.2978          0.3296          0.0469
 1369          0.0845          0.2873          0.3366          0.0534
 1370          0.0052          0.2999          0.3033          0.0590
 1371          0.2014          0.2459          0.4465          0.0267
 1372          0.0842          0.2906          0.3306          0.0535
 1373          0.0673          0.3207          0.2688          0.0555
 1374          0.2365          0.2843          0.4064          0.0145
 1375          0.0410          0.2917          0.3211          0.0577
 1376          0.1523          0.3365          0.2669          0.0406
 1377          0.1959          0.3694          0.2197          0.0285
 1378          0.1287          0.3059          0.3165          0.0459
 1379          0.0682          0.3138          0.2831          0.0554
 1380          0.1108          0.3041          0.3134          0.0494
 1381          0.0863          0.2975          0.3186          0.0532
 1382          0.0964          0.2960          0.3242          0.0517
 1383          0.1989          0.3644          0.2341          0.0275
 1384          0.0643          0.2980          0.3129          0.0558
 1385          0.1206          0.3297          0.2664          0.0475
 1386          0.0346          0.3006          0.3036          0.0581
 1387          0.2085          0.3757          0.2144          0.0244
 1388          0.1098          0.3006          0.3197          0.0495
 1389          0.1555          0.3459          0.2480          0.0398
 1390          0.0899          0.3244          0.2669          0.0527
 1391          0.0604          0.3053          0.2983          0.0562
 1392          0.2160          0.3502          0.2773          0.0218
 1393          0.0554          0.3117          0.2848          0.0566
 1394          0.2049          0.3446          0.2811          0.0256
 1395          0.0228          0.2950          0.3133          0.0586
 1396          0.0302          0.2990          0.3063          0.0583
 1397          0.1346          0.2697          0.3814          0.0447
 1398          0.2260          0.3911          0.1894          0.0183
 1399          0.0977          0.3050          0.3077          0.0515
 1400          0.1744          0.2814          0.3785          0.0348
 1401          0.0924          0.2968          0.3215          0.0523
 1402          0.0374          0.3009          0.3034          0.0579
 1403          0.0511          0.3057          0.2960          0.0570
 1404          0.1469          0.3579          0.2150          0.0419
 1405          0.1548          0.3555          0.2256          0.0400
 1406          0.1599          0.2561          0.4128          0.0387
 1407          0.1820          0.2539          0.4254          0.0326
 1408          0.1250          0.3277          0.2724          0.0467
 1409          0.1987          0.3228          0.3192          0.0276
 1410          0.1623          0.3353          0.2744          0.0381
 1411          0.1335          0.2688          0.3826          0.0449
 1412          0.1359          0.2774          0.3692          0.0444
 1413          0.0584          0.3010          0.3062          0.0563
 1414          0.1636          0.3223          0.3010          0.0378
 1415          0.0802          0.2904          0.3301          0.0540
 1416          0.0739          0.2796          0.3478          0.0547
 1417          0.1464          0.3164          0.3041          0.0420
 1418          0.0768          0.2900          0.3300          0.0544
 1419          0.1229          0.2898          0.3433          0.0471
 1420          0.0479          0.3086          0.2898          0.0572
 1421          0.0555          0.2901          0.3259          0.0566
 1422          0.1373          0.2819          0.3622          0.0441
 1423          0.1019          0.2770          0.3589          0.0509
 1424          0.1578          0.2655          0.3971          0.0393
 1425          0.1024          0.3254          0.2688          0.0508
 1426          0.0537          0.2969          0.3132          0.0568
 1427          0.0796          0.3123          0.2888          0.0541
 1428          0.2051          0.3679          0.2306          0.0255
 1429          0.1587          0.2949          0.3485          0.0390
 1430          0.1452          0.3334          0.2696          0.0423
 1431          0.0184          0.3031          0.2976          0.0587
 1432          0.0536          0.2878          0.3298          0.0568
 1433          0.1233          0.2989          0.3274          0.0470
 1434          0.1605          0.3457          0.2513          0.0386
 1435          0.1779          0.3541          0.2431          0.0338
 1436          0.1394          0.2743          0.3756          0.0436
 1437          0.1833          0.3148          0.3253          0.0323
 1438          0.0515          0.3012          0.3046          0.0569
 1439          0.1196          0.2773          0.3637          0.0477
 1440          0.1925          0.3706          0.2142          0.0295
 1441          0.1899          0.3761          0.1979          0.0303
 1442          0.0549          0.2951          0.3166          0.0567
 1443          0.1727          0.3003          0.3456          0.0353
 1444          0.1228          0.3152          0.2966          0.0471
 1445          0.1297          0.3317          0.2662          0.0457
 1446          0.1208          0.2957          0.3322          0.0475
 1447          0.1260          0.2942          0.3367          0.0465
 1448          0.1190          0.3050          0.3147          0.0479
 1449          0.1781          0.3532          0.2453          0.0338
 1450          0.0193          0.2978          0.3078          0.0587
 1451          0.0453          0.2963          0.3131          0.0574
 1452          0.0437          0.2897          0.3250          0.0575
 1453          0.0988          0.3331          0.2510          0.0513
 1454          0.1532          0.3085          0.3219          0.0404
 1455          0.1050          0.3346          0.2500          0.0503
 1456          0.0331          0.2997          0.3052          0.0582
 1457          0.0734          0.2888          0.3315          0.0548
 1458          0.1809          0.2627          0.4114          0.0330
 1459          0.0593          0.2990          0.3100          0.0563
 1460          0.0641          0.3029          0.3036          0.0558
 1461          0.0706          0.3186          0.2738          0.0551
 1462          0.0336          0.3071          0.2910          0.0581
 1463          0.0682          0.3249          0.2602          0.0554
 1464          0.1650          0.2781          0.3797          0.0374
 1465          0.1988          0.3468          0.2725          0.0275
 1466          0.0802          0.2835          0.3423          0.0540
 1467          0.1416          0.3403          0.2532          0.0432
 1468          0.1363          0.2654          0.3890          0.0443
 1469          0.1716          0.2573          0.4157          0.0356
 1470          0.1495          0.3299          0.2790          0.0413
 1471          0.1641          0.3480          0.2483          0.0376
 1472          0.1599          0.2808          0.3730          0.0387
 1473          0.1760          0.2749          0.3897          0.0344
 1474          0.2348          0.2835          0.4067          0.0151
 1475          0.1753          0.2783          0.3839          0.0346
 1476          0.0829          0.3118          0.2905          0.0536
 1477          0.1194          0.3453          0.2314          0.0478
 1478          0.1473          0.3229          0.2919          0.0418
 1479          0.1882          0.3346          0.2907          0.0308
 1480          0.0196          0.3034          0.2971          0.0587
 1481          0.2072          0.3235          0.3231          0.0248
 1482          0.1930          0.2864          0.3792          0.0294
 1483          0.0576          0.2949          0.3175          0.0564
 1484          0.1779          0.2831          0.3773          0.0338
 1485          0.2024          0.3405          0.2877          0.0264
 1486          0.2236          0.3638          0.2543          0.0192
 1487          0.1977          0.2650          0.4156          0.0279
 1488          0.1492          0.2896          0.3537          0.0414
 1489          0.2155          0.3851          0.1961          0.0220
 1490          0.0705          0.2990          0.3123          0.0551
 1491          0.0883          0.3226          0.2702          0.0529
 1492          0.1869          0.3287          0.3014          0.0312
 1493          0.1895          0.3638          0.2287          0.0304
 1494          0.0929          0.2861          0.3409          0.0522
 1495          0.2245          0.2848          0.3988          0.0189
 1496          0.1818          0.2531          0.4266          0.0327
 1497          0.1419          0.2813          0.3648          0.0431
 1498          0.0745          0.3129          0.2862          0.0547
 1499          0.1752          0.2755          0.3884          0.0346
 1500          0.1480          0.2756          0.3767          0.0417
 1501          0.2077          0.3244          0.3217          0.0246
 1502          0.0881          0.3103          0.2949          0.0529
 1503          0.0719          0.2878          0.3329          0.0550
 1504          0.2015          0.3668          0.2304          0.0267
 1505          0.1153          0.3443          0.2319          0.0485
 1506          0.1239          0.3451          0.2338          0.0469
 1507          0.1512          0.3142          0.3104          0.0409
 1508          0.1458          0.3471          0.2402          0.0422
 1509          0.0566          0.2830          0.3389          0.0565
 1510          0.1721          0.2730          0.3910          0.0355
 1511          0.1106          0.2742          0.3662          0.0494
 1512          0.1023          0.3155          0.2888          0.0508
 1513          0.1204          0.3438          0.2352          0.0476
 1514          0.1838          0.3483          0.2597          0.0321
 1515          0.0176          0.3068          0.2903          0.0588
 1516          0.0301          0.2955          0.3129          0.0583
 1517          0.0508          0.3046          0.2981          0.0570
 1518          0.0917          0.3178          0.2809          0.0524
 1519          0.0566          0.2836          0.3377          0.0565
 1520          0.1551          0.2729          0.3840          0.0399
 1521          0.0361          0.2939          0.3164          0.0580
 1522          0.1647          0.2672          0.3972          0.0375
 1523          0.1335          0.2895          0.3477          0.0449
 1524          0.0898          0.3312          0.2521          0.0527
 1525          0.0868          0.3123          0.2905          0.0531
 1526          0.0694          0.2820          0.3428          0.0553
 1527          0.0981          0.2812          0.3509          0.0515
 1528          0.0461          0.2902          0.3244          0.0574
 1529          0.1480          0.3184          0.3009          0.0417
 1530          0.0751          0.3018          0.3080          0.0546
 1531          0.1239          0.2967          0.3315          0.0469
 1532          0.1639          0.3303          0.2855          0.0377
 1533          0.1808          0.2784          0.3863          0.0330
 1534          0.1599          0.3529          0.2347          0.0387
 1535          0.1022          0.3385          0.2400          0.0508
 1536          0.1281          0.2902          0.3446          0.0461
 1537          0.2141          0.2512          0.4448          0.0225
 1538          0.0554          0.2872          0.3312          0.0566
 1539          0.1608          0.2960          0.3476          0.0385
 1540          0.1934          0.3253          0.3115          0.0292
 1541          0.0700          0.3097          0.2917          0.0552
 1542          0.1059          0.2833          0.3493          0.0502
 1543          0.1368          0.3264          0.2801          0.0442
 1544          0.0458          0.2916          0.3218          0.0574
 1545          0.1682          0.2710          0.3925          0.0365
 1546          0.1007          0.3384          0.2397          0.0511
 1547          0.1700          0.3344          0.2806          0.0361
 1548          0.0850          0.3315          0.2502          0.0533
 1549          0.1215          0.3403          0.2437          0.0474
 1550          0.1279          0.3438          0.2386          0.0461
 1551          0.0796          0.3090          0.2953          0.0541
 1552          0.1286          0.3254          0.2788          0.0460
 1553          0.1240          0.2788          0.3627          0.0469
 1554          0.2222          0.3065          0.3618          0.0197
 1555          0.1701          0.2982          0.3481          0.0360
 1556          0.1703          0.3342          0.2811          0.0360
 1557          0.0840          0.2817          0.3464          0.0535
 1558          0.1931          0.3434          0.2759          0.0293
 1559          0.0101          0.3038          0.2958          0.0589
 1560          0.1454          0.2635          0.3954          0.0423
 1561          0.1285          0.3466          0.2326          0.0460
 1562          0.0702          0.3138          0.2835          0.0552
 1563          0.1876          0.3214          0.3155          0.0310
 1564          0.0263          0.2949          0.3137          0.0585
 1565          0.1509          0.2999          0.3364          0.0410
 1566          0.0767          0.3161          0.2804          0.0544
 1567          0.0271          0.3048          0.2949          0.0584
 1568          0.1527          0.3555          0.2243          0.0405
 1569          0.1563          0.2894          0.3571          0.0396
 1570          0.0916          0.2964          0.3220          0.0524
 1571          0.0401          0.3039          0.2980          0.0578
 1572          0.0494          0.2937          0.3184          0.0571
 1573          0.2183          0.3493          0.2808          0.0211
 1574          0.1402          0.2744          0.3758          0.0435
 1575          0.0215          0.3046          0.2949          0.0586
 1576          0.1588          0.3140          0.3144          0.0390
 1577          0.0641          0.2857          0.3352          0.0558
 1578          0.0607          0.2833          0.3389          0.0561
 1579          0.0654          0.2859          0.3352          0.0557
 1580          0.1534          0.3149          0.3102          0.0404
 1581          0.0683          0.3161          0.2785          0.0554
 1582          0.0466          0.2943          0.3169          0.0573
 1583          0.2101          0.2676          0.4179          0.0238
 1584          0.0237          0.2948          0.3137          0.0586
 1585          0.1050          0.2810          0.3530          0.0503
 1586          0.1251          0.3429          0.2394          0.0467
 1587          0.0595          0.2869          0.3323          0.0563
 1588          0.1979          0.2585          0.4259          0.0278
 1589          0.1537          0.3204          0.2998          0.0403
 1590          0.0998          0.2874          0.3405          0.0512
 1591          0.1981          0.3307          0.3041          0.0278
 1592          0.1183          0.3429          0.2365          0.0480
 1593          0.1614          0.3028          0.3360          0.0383
 1594          0.1476          0.3251          0.2878          0.0418
 1595          0.0504          0.2974          0.3116          0.0570
 1596          0.1380          0.2807          0.3645          0.0439
 1597          0.1054          0.2699          0.3720          0.0503
 1598          0.2080          0.2713          0.4111          0.0245
 1599          0.2299          0.3187          0.3455          0.0169
 1600          0.2195          0.3012          0.3692          0.0206
 1601          0.2038          0.3562          0.2561          0.0259
 1602          0.2066          0.2834          0.3911          0.0250
 1603          0.2177          0.3320          0.3139          0.0212
 1604          0.1570          0.3508          0.2379          0.0395
 1605          0.1067          0.2849          0.3468          0.0501
 1606          0.1365          0.2834          0.3593          0.0443
 1607          0.0695          0.3069          0.2970          0.0552
 1608          0.1574          0.2811          0.3715          0.0394
 1609          0.1374          0.2800          0.3654          0.0441
 1610          0.0895          0.3316          0.2513          0.0527
 1611          0.1134          0.3280          0.2673          0.0489
 1612          0.0418          0.2934          0.3180          0.0576
 1613          0.1115          0.3146          0.2937          0.0492
 1614          0.1844          0.3133          0.3286          0.0319
 1615          0.2178          0.3679          0.2405          0.0212
 1616          0.1840          0.3211          0.3141          0.0321
 1617          0.1494          0.3252          0.2884          0.0413
 1618          0.0564          0.2857          0.3339          0.0565
 1619          0.2240          0.2557          0.4434          0.0190
 1620          0.1034          0.2780          0.3577          0.0506
 1621          0.1225          0.3223          0.2824          0.0472
 1622          0.0974          0.3360          0.2442          0.0516
 1623          0.1666          0.3182          0.3102          0.0370
 1624          0.0556          0.3111          0.2861          0.0566
 1625          0.2144          0.2997          0.3688          0.0224
 1626          0.1316          0.2655          0.3872          0.0453
 1627          0.1299          0.2968          0.3335          0.0457
 1628          0.1256          0.3018          0.3230          0.0466
 1629          0.0930          0.2917          0.3310          0.0522
 1630          0.0355          0.3118          0.2817          0.0580
 1631          0.1610          0.3654          0.2045          0.0385
 1632          0.1674          0.3585          0.2262          0.0367
 1633          0.0477          0.3089          0.2892          0.0572
 1634          0.1027          0.2746          0.3633          0.0507
 1635          0.1254          0.2814          0.3588          0.0466
 1636          0.1702          0.2752          0.3867          0.0360
 1637          0.2227          0.3550          0.2723          0.0195
 1638          0.1536          0.3453          0.2485          0.0403
 1639          0.1674          0.3427          0.2619          0.0367
 1640          0.1903          0.3530          0.2539          0.0302
 1641          0.0584          0.2891          0.3281          0.0564
 1642          0.1366          0.2860          0.3549          0.0443
 1643          0.1076          0.2846          0.3475          0.0499
 1644          0.1578          0.2777          0.3773          0.0393
 1645          0.2415          0.3037          0.3782          0.0126
 1646          0.1879          0.3381          0.2834          0.0309
 1647          0.0719          0.2909          0.3274          0.0550
 1648          0.1095          0.2973          0.3256          0.0496
 1649          0.1986          0.3590          0.2461          0.0276
 1650          0.1475          0.3204          0.2969          0.0418
 1651          0.1009          0.2817          0.3508          0.0510
 1652          0.0373          0.3056          0.2942          0.0579
 1653          0.1834          0.2722          0.3976          0.0322
 1654          0.1390          0.3505          0.2286          0.0437
 1655          0.1853          0.3230          0.3112          0.0317
 1656          0.0450          0.3150          0.2765          0.0574
 1657          0.2076          0.3214          0.3272          0.0247
 1658          0.1197          0.3299          0.2657          0.0477
 1659          0.1640          0.2625          0.4043          0.0377
 1660          0.1273          0.3322          0.2641          0.0462
 1661          0.2020          0.2515          0.4384          0.0265
 1662          0.0370          0.3118          0.2819          0.0579
 1663          0.1301          0.3405          0.2472          0.0456
 1664          0.1680          0.3469          0.2531          0.0366
 1665          0.1282          0.2711          0.3770          0.0460
 1666          0.0647          0.2838          0.3388          0.0557
 1667          0.1820          0.3644          0.2217          0.0327
 1668          0.0690          0.2886          0.3310          0.0553
 1669          0.1784          0.3267          0.3003          0.0337
 1670          0.2103          0.3613          0.2497          0.0238
 1671          0.0691          0.2952          0.3191          0.0553
 1672          0.1437          0.3549          0.2206          0.0427
 1673          0.0450          0.2885          0.3274          0.0574
 1674          0.1698          0.3255          0.2980          0.0361
 1675          0.0776          0.2814          0.3455          0.0543
 1676          0.0860          0.3283          0.2574          0.0532
 1677          0.1549          0.3549          0.2269          0.0400
 1678          0.2093          0.2536          0.4389          0.0241
 1679          0.2273          0.3910          0.1911          0.0179
 1680          0.1080          0.3122          0.2971          0.0499
 1681          0.0791          0.3014          0.3096          0.0541
 1682          0.1553          0.3129          0.3148          0.0399
 1683          0.1465          0.3288          0.2798          0.0420
 1684          0.0660          0.3238          0.2619          0.0556
 1685          0.0964          0.2804          0.3517          0.0517
 1686          0.1071          0.2927          0.3331          0.0500
 1687          0.1720          0.3004          0.3452          0.0355
 1688          0.1592          0.3645          0.2059          0.0389
 1689          0.1360          0.3375          0.2566          0.0444
 1690          0.1612          0.3309          0.2829          0.0384
 1691          0.1667          0.3134          0.3193          0.0369
 1692          0.0625          0.3009          0.3072          0.0560
 1693          0.0351          0.2954          0.3136          0.0581
 1694          0.0558          0.2883          0.3293          0.0566
 1695          0.1241          0.2836          0.3546          0.0469
 1696          0.1514          0.2953          0.3448          0.0408
 1697          0.2299          0.3074          0.3649          0.0169
 1698          0.2081          0.3052          0.3558          0.0245
 1699          0.0742          0.3030          0.3056          0.0547
 1700          0.1438          0.3441          0.2460          0.0426
 1701          0.0460          0.3024          0.3015          0.0574
 1702          0.1766          0.2615          0.4113          0.0342
 1703          0.1585          0.3117          0.3185          0.0391
 1704          0.1385          0.3404          0.2514          0.0438
 1705          0.1018          0.3310          0.2566          0.0509
 1706          0.1002          0.2830          0.3483          0.0511
 1707          0.2128          0.3628          0.2481          0.0229
 1708          0.1036          0.3136          0.2930          0.0506
 1709          0.1514          0.3054          0.3268          0.0409
 1710          0.1653          0.2908          0.3585          0.0373
 1711          0.2279          0.2633          0.4340          0.0177
 1712          0.1250          0.3094          0.3085          0.0467
 1713          0.1784          0.2993          0.3502          0.0337
 1714          0.1155          0.2801          0.3577          0.0485
 1715          0.1074          0.3092          0.3027          0.0499
 1716          0.1343          0.3044          0.3215          0.0448
 1717          0.0805          0.3219          0.2694          0.0539
 1718          0.1338          0.2663          0.3866          0.0449
 1719          0.1630          0.2852          0.3671          0.0379
 1720          0.0758          0.2827          0.3428          0.0545
 1721          0.0318          0.2978          0.3086          0.0582
 1722          0.1895          0.3718          0.2088          0.0304
 1723          0.0943          0.2719          0.3656          0.0520
 1724          0.2305          0.2892          0.3952          0.0167
 1725          0.0954          0.2853          0.3429          0.0519
 1726          0.1456          0.2839          0.3619          0.0422
 1727          0.1069          0.3403          0.2377          0.0500
 1728          0.2145          0.2957          0.3754          0.0224
 1729          0.1310          0.3157          0.2989          0.0455
 1730          0.1437          0.3079          0.3188          0.0427
 1731          0.1011          0.2929          0.3310          0.0510
 1732          0.0720          0.3233          0.2643          0.0550
 1733          0.1790          0.2522          0.4267          0.0335
 1734          0.0414          0.2904          0.3234          0.0577
 1735          0.1107          0.3256          0.2712          0.0494
 1736          0.1371          0.2626          0.3937          0.0442
 1737          0.0460          0.3100          0.2868          0.0574
 1738          0.1316          0.2963          0.3350          0.0453
 1739          0.1438          0.2706          0.3833          0.0427
 1740          0.0857          0.3159          0.2831          0.0533
 1741          0.1660          0.2923          0.3563          0.0371
 1742          0.0316          0.3091          0.2867          0.0582
 1743          0.1151          0.3046          0.3140          0.0486
 1744          0.2410          0.2436          0.4703          0.0128
 1745          0.1934          0.2676          0.4097          0.0292
 1746          0.1183          0.3438          0.2344          0.0480
 1747          0.1501          0.2908          0.3520          0.0412
 1748          0.2058          0.3290          0.3119          0.0253
 1749          0.2075          0.2601          0.4281          0.0247
 1750          0.1041          0.3092          0.3017          0.0505
 1751          0.2084          0.2628          0.4244          0.0244
 1752          0.0424          0.3079          0.2903          0.0576
 1753          0.1102          0.2759          0.3633          0.0495
 1754          0.0887          0.2828          0.3455          0.0529
 1755          0.2150          0.3034          0.3628          0.0222
 1756          0.2055          0.3190          0.3302          0.0254
 1757          0.1799          0.2855          0.3742          0.0333
 1758          0.1531          0.3257          0.2892          0.0404
 1759          0.1673          0.2802          0.3771          0.0368
 1760          0.1037          0.2852          0.3454          0.0506
 1761          0.1882          0.3496          0.2597          0.0308
 1762          0.1677          0.3097          0.3264          0.0367
 1763          0.0932          0.3289          0.2582          0.0522
 1764          0.1590          0.3402          0.2625          0.0390
 1765          0.1066          0.3325          0.2552          0.0501
 1766          0.2208          0.2501          0.4499          0.0202
 1767          0.1473          0.3041          0.3274          0.0418
 1768          0.2058          0.3056          0.3539          0.0253
 1769          0.0984          0.2857          0.3430          0.0514
 1770          0.1876          0.2596          0.4193          0.0310
 1771          0.1288          0.3478          0.2299          0.0459
 1772          0.1379          0.2795          0.3664          0.0440
 1773          0.0349          0.3097          0.2859          0.0581
 1774          0.1414          0.3249          0.2853          0.0432
 1775          0.0366          0.2972          0.3103          0.0580
 1776          0.1577          0.3100          0.3212          0.0393
 1777          0.1211          0.3458          0.2310          0.0475
 1778          0.0358          0.2981          0.3085          0.0580
 1779          0.1338          0.2887          0.3493          0.0449
 1780          0.1943          0.3318          0.2997          0.0289
 1781          0.0530          0.3020          0.3033          0.0568
 1782          0.1007          0.3296          0.2592          0.0511
 1783          0.1702          0.2948          0.3540          0.0360
 1784          0.0359          0.2915          0.3208          0.0580
 1785          0.0458          0.3091          0.2886          0.0574
 1786          0.1099          0.3285          0.2649          0.0495
 1787          0.0525          0.3158          0.2760          0.0569
 1788          0.0460          0.3014          0.3035          0.0574
 1789          0.1131          0.3179          0.2877          0.0490
 1790          0.1262          0.3178          0.2929          0.0465
 1791          0.1228          0.2791          0.3618          0.0471
 1792          0.1682          0.3653          0.2097          0.0365
 1793          0.1709          0.3391          0.2714          0.0358
 1794          0.1291          0.3266          0.2765          0.0459
 1795          0.2040          0.3639          0.2390          0.0259
 1796          0.1200          0.3030          0.3186          0.0477
 1797          0.1015          0.3257          0.2678          0.0509
 1798          0.0406          0.3035          0.2988          0.0577
 1799          0.2258          0.3627          0.2584          0.0184
 1800          0.0922          0.3048          0.3066          0.0524
 1801          0.1324          0.2628          0.3919          0.0452
 1802          0.0774          0.3049          0.3026          0.0543
 1803          0.1712          0.3184          0.3122          0.0357
 1804          0.1380          0.2963          0.3375          0.0440
 1805          0.0732          0.3192          0.2733          0.0548
 1806          0.0940          0.3181          0.2810          0.0521
 1807          0.1519          0.2644          0.3964          0.0407
 1808          0.1634          0.3267          0.2923          0.0378
 1809          0.1144          0.3093          0.3049          0.0487
 1810          0.2244          0.2810          0.4047          0.0189
 1811          0.1454          0.2675          0.3889          0.0423
 1812          0.0480          0.3153          0.2763          0.0572
 1813          0.2056          0.2580          0.4303          0.0253
 1814          0.1991          0.3002          0.3594          0.0274
 1815          0.1594          0.3234          0.2967          0.0389
 1816          0.1101          0.3050          0.3117          0.0495
 1817          0.0857          0.2811          0.3479          0.0533
 1818          0.1176          0.3027          0.3184          0.0481
 1819          0.0293          0.3109          0.2830          0.0583
 1820          0.2307          0.2802          0.4095          0.0166
 1821          0.2135          0.3618          0.2509          0.0227
 1822          0.0442          0.3127          0.2811          0.0575
 1823          0.0677          0.3232          0.2635          0.0554
 1824          0.0710          0.3187          0.2738          0.0551
 1825          0.1220          0.2813          0.3577          0.0473
 1826          0.2151          0.3535          0.2698          0.0222
 1827          0.1449          0.3055          0.3237          0.0424
 1828          0.0628          0.3148          0.2799          0.0559
 1829          0.1482          0.2766          0.3752          0.0416
 1830          0.0618          0.2994          0.3099          0.0560
 1831          0.0722          0.3251          0.2607          0.0549
 1832          0.0264          0.2949          0.3136          0.0585
 1833          0.1816          0.2974          0.3551          0.0328
 1834          0.1197          0.3137          0.2983          0.0477
 1835          0.0375          0.3068          0.2920          0.0579
 1836          0.1946          0.2870          0.3791          0.0289
 1837          0.1452          0.2674          0.3891          0.0423
 1838          0.1762          0.3538          0.2427          0.0343
 1839          0.1975          0.3719          0.2148          0.0279
 1840          0.1563          0.2858          0.3630          0.0396
 1841          0.0813          0.3260          0.2610          0.0538
 1842          0.2176          0.2749          0.4106          0.0213
 1843          0.0798          0.2836          0.3422          0.0540
 1844          0.1438          0.2970          0.3387          0.0426
 1845          0.2046          0.3830          0.1918          0.0257
 1846          0.1379          0.3098          0.3130          0.0440
 1847          0.0572          0.3122          0.2841          0.0565
 1848          0.1569          0.2609          0.4040          0.0395
 1849          0.1229          0.3137          0.2995          0.0471
 1850          0.2126          0.3098          0.3505          0.0230
 1851          0.0982          0.3156          0.2874          0.0514
 1852          0.0591          0.2828          0.3396          0.0563
 1853          0.1380          0.3105          0.3116          0.0440
 1854          0.1171          0.3142          0.2965          0.0482
 1855          0.1559          0.3126          0.3156          0.0397
 1856          0.2212          0.3350          0.3105          0.0200
 1857          0.1577          0.3284          0.2861          0.0393
 1858          0.1513          0.2881          0.3571          0.0409
 1859          0.1770          0.2700          0.3981          0.0341
 1860          0.1718          0.3166          0.3160          0.0356
 1861          0.0490          0.3080          0.2912          0.0571
 1862          0.1350          0.2922          0.3435          0.0446
 1863          0.1620          0.3629          0.2118          0.0382
 1864          0.1137          0.2878          0.3439          0.0488
 1865          0.1171          0.2712          0.3732          0.0482
 1866          0.2096          0.3741          0.2192          0.0240
 1867          0.1466          0.2591          0.4028          0.0420
 1868          0.0855          0.3305          0.2525          0.0533
 1869          0.0264          0.2941          0.3152          0.0585
 1870          0.1336          0.3351          0.2606          0.0449
 1871          0.1570          0.3399          0.2620          0.0395
 1872          0.1504          0.2846          0.3628          0.0411
 1873          0.2076          0.3099          0.3475          0.0247
 1874          0.0765          0.3021          0.3077          0.0544
 1875          0.1266          0.3422          0.2417          0.0464
 1876          0.2219          0.3649          0.2504          0.0198
 1877          0.1615          0.3632          0.2107          0.0383
 1878          0.0077          0.2998          0.3034          0.0590
 1879          0.0919          0.3114          0.2938          0.0524
 1880          0.1897          0.2721          0.4006          0.0304
 1881          0.1498          0.2656          0.3937          0.0412
 1882          0.1113          0.2998          0.3217          0.0493
 1883          0.0466          0.3082          0.2903          0.0573
 1884          0.1009          0.3384          0.2399          0.0510
 1885          0.1160          0.3378          0.2471          0.0484
 1886          0.0819          0.2831          0.3435          0.0538
 1887          0.1056          0.3367          0.2454          0.0502
 1888          0.0641          0.2884          0.3304          0.0558
 1889          0.1094          0.2892          0.3401          0.0496
 1890          0.2346          0.2709          0.4262          0.0152
 1891          0.0962          0.3336          0.2490          0.0517
 1892          0.0927          0.3039          0.3084          0.0523
 1893          0.1739          0.2728          0.3922          0.0350
 1894          0.0957          0.2974          0.3214          0.0518
 1895          0.2072          0.2884          0.3833          0.0248
 1896          0.0279          0.3108          0.2831          0.0584
 1897          0.1896          0.2600          0.4195          0.0304
 1898          0.1640          0.3146          0.3158          0.0377
 1899          0.1118          0.3198          0.2836          0.0492
 1900          0.1807          0.2647          0.4081          0.0330
 1901          0.0840          0.2954          0.3219          0.0535
 1902          0.1168          0.2707          0.3740          0.0483
 1903          0.1185          0.3182          0.2891          0.0480
 1904          0.0680          0.2814          0.3436          0.0554
 1905          0.2050          0.3622          0.2436          0.0255
 1906          0.1497          0.2796          0.3708          0.0413
 1907          0.1566          0.3348          0.2726          0.0396
 1908          0.1655          0.2999          0.3430          0.0373
 1909          0.0298          0.3110          0.2829          0.0583
 1910          0.0734          0.3090          0.2938          0.0548
 1911          0.2035          0.3548          0.2590          0.0260
 1912          0.0444          0.3058          0.2948          0.0575
 1913          0.0313          0.2925          0.3186          0.0582
 1914          0.1655          0.3264          0.2941          0.0373
 1915          0.0523          0.2934          0.3194          0.0569
 1916          0.2110          0.3000          0.3662          0.0235
 1917          0.1209          0.2883          0.3453          0.0475
 1918          0.1619          0.2795          0.3760          0.0382
 1919          0.1114          0.3004          0.3206          0.0493
 1920          0.1873          0.2629          0.4140          0.0311
 1921          0.1795          0.3520          0.2491          0.0334
 1922          0.1248          0.2872          0.3485          0.0467
 1923          0.1067          0.3334          0.2531          0.0501
 1924          0.1114          0.3324          0.2572          0.0493
 1925          0.1855          0.3043          0.3452          0.0316
 1926          0.0384          0.2930          0.3183          0.0579
 1927          0.1380          0.2996          0.3315          0.0440
 1928          0.1040          0.2828          0.3496          0.0505
 1929          0.1628          0.2941          0.3517          0.0380
 1930          0.2262          0.2497          0.4534          0.0183
 1931          0.1040          0.3275          0.2649          0.0505
 1932          0.1522          0.3525          0.2312          0.0407
 1933          0.1163          0.2670          0.3798          0.0484
 1934          0.0931          0.3073          0.3020          0.0522
 1935          0.1257          0.2750          0.3696          0.0465
 1936          0.0687          0.3121          0.2866          0.0553
 1937          0.1008          0.3159          0.2876          0.0510
 1938          0.0238          0.3018          0.3005          0.0586
 1939          0.1287          0.3317          0.2656          0.0459
 1940          0.1226          0.3072          0.3118          0.0472
 1941          0.1493          0.3434          0.2503          0.0413
 1942          0.2187          0.2982          0.3736          0.0209
 1943          0.1668          0.2550          0.4172          0.0369
 1944          0.0387          0.3056          0.2945          0.0578
 1945          0.1718          0.3041          0.3386          0.0356
 1946          0.1903          0.2638          0.4140          0.0302
 1947          0.1556          0.2666          0.3944          0.0398
 1948          0.1274          0.3095          0.3092          0.0462
 1949          0.0979          0.2942          0.3277          0.0515
 1950          0.1006          0.2809          0.3520          0.0511
 1951          0.1585          0.3230          0.2972          0.0391
 1952          0.1112          0.3044          0.3131          0.0493
 1953          0.0329          0.2932          0.3175          0.0582
 1954          0.0935          0.2893          0.3354          0.0522
 1955          0.1117          0.3158          0.2915          0.0492
 1956          0.0244          0.3079          0.2885          0.0585
 1957          0.1741          0.2632          0.4076          0.0349
 1958          0.0384          0.3042          0.2971          0.0579
 1959          0.0478          0.2973          0.3115          0.0572
 1960          0.0533          0.2958          0.3151          0.0568
 1961          0.1659          0.3634          0.2131          0.0372
 1962          0.0927          0.3195          0.2777          0.0523
 1963          0.1406          0.3413          0.2505          0.0434
 1964          0.1729          0.3017          0.3433          0.0352
 1965          0.2134          0.3792          0.2097          0.0227
 1966          0.1179          0.3075          0.3096          0.0481
 1967          0.0886          0.3136          0.2885          0.0529
 1968          0.1102          0.3046          0.3124          0.0495
 1969          0.1660          0.3500          0.2451          0.0371
 1970          0.0934          0.2939          0.3271          0.0522
 1971          0.1251          0.3462          0.2318          0.0467
 1972          0.2163          0.2600          0.4328          0.0217
 1973          0.0904          0.3100          0.2960          0.0526
 1974          0.0290          0.3080          0.2887          0.0584
 1975          0.1864          0.3521          0.2531          0.0314
 1976          0.0229          0.3035          0.2971          0.0586
 1977          0.1239          0.3413          0.2427          0.0469
 1978          0.1079          0.2927          0.3335          0.0499
 1979          0.1185          0.3298          0.2654          0.0480
 1980          0.1486          0.2762          0.3761          0.0415
 1981          0.0862          0.2832          0.3443          0.0532
 1982          0.1538          0.3608          0.2119          0.0403
 1983          0.1213          0.2834          0.3539          0.0474
 1984          0.1098          0.2906          0.3376          0.0495
 1985          0.1198          0.2860          0.3490          0.0477
 1986          0.0545          0.2919          0.3225          0.0567
 1987          0.2006          0.3466          0.2741          0.0270
 1988          0.0907          0.3044          0.3069          0.0526
 1989          0.1623          0.3114          0.3209          0.0381
 1990          0.1506          0.2653          0.3945          0.0410
 1991          0.0862          0.3192          0.2767          0.0532
 1992          0.1116          0.3023          0.3172          0.0492
 1993          0.1911          0.3796          0.1893          0.0299
 1994          0.1386          0.3079          0.3167          0.0438
 1995          0.0260          0.3029          0.2984          0.0585
 1996          0.1360          0.3019          0.3267          0.0444
 1997          0.1860          0.2735          0.3967          0.0315
 1998          0.0677          0.2869          0.3339          0.0554
 1999          0.1755          0.3148          0.3211          0.0345
 2000          0.1072          0.3364          0.2466          0.0500
 2001          0.0640          0.3177          0.2742          0.0558
 2002          0.0780          0.2958          0.3197          0.0543
 2003          0.0836          0.2809          0.3476          0.0535
 2004          0.1636          0.3292          0.2876          0.0378
 2005          0.1571          0.3633          0.2076          0.0394
 2006          0.1735          0.2804          0.3796          0.0351
 2007          0.1012          0.3002          0.3178          0.0510
 2008          0.1599          0.3337          0.2766          0.0387
 2009          0.0972          0.3197          0.2789          0.0516
 2010          0.1225          0.3409          0.2428          0.0472
 2011          0.1406          0.2840          0.3598          0.0434
 2012          0.0728          0.3155          0.2807          0.0549
 2013          0.1686          0.3338          0.2810          0.0364
 2014          0.0831          0.2883          0.3345          0.0536
 2015          0.1412          0.2650          0.3914          0.0433
 2016          0.1701          0.3629          0.2173          0.0360
 2017          0.1347          0.3446          0.2402          0.0447
 2018          0.1504          0.3167          0.3053          0.0411
 2019          0.0813          0.2982          0.3162          0.0538
 2020          0.0364          0.2898          0.3239          0.0580
 2021          0.1352          0.2766          0.3703          0.0446
 2022          0.2413          0.3643          0.2670          0.0127
 2023          0.1131          0.2967          0.3278          0.0489
 2024          0.2171          0.3458          0.2870          0.0215
 2025          0.2162          0.2570          0.4373          0.0218
 2026          0.0199          0.3066          0.2908          0.0587
 2027          0.0448          0.2948          0.3157          0.0574
 2028          0.0515          0.3059          0.2955          0.0569
 2029          0.0828          0.2980          0.3169          0.0536
 2030          0.1426          0.2910          0.3485          0.0429
 2031          0.0647          0.2900          0.3277          0.0557
 2032          0.0940          0.2742          0.3616          0.0521
 2033          0.1341          0.2764          0.3701          0.0448
 2034          0.0781          0.3269          0.2582          0.0542
 2035          0.1045          0.3234          0.2737          0.0504
 2036          0.1369          0.3391          0.2535          0.0442
 2037          0.1565          0.2936          0.3498          0.0396
 2038          0.0965          0.3358          0.2441          0.0517
 2039          0.0707          0.3234          0.2638          0.0551
 2040          0.1117          0.3241          0.2747          0.0492
 2041          0.1901          0.3206          0.3183          0.0302
 2042          0.1707          0.2763          0.3851          0.0359
 2043          0.1248          0.3040          0.3186          0.0467
 2044          0.1750          0.2933          0.3588          0.0347
 2045          0.1912          0.3431          0.2753          0.0299
 2046          0.1104          0.2743          0.3660          0.0494
 2047          0.1741          0.2532          0.4231          0.0349
 2048          0.1369          0.3191          0.2947          0.0442
 2049          0.1571          0.2694          0.3905          0.0394
 2050          0.2048          0.3755          0.2119          0.0256
 2051          0.1346          0.3507          0.2258          0.0447
 2052          0.2053          0.3004          0.3624          0.0254
 2053          0.1118          0.3086          0.3055          0.0492
 2054          0.0717          0.3164          0.2786          0.0550
 2055          0.1369          0.3463          0.2374          0.0442
 2056          0.1687          0.2954          0.3523          0.0364
 2057          0.1972          0.3567          0.2502          0.0280
 2058          0.0823          0.2761          0.3557          0.0537
 2059          0.0520          0.3031          0.3012          0.0569
 2060          0.2026          0.2941          0.3716          0.0263
 2061          0.1109          0.3129          0.2968          0.0493
 2062          0.0120          0.3040          0.2955          0.0589
 2063          0.1144          0.3069          0.3096          0.0487
 2064          0.1097          0.2735          0.3671          0.0495
 2065          0.0169          0.2993          0.3048          0.0588
 2066          0.0494          0.2966          0.3130          0.0571
 2067          0.0207          0.2964          0.3105          0.0587
 2068          0.0924          0.2976          0.3200          0.0523
 2069          0.0998          0.3002          0.3174          0.0512
 2070          0.2194          0.3377          0.3043          0.0207
 2071          0.0807          0.2866          0.3370          0.0539
 2072          0.0974          0.2888          0.3373          0.0516
 2073          0.2056          0.2498          0.4427          0.0253
 2074          0.1809          0.2795          0.3845          0.0330
 2075          0.0294          0.3107          0.2834          0.0583
 2076          0.0922          0.2723          0.3644          0.0523
 2077          0.1248          0.2693          0.3788          0.0467
 2078          0.1199          0.3092          0.3070          0.0477
 2079          0.0880          0.3000          0.3145          0.0529
 2080          0.1562          0.3532          0.2319          0.0397
 2081          0.0068          0.3027          0.2979          0.0590
 2082          0.2275          0.3376          0.3098          0.0178
 2083          0.0506          0.2932          0.3195          0.0570
 2084          0.2369          0.2751          0.4210          0.0144
 2085          0.1967          0.3265          0.3112          0.0282
 2086          0.0810          0.3010          0.3108          0.0539
 2087          0.1084          0.2713          0.3705          0.0498
 2088          0.0623          0.3154          0.2787          0.0560
 2089          0.2062          0.3288          0.3126          0.0251
 2090          0.0193          0.2953          0.3124          0.0587
 2091          0.0117          0.2990          0.3051          0.0589
 2092          0.1177          0.3083          0.3079          0.0481
 2093          0.2313          0.3513          0.2859          0.0164
 2094          0.1548          0.2959          0.3452          0.0400
 2095          0.2039          0.3695          0.2259          0.0259
 2096          0.1617          0.3584          0.2228          0.0383
 2097          0.0774          0.3295          0.2523          0.0543
 2098          0.0590          0.3151          0.2787          0.0563
 2099          0.1401          0.3261          0.2822          0.0435
 2100          0.0646          0.2812          0.3432          0.0558
 2101          0.0864          0.2968          0.3201          0.0532
 2102          0.0881          0.3240          0.2672          0.0529
 2103          0.1937          0.3661          0.2263          0.0291
 2104          0.1584          0.3635          0.2078          0.0391
 2105          0.1858          0.3754          0.1965          0.0315
 2106          0.1038          0.3169          0.2865          0.0505
 2107          0.2399          0.2712          0.4286          0.0132
 2108          0.1669          0.2919          0.3574          0.0369
 2109          0.1045          0.2924          0.3330          0.0504
 2110          0.1206          0.3105          0.3048          0.0476
 2111          0.0623          0.3044          0.3004          0.0560
 2112          0.0438          0.2877          0.3287          0.0575
 2113          0.1164          0.3166          0.2915          0.0483
 2114          0.2033          0.3414          0.2864          0.0261
 2115          0.0896          0.2965          0.3213          0.0527
 2116          0.0993          0.3187          0.2815          0.0513
 2117          0.1398          0.2973          0.3365          0.0436
 2118          0.1505          0.3048          0.3274          0.0411
 2119          0.1785          0.3065          0.3377          0.0337
 2120          0.1189          0.2936          0.3353          0.0479
 2121          0.0657          0.2867          0.3338          0.0556
 2122          0.1208          0.3008          0.3231          0.0475
 2123          0.0747          0.2899          0.3298          0.0547
 2124          0.1475          0.3309          0.2760          0.0418
 2125          0.0253          0.2989          0.3061          0.0585
 2126          0.1850          0.2635          0.4121          0.0318
 2127          0.1084          0.2850          0.3472          0.0498
 2128          0.1477          0.3080          0.3205          0.0417
 2129          0.0831          0.2801          0.3490          0.0536
 2130          0.0948          0.2967          0.3224          0.0520
 2131          0.1473          0.3495          0.2354          0.0418
 2132          0.1019          0.3001          0.3182          0.0509
 2133          0.0499          0.3105          0.2864          0.0571
 2134          0.0572          0.3107          0.2871          0.0565
 2135          0.0730          0.3034          0.3044          0.0549
 2136          0.0871          0.2789          0.3519          0.0531
 2137          0.2065          0.3238          0.3220          0.0250
 2138          0.1334          0.2795          0.3647          0.0450
 2139          0.1268          0.3431          0.2397          0.0463
 2140          0.0459          0.2957          0.3143          0.0574
 2141          0.0515          0.3145          0.2785          0.0569
 2142          0.1657          0.3522          0.2399          0.0372
 2143          0.1519          0.2904          0.3533          0.0407
 2144          0.2092          0.2601          0.4289          0.0241
 2145          0.1476          0.2908          0.3510          0.0418
 2146          0.0353          0.3023          0.3006          0.0580
 2147          0.1877          0.2568          0.4236          0.0310
 2148          0.1771          0.2962          0.3549          0.0341
 2149          0.0183          0.3008          0.3019          0.0587
 2150          0.1662          0.3094          0.3264          0.0371
 2151          0.1576          0.3399          0.2623          0.0393
 2152          0.1775          0.3298          0.2937          0.0340
 2153          0.1289          0.3287          0.2720          0.0459
 2154          0.0676          0.2872          0.3332          0.0554
 2155          0.1374          0.3455          0.2395          0.0441
 2156          0.0161          0.3014          0.3007          0.0588
 2157          0.0923          0.3074          0.3016          0.0523
 2158          0.0526          0.3141          0.2795          0.0569
 2159          0.0735          0.2903          0.3288          0.0548
 2160          0.1541          0.3291          0.2828          0.0402
 2161          0.1466          0.2635          0.3958          0.0420
 2162          0.1082          0.2808          0.3543          0.0498
 2163          0.0605          0.3079          0.2933          0.0562
 2164          0.1754          0.3464          0.2586          0.0345
 2165          0.1465          0.2858          0.3590          0.0420
 2166          0.1321          0.3216          0.2878          0.0452
 2167          0.0399          0.3032          0.2993          0.0578
 2168          0.1694          0.2629          0.4059          0.0362
 2169          0.0491          0.2878          0.3291          0.0571
 2170          0.1637          0.2781          0.3790          0.0377
 2171          0.0647          0.2817          0.3425          0.0557
 2172          0.1116          0.3000          0.3213          0.0492
 2173          0.1218          0.2911          0.3408          0.0473
 2174          0.1547          0.3007          0.3365          0.0400
 2175          0.1994          0.3108          0.3411          0.0274
 2176          0.1617          0.2704          0.3908          0.0383
 2177          0.1565          0.3245          0.2932          0.0396
 2178          0.1557          0.3597          0.2158          0.0398
 2179          0.1660          0.3675          0.2027          0.0371
 2180          0.1868          0.3051          0.3444          0.0312
 2181          0.2110          0.3181          0.3351          0.0235
 2182          0.0822          0.3073          0.2992          0.0537
 2183          0.0136          0.2992          0.3049          0.0589
 2184          0.0741          0.3122          0.2877          0.0547
 2185          0.0949          0.3165          0.2845          0.0520
 2186          0.0696          0.3215          0.2677          0.0552
 2187          0.2184          0.3003          0.3701          0.0210
 2188          0.0819          0.2804          0.3483          0.0538
 2189          0.0220          0.3070          0.2901          0.0586
 2190          0.2227          0.3872          0.1971          0.0195
 2191          0.1461          0.3252          0.2868          0.0421
 2192          0.1286          0.2637          0.3892          0.0460
 2193          0.1090          0.3300          0.2614          0.0497
 2194          0.0939          0.3006          0.3149          0.0521
 2195          0.1679          0.3181          0.3111          0.0366
 2196          0.1576          0.2731          0.3847          0.0393
 2197          0.0482          0.3049          0.2972          0.0572
 2198          0.1018          0.2759          0.3608          0.0509
 2199          0.0088          0.3031          0.2973          0.0589
 2200          0.1966          0.3026          0.3539          0.0282
 2201          0.0763          0.3035          0.3049          0.0545
 2202          0.1095          0.2846          0.3481          0.0496
 2203          0.2316          0.3240          0.3374          0.0163
 2204          0.1407          0.3411          0.2510          0.0433
 2205          0.1243          0.2894          0.3445          0.0468
 2206          0.1982          0.3791          0.1967          0.0277
 2207          0.1355          0.3150          0.3020          0.0445
 2208          0.1087          0.2946          0.3302          0.0497
 2209          0.1252          0.3331          0.2611          0.0467
 2210          0.1741          0.3587          0.2301          0.0349
 2211          0.0527          0.2995          0.3081          0.0568
 2212          0.1363          0.2698          0.3819          0.0443
 2213          0.0828          0.2770          0.3543          0.0536
 2214          0.1298          0.2743          0.3723          0.0457
 2215          0.1189          0.2822          0.3553          0.0479
 2216          0.0817          0.2977          0.3171          0.0538
 2217          0.1174          0.3071          0.3101          0.0482
 2218          0.1311          0.3098          0.3102          0.0454
 2219          0.1378          0.3153          0.3025          0.0440
 2220          0.1209          0.2803          0.3591          0.0475
 2221          0.0630          0.3163          0.2770          0.0559
 2222          0.1477          0.2961          0.3417          0.0417
 2223          0.0807          0.2898          0.3313          0.0539
 2224          0.2091          0.3232          0.3247          0.0242
 2225          0.0335          0.3014          0.3019          0.0581
 2226          0.0854          0.3084          0.2978          0.0533
 2227          0.1391          0.3507          0.2282          0.0437
 2228          0.1357          0.3486          0.2314          0.0444
 2229          0.0992          0.3088          0.3010          0.0513
 2230          0.1579          0.3494          0.2415          0.0392
 2231          0.1943          0.3541          0.2542          0.0289
 2232          0.0949          0.3300          0.2564          0.0520
 2233          0.0929          0.3132          0.2904          0.0523
 2234          0.0473          0.3165          0.2738          0.0573
 2235          0.2178          0.3578          0.2627          0.0212
 2236          0.1674          0.2906          0.3598          0.0368
 2237          0.1337          0.3085          0.3137          0.0449
 2238          0.2147          0.3896          0.1827          0.0223
 2239          0.1584          0.3177          0.3072          0.0391
 2240          0.0990          0.3201          0.2785          0.0513
 2241          0.1007          0.2723          0.3667          0.0510
 2242          0.1083          0.3041          0.3126          0.0498
 2243          0.1140          0.2990          0.3240          0.0488
 2244          0.1691          0.3370          0.2746          0.0363
 2245          0.1563          0.3167          0.3082          0.0396
 2246          0.1771          0.2702          0.3979          0.0341
 2247          0.1560          0.3302          0.2817          0.0397
 2248          0.2216          0.3774          0.2211          0.0199
 2249          0.0587          0.2902          0.3262          0.0563
 2250          0.1893          0.2554          0.4265          0.0305
 2251          0.1604          0.3527          0.2355          0.0386
 2252          0.1367          0.3066          0.3183          0.0442
 2253          0.1746          0.3634          0.2192          0.0348
 2254          0.0081          0.3038          0.2958          0.0590
 2255          0.1188          0.2699          0.3758          0.0479
 2256          0.0716          0.3163          0.2789          0.0550
 2257          0.0266          0.3001          0.3039          0.0585
 2258          0.0622          0.3059          0.2974          0.0560
 2259          0.1268          0.3471          0.2305          0.0463
 2260          0.1041          0.3021          0.3150          0.0505
 2261          0.1277          0.3436          0.2389          0.0462
 2262          0.1624          0.3641          0.2090          0.0381
 2263          0.0655          0.2843          0.3380          0.0557
 2264          0.2257          0.2839          0.4009          0.0184
 2265          0.1017          0.2908          0.3349          0.0509
 2266          0.2084          0.3329          0.3063          0.0244
 2267          0.0437          0.2902          0.3241          0.0575
 2268          0.1839          0.3520          0.2518          0.0321
 2269          0.1103          0.3070          0.3079          0.0494
 2270          0.1743          0.2688          0.3987          0.0349
 2271          0.2053          0.2544          0.4356          0.0254
 2272          0.1136          0.3313          0.2602          0.0489
 2273          0.0986          0.2874          0.3401          0.0514
 2274          0.0774          0.3164          0.2801          0.0543
 2275          0.0827          0.2937          0.3247          0.0537
 2276          0.0638          0.2927          0.3226          0.0558
 2277          0.0990          0.3234          0.2719          0.0513
 2278          0.1118          0.3002          0.3211          0.0492
 2279          0.1402          0.2994          0.3328          0.0435
 2280          0.1674          0.2862          0.3672          0.0368
 2281          0.0985          0.2761          0.3597          0.0514
 2282          0.1203          0.3451          0.2321          0.0476
 2283          0.1669          0.2971          0.3484          0.0369
 2284          0.1779          0.2994          0.3498          0.0338
 2285          0.1152          0.3334          0.2564          0.0486
 2286          0.1332          0.2623          0.3930          0.0450
 2287          0.2132          0.2780          0.4033          0.0228
 2288          0.0719          0.3247          0.2613          0.0550
 2289          0.1379          0.3088          0.3148          0.0440
 2290          0.0862          0.3222          0.2704          0.0532
 2291          0.1059          0.3113          0.2983          0.0502
 2292          0.1122          0.3173          0.2886          0.0491
 2293          0.0886          0.3261          0.2629          0.0529
 2294          0.0969          0.3113          0.2954          0.0516
 2295          0.2106          0.3022          0.3623          0.0237
 2296          0.0188          0.2999          0.3038          0.0587
 2297          0.1022          0.2868          0.3422          0.0508
 2298          0.1725          0.3640          0.2162          0.0353
 2299          0.0733          0.2987          0.3134          0.0548
 2300          0.0807          0.2797          0.3491          0.0539
 2301          0.0866          0.2786          0.3523          0.0531
 2302          0.1989          0.3124          0.3381          0.0275
 2303          0.2139          0.3590          0.2572          0.0226
 2304          0.0790          0.3032          0.3063          0.0541
 2305          0.1394          0.2837          0.3599          0.0436
 2306          0.1121          0.3374          0.2464          0.0491
 2307          0.0897          0.3107          0.2945          0.0527
 2308          0.0363          0.2931          0.3180          0.0580
 2309          0.1198          0.3417          0.2399          0.0477
 2310          0.1797          0.2640          0.4088          0.0333
 2311          0.1442          0.3101          0.3151          0.0426
 2312          0.1864          0.2899          0.3701          0.0313
 2313          0.1194          0.2921          0.3382          0.0478
 2314          0.0987          0.3335          0.2501          0.0514
 2315          0.0870          0.2908          0.3309          0.0531
 2316          0.1086          0.3226          0.2767          0.0497
 2317          0.1096          0.2893          0.3400          0.0496
 2318          0.0481          0.3105          0.2860          0.0572
 2319          0.2199          0.3336          0.3124          0.0205
 2320          0.1063          0.3380          0.2428          0.0501
 2321          0.1043          0.3364          0.2457          0.0505
 2322          0.1102          0.2915          0.3363          0.0495
 2323          0.0864          0.3223          0.2703          0.0532
 2324          0.1738          0.2764          0.3863          0.0350
 2325          0.2071          0.3762          0.2120          0.0248
 2326          0.1669          0.3447          0.2572          0.0369
 2327          0.2394          0.2522          0.4568          0.0134
 2328          0.1520          0.3371          0.2653          0.0407
 2329          0.0474          0.2933          0.3189          0.0573
 2330          0.0881          0.2777          0.3542          0.0529
 2331          0.1637          0.2641          0.4017          0.0377
 2332          0.1544          0.3119          0.3162          0.0401
 2333          0.1049          0.3306          0.2587          0.0504
 2334          0.1206          0.3146          0.2970          0.0475
 2335          0.1896          0.3589          0.2402          0.0304
 2336          0.1649          0.2956          0.3501          0.0374
 2337          0.0718          0.2983          0.3139          0.0550
 2338          0.0530          0.2846          0.3355          0.0568
 2339          0.0416          0.3049          0.2963          0.0577
 2340          0.1385          0.2936          0.3425          0.0438
 2341          0.2113          0.2569          0.4350          0.0235
 2342          0.1168          0.2659          0.3819          0.0483
 2343          0.0497          0.2937          0.3185          0.0571
 2344          0.1494          0.3317          0.2753          0.0413
 2345          0.0882          0.3192          0.2771          0.0529
 2346          0.0446          0.3064          0.2936          0.0575
 2347          0.0728          0.3042          0.3030          0.0549
 2348          0.2124          0.3146          0.3420          0.0231
 2349          0.1385          0.3474          0.2357          0.0438
 2350          0.0551          0.3084          0.2912          0.0566
 2351          0.1499          0.2795          0.3711          0.0412
 2352          0.0841          0.2894          0.3328          0.0535
 2353          0.0857          0.3034          0.3074          0.0533
 2354          0.1552          0.3062          0.3269          0.0399
 2355          0.1056          0.2702          0.3715          0.0502
 2356          0.1370          0.2643          0.3910          0.0442
 2357          0.1620          0.2601          0.4073          0.0382
 2358          0.1675          0.3634          0.2141          0.0367
 2359          0.1541          0.3392          0.2620          0.0402
 2360          0.1009          0.3356          0.2462          0.0510
 2361          0.0534          0.3071          0.2936          0.0568
 2362          0.1762          0.2963          0.3543          0.0343
 2363          0.1352          0.3169          0.2983          0.0446
 2364          0.1569          0.3284          0.2857          0.0395
 2365          0.1039          0.2976          0.3233          0.0505
 2366          0.1309          0.3339          0.2619          0.0455
 2367          0.2355          0.3589          0.2736          0.0149
 2368          0.0782          0.2975          0.3168          0.0542
 2369          0.1796          0.3456          0.2630          0.0334
 2370          0.0532          0.2997          0.3079          0.0568
 2371          0.2318          0.3366          0.3147          0.0162
 2372          0.1374          0.2799          0.3655          0.0441
 2373          0.1968          0.2656          0.4144          0.0281
 2374          0.0883          0.2895          0.3336          0.0529
 2375          0.0911          0.2903          0.3330          0.0525
 2376          0.0696          0.3047          0.3012          0.0552
 2377          0.0142          0.3015          0.3004          0.0589
 2378          0.0182          0.3024          0.2990          0.0588
 2379          0.1857          0.2845          0.3787          0.0316
 2380          0.1075          0.2987          0.3225          0.0499
 2381          0.0649          0.3116          0.2869          0.0557
 2382          0.0576          0.3182          0.2720          0.0564
 2383          0.1057          0.3391          0.2400          0.0502
 2384          0.0584          0.2977          0.3125          0.0563
 2385          0.0867          0.2905          0.3316          0.0531
 2386          0.0420          0.2944          0.3161          0.0576
 2387          0.2047          0.3627          0.2424          0.0256
 2388          0.0556          0.3071          0.2940          0.0566
 2389          0.0801          0.3096          0.2941          0.0540
 2390          0.0578          0.2826          0.3396          0.0564
 2391          0.1869          0.3345          0.2901          0.0312
 2392          0.0520          0.2945          0.3173          0.0569
 2393          0.1763          0.2757          0.3886          0.0343
 2394          0.0749          0.2900          0.3298          0.0546
 2395          0.0583          0.2846          0.3362          0.0564
 2396          0.1718          0.3043          0.3383          0.0356
 2397          0.0891          0.2987          0.3171          0.0528
 2398          0.1440          0.3326          0.2707          0.0426
 2399          0.0119          0.2991          0.3050          0.0589
 2400          0.1111          0.3279          0.2665          0.0493
 2401          0.0492          0.3067          0.2937          0.0571
 2402          0.1584          0.2630          0.4013          0.0391
 2403          0.0962          0.3138          0.2903          0.0518
 2404          0.0404          0.3100          0.2860          0.0577
 2405          0.1515          0.3602          0.2119          0.0408
 2406          0.1981          0.3373          0.2913          0.0278
 2407          0.2006          0.3172          0.3305          0.0269
 2408          0.1000          0.2968          0.3236          0.0512
 2409          0.0590          0.3199          0.2688          0.0563
 2410          0.1651          0.3433          0.2592          0.0374
 2411          0.1663          0.2556          0.4160          0.0370
 2412          0.1453          0.2904          0.3508          0.0423
 2413          0.1341          0.3465          0.2355          0.0448
 2414          0.1442          0.2864          0.3571          0.0426
 2415          0.1345          0.3100          0.3110          0.0447
 2416          0.1576          0.3246          0.2936          0.0393
 2417          0.1516          0.3094          0.3195          0.0408
 2418          0.0735          0.3183          0.2752          0.0548
 2419          0.0252          0.3095          0.2853          0.0585
 2420          0.1916          0.2551          0.4281          0.0298
 2421          0.1328          0.2813          0.3614          0.0451
 2422          0.0789          0.3249          0.2627          0.0541
 2423          0.1892          0.2551          0.4269          0.0305
 2424          0.1109          0.2902          0.3387          0.0493
 2425          0.1392          0.3511          0.2272          0.0437
 2426          0.1861          0.2970          0.3580          0.0315
 2427          0.0168          0.2954          0.3121          0.0588
 2428          0.0964          0.3277          0.2618          0.0517
 2429          0.1694          0.3284          0.2922          0.0362
 2430          0.2213          0.3662          0.2471          0.0200
 2431          0.0712          0.2830          0.3415          0.0550
 2432          0.1751          0.2668          0.4023          0.0346
 2433          0.0521          0.2917          0.3226          0.0569
 2434          0.1105          0.2969          0.3266          0.0494
 2435          0.0677          0.3129          0.2848          0.0554
 2436          0.1841          0.2982          0.3549          0.0320
 2437          0.1677          0.3120          0.3224          0.0367
 2438          0.0649          0.2843          0.3379          0.0557
 2439          0.1494          0.2909          0.3515          0.0413
 2440          0.1808          0.2596          0.4161          0.0330
 2441          0.1577          0.2929          0.3516          0.0393
 2442          0.0318          0.2975          0.3093          0.0582
 2443          0.0567          0.3109          0.2866          0.0565
 2444          0.0775          0.3203          0.2720          0.0543
 2445          0.2170          0.3639          0.2489          0.0215
 2446          0.1333          0.3014          0.3265          0.0450
 2447          0.0435          0.3115          0.2834          0.0575
 2448          0.0567          0.3133          0.2818          0.0565
 2449          0.1426          0.3036          0.3263          0.0429
 2450          0.1062          0.2959          0.3271          0.0502
 2451          0.1012          0.3307          0.2571          0.0510
 2452          0.0880          0.3112          0.2932          0.0530
 2453          0.0395          0.3093          0.2872          0.0578
 2454          0.1812          0.2654          0.4073          0.0329
 2455          0.1225          0.3131          0.3005          0.0472
 2456          0.1902          0.3045          0.3472          0.0302
 2457          0.1490          0.3173          0.3036          0.0414
 2458          0.0973          0.2895          0.3361          0.0516
 2459          0.0340          0.3110          0.2832          0.0581
 2460          0.0548          0.3004          0.3068          0.0567
 2461          0.1802          0.3590          0.2335          0.0332
 2462          0.1095          0.3137          0.2949          0.0496
 2463          0.0645          0.2859          0.3351          0.0558
 2464          0.0441          0.3133          0.2799          0.0575
 2465          0.0382          0.2932          0.3180          0.0579
 2466          0.0415          0.3082          0.2896          0.0577
 2467          0.0718          0.3034          0.3042          0.0550
 2468          0.1400          0.3351          0.2635          0.0435
 2469          0.1386          0.3152          0.3031          0.0438
 2470          0.2116          0.3398          0.2951          0.0233
 2471          0.1576          0.3637          0.2069          0.0393
 2472          0.1130          0.3096          0.3040          0.0490
 2473          0.2158          0.2883          0.3882          0.0219
 2474          0.1213          0.3160          0.2945          0.0474
 2475          0.1107          0.3316          0.2587          0.0494
 2476          0.1063          0.3184          0.2844          0.0501
 2477          0.0738          0.3265          0.2579          0.0548
 2478          0.1303          0.3072          0.3146          0.0456
 2479          0.0316          0.3040          0.2969          0.0582
 2480          0.1186          0.2916          0.3389          0.0479
 2481          0.1474          0.3249          0.2881          0.0418
 2482          0.0353          0.2906          0.3224          0.0580
 2483          0.1801          0.3155          0.3224          0.0332
 2484          0.1568          0.3572          0.2226          0.0395
 2485          0.1679          0.2538          0.4196          0.0366
 2486          0.2084          0.2941          0.3747          0.0244
 2487          0.1186          0.2957          0.3315          0.0479
 2488          0.1510          0.2718          0.3842          0.0409
 2489          0.1298          0.3238          0.2825          0.0457
 2490          0.1574          0.3121          0.3172          0.0394
 2491          0.0947          0.2818          0.3488          0.0520
 2492          0.1143          0.3327          0.2576          0.0487
 2493          0.0397          0.2928          0.3188          0.0578
 2494          0.1327          0.3079          0.3144          0.0451
 2495          0.1260          0.3379          0.2512          0.0465
 2496          0.1077          0.2942          0.3307          0.0499
 2497          0.1041          0.3146          0.2913          0.0505
 2498          0.0826          0.3141          0.2859          0.0537
 2499          0.1564          0.3120          0.3170          0.0396
 2500          0.1130          0.3203          0.2829          0.0490
 2501          0.1701          0.3073          0.3320          0.0360
 2502          0.0678          0.2984          0.3128          0.0554
 2503          0.1717          0.2897          0.3633          0.0356
 2504          0.0795          0.2844          0.3407          0.0541
 2505          0.0488          0.2967          0.3128          0.0572
 2506          0.1875          0.2991          0.3551          0.0310
 2507          0.1127          0.3016          0.3188          0.0490
 2508          0.2255          0.3108          0.3565          0.0185
 2509          0.1432          0.3039          0.3259          0.0428
 2510          0.1724          0.3471          0.2552          0.0354
 2511          0.2416          0.2438          0.4703          0.0126
 2512          0.1289          0.2744          0.3717          0.0459
 2513          0.1493          0.2639          0.3962          0.0414
 2514          0.1144          0.2808          0.3563          0.0487
 2515          0.1537          0.3066          0.3255          0.0403
 2516          0.0950          0.2876          0.3388          0.0519
 2517          0.0564          0.3073          0.2936          0.0565
 2518          0.0411          0.2897          0.3246          0.0577
 2519          0.1858          0.3412          0.2758          0.0315
 2520          0.1255          0.3308          0.2663          0.0466
 2521          0.1683          0.3581          0.2278          0.0365
 2522          0.1293          0.3422          0.2430          0.0458
 2523          0.1380          0.3233          0.2869          0.0439
 2524          0.1812          0.3718          0.2024          0.0329
 2525          0.0345          0.2915          0.3206          0.0581
 2526          0.1052          0.3015          0.3165          0.0503
 2527          0.1553          0.3567          0.2230          0.0399
 2528          0.1990          0.3662          0.2299          0.0275
 2529          0.0636          0.3092          0.2912          0.0559
 2530          0.0997          0.3245          0.2698          0.0512
 2531          0.0839          0.3278          0.2578          0.0535
 2532          0.1660          0.2860          0.3670          0.0371
 2533          0.0901          0.3028          0.3098          0.0527
 2534          0.1487          0.3056          0.3253          0.0415
 2535          0.1662          0.3613          0.2186          0.0371
 2536          0.0867          0.2813          0.3478          0.0531
 2537          0.1341          0.2800          0.3643          0.0448
 2538          0.1027          0.2732          0.3656          0.0507
 2539          0.1648          0.3352          0.2761          0.0375
 2540          0.1655          0.3169          0.3122          0.0373
 2541          0.0674          0.2884          0.3311          0.0555
 2542          0.2061          0.3459          0.2792          0.0252
 2543          0.1617          0.2718          0.3884          0.0383
 2544          0.1235          0.3469          0.2295          0.0470
 2545          0.0075          0.2998          0.3035          0.0590
 2546          0.1219          0.2686          0.3790          0.0473
 2547          0.1564          0.3313          0.2795          0.0396
 2548          0.2022          0.3589          0.2490          0.0264
 2549          0.1386          0.2802          0.3654          0.0438
 2550          0.1427          0.2956          0.3407          0.0429
 2551          0.0140          0.2977          0.3077          0.0589
 2552          0.1794          0.3405          0.2735          0.0334
 2553          0.1010          0.2754          0.3615          0.0510
 2554          0.0513          0.3168          0.2739          0.0570
 2555          0.0772          0.2922          0.3263          0.0543
 2556          0.2041          0.2965          0.3683          0.0258
 2557          0.1080          0.3152          0.2912          0.0498
 2558          0.1638          0.2609          0.4068          0.0377
 2559          0.2395          0.2830          0.4103          0.0134
 2560          0.1627          0.2982          0.3447          0.0380
 2561          0.1517          0.3478          0.2418          0.0408
 2562          0.1374          0.3134          0.3059          0.0441
 2563          0.1017          0.3168          0.2861          0.0509
 2564          0.0779          0.2867          0.3362          0.0543
 2565          0.1338          0.2653          0.3884          0.0449
 2566          0.0962          0.3175          0.2830          0.0517
 2567          0.0986          0.3288          0.2602          0.0514
 2568          0.1376          0.3000          0.3307          0.0441
 2569          0.0985          0.3301          0.2574          0.0514
 2570          0.1122          0.3285          0.2658          0.0491
 2571          0.1079          0.3059          0.3092          0.0499
 2572          0.1198          0.3365          0.2516          0.0477
 2573          0.1100          0.3313          0.2588          0.0495
 2574          0.1536          0.2599          0.4043          0.0403
 2575          0.0471          0.3086          0.2896          0.0573
 2576          0.1645          0.3292          0.2880          0.0375
 2577          0.1980          0.2629          0.4191          0.0278
 2578          0.1241          0.2696          0.3780          0.0469
 2579          0.0766          0.3281          0.2553          0.0544
 2580          0.0691          0.3199          0.2709          0.0553
 2581          0.1637          0.2682          0.3951          0.0377
 2582          0.1060          0.3195          0.2820          0.0502
 2583          0.1028          0.3045          0.3101          0.0507
 2584          0.0966          0.3087          0.3004          0.0517
 2585          0.1067          0.3251          0.2709          0.0501
 2586          0.1409          0.2850          0.3582          0.0433
 2587          0.1755          0.3150          0.3208          0.0345
 2588          0.2055          0.2972          0.3679          0.0254
 2589          0.1771          0.3682          0.2087          0.0341
 2590          0.1036          0.2845          0.3466          0.0506
 2591          0.1195          0.3200          0.2860          0.0478
 2592          0.1218          0.2788          0.3619          0.0473
 2593          0.0704          0.2906          0.3277          0.0551
 2594          0.0832          0.2982          0.3166          0.0536
 2595          0.1965          0.3547          0.2544          0.0283
 2596          0.1681          0.2729          0.3894          0.0366
 2597          0.2076          0.3114          0.3449          0.0247
 2598          0.0494          0.3000          0.3066          0.0571
 2599          0.0917          0.3178          0.2809          0.0524
 2600          0.1637          0.3335          0.2789          0.0377
 2601          0.1119          0.2980          0.3251          0.0492
 2602          0.2096          0.2509          0.4430          0.0240
 2603          0.1124          0.2826          0.3525          0.0491
 2604          0.1245          0.3401          0.2456          0.0468
 2605          0.0139          0.2975          0.3080          0.0589
 2606          0.1857          0.2666          0.4075          0.0316
 2607          0.1765          0.2633          0.4085          0.0343
 2608          0.1476          0.2729          0.3811          0.0418
 2609          0.0057          0.3028          0.2976          0.0590
 2610          0.1112          0.3200          0.2828          0.0493
 2611          0.2010          0.2588          0.4269          0.0268
 2612          0.2176          0.3586          0.2610          0.0213
 2613          0.2252          0.2723          0.4188          0.0186
 2614          0.0545          0.3088          0.2904          0.0567
 2615          0.1476          0.2858          0.3594          0.0418
 2616          0.0884          0.3233          0.2687          0.0529
 2617          0.2235          0.2552          0.4439          0.0192
 2618          0.1944          0.3521          0.2584          0.0289
 2619          0.1194          0.3270          0.2717          0.0478
 2620          0.0449          0.2995          0.3069          0.0574
 2621          0.0682          0.3034          0.3035          0.0554
 2622          0.1781          0.3051          0.3398          0.0338
 2623          0.1100          0.3297          0.2623          0.0495
 2624          0.1149          0.2737          0.3683          0.0486
 2625          0.1266          0.3491          0.2256          0.0464
 2626          0.0333          0.3057          0.2937          0.0581
 2627          0.1656          0.3586          0.2247          0.0372
 2628          0.1295          0.3011          0.3256          0.0458
 2629          0.0849          0.2773          0.3542          0.0534
 2630          0.1572          0.3131          0.3152          0.0394
 2631          0.1151          0.2814          0.3554          0.0486
 2632          0.0740          0.2883          0.3326          0.0547
 2633          0.0908          0.3233          0.2694          0.0525
 2634          0.1179          0.3409          0.2408          0.0481
 2635          0.1679          0.2861          0.3677          0.0366
 2636          0.0938          0.3268          0.2631          0.0521
 2637          0.0947          0.3346          0.2462          0.0520
 2638          0.1214          0.3135          0.2994          0.0474
 2639          0.2001          0.3011          0.3584          0.0271
 2640          0.0980          0.3038          0.3101          0.0515
 2641          0.1405          0.2691          0.3845          0.0434
 2642          0.2109          0.3117          0.3462          0.0236
 2643          0.0229          0.2955          0.3123          0.0586
 2644          0.0997          0.2798          0.3536          0.0512
 2645          0.1512          0.2610          0.4016          0.0409
 2646          0.0832          0.2999          0.3134          0.0536
 2647          0.1610          0.3600          0.2183          0.0384
 2648          0.2297          0.3738          0.2366          0.0170
 2649          0.0100          0.2988          0.3054          0.0589
 2650          0.1096          0.2811          0.3541          0.0496
 2651          0.1552          0.3401          0.2606          0.0399
 2652          0.1080          0.3102          0.3011          0.0498
 2653          0.1619          0.3262          0.2925          0.0382
 2654          0.0357          0.3006          0.3037          0.0580
 2655          0.1353          0.2662          0.3874          0.0445
 2656          0.2128          0.2860          0.3904          0.0229
 2657          0.1557          0.3505          0.2379          0.0398
 2658          0.1660          0.3616          0.2177          0.0371
 2659          0.1318          0.2642          0.3895          0.0453
 2660          0.1231          0.3123          0.3024          0.0471
 2661          0.0927          0.2900          0.3339          0.0523
 2662          0.0374          0.3014          0.3024          0.0579
 2663          0.1931          0.2940          0.3667          0.0293
 2664          0.1934          0.3129          0.3342          0.0292
 2665          0.0162          0.3052          0.2934          0.0588
 2666          0.0775          0.2980          0.3157          0.0543
 2667          0.1664          0.3041          0.3360          0.0370
 2668          0.1714          0.3098          0.3282          0.0357
 2669          0.1164          0.3084          0.3074          0.0483
 2670          0.1179          0.2915          0.3387          0.0481
 2671          0.1323          0.3412          0.2468          0.0452
 2672          0.1313          0.3293          0.2718          0.0454
 2673          0.1516          0.2706          0.3863          0.0408
 2674          0.0626          0.3165          0.2764          0.0560
 2675          0.1191          0.2902          0.3414          0.0478
 2676          0.1535          0.3354          0.2697          0.0403
 2677          0.1202          0.3260          0.2741          0.0476
 2678          0.0800          0.3275          0.2573          0.0540
 2679          0.0582          0.3077          0.2933          0.0564
 2680          0.1581          0.3467          0.2478          0.0392
 2681          0.1538          0.2992          0.3388          0.0403
 2682          0.1058          0.2836          0.3487          0.0502
 2683          0.1876          0.3107          0.3348          0.0310
 2684          0.1725          0.2671          0.4007          0.0354
 2685          0.0750          0.2887          0.3320          0.0546
 2686          0.2393          0.3310          0.3299          0.0135
 2687          0.0504          0.2975          0.3115          0.0570
 2688          0.0566          0.2977          0.3121          0.0565
 2689          0.1296          0.3108          0.3077          0.0458
 2690          0.1400          0.2877          0.3533          0.0435
 2691          0.1371          0.3113          0.3098          0.0442
 2692          0.0528          0.2863          0.3323          0.0568
 2693          0.0561          0.2895          0.3272          0.0566
 2694          0.0520          0.3179          0.2715          0.0569
 2695          0.0961          0.3176          0.2828          0.0518
 2696          0.2230          0.3716          0.2362          0.0194
 2697          0.1798          0.2697          0.3999          0.0333
 2698          0.1738          0.3287          0.2940          0.0350
 2699          0.0688          0.3183          0.2741          0.0553
 2700          0.1612          0.2603          0.4066          0.0384
 2701          0.1688          0.3192          0.3096          0.0364
 2702          0.1643          0.2738          0.3864          0.0376
 2703          0.0953          0.3000          0.3164          0.0519
 2704          0.1031          0.3399          0.2371          0.0507
 2705          0.0901          0.3122          0.2916          0.0526
 2706          0.1561          0.2969          0.3439          0.0397
 2707          0.0580          0.2959          0.3157          0.0564
 2708          0.0503          0.3019          0.3032          0.0570
 2709          0.0928          0.3034          0.3094          0.0523
 2710          0.1596          0.3506          0.2398          0.0388
 2711          0.1235          0.3404          0.2445          0.0470
 2712          0.1513          0.3199          0.2996          0.0409
 2713          0.0937          0.2813          0.3494          0.0521
 2714          0.1802          0.2917          0.3640          0.0332
 2715          0.1980          0.2782          0.3950          0.0278
 2716          0.0620          0.3192          0.2708          0.0560
 2717          0.1517          0.3580          0.2177          0.0408
 2718          0.0922          0.3158          0.2852          0.0524
 2719          0.2224          0.3015          0.3703          0.0196
 2720          0.0719          0.2800          0.3468          0.0550
 2721          0.1592          0.2829          0.3691          0.0389
 2722          0.0925          0.2942          0.3263          0.0523
 2723          0.1389          0.3550          0.2177          0.0438
 2724          0.1088          0.3112          0.2994          0.0497
 2725          0.0628          0.2928          0.3222          0.0559
 2726          0.1333          0.2668          0.3856          0.0450
 2727          0.1551          0.2866          0.3613          0.0399
 2728          0.1179          0.3134          0.2983          0.0481
 2729          0.2066          0.3509          0.2694          0.0250
 2730          0.0495          0.3098          0.2877          0.0571
 2731          0.1603          0.3095          0.3234          0.0386
 2732          0.1370          0.3486          0.2320          0.0442
 2733          0.0722          0.3223          0.2664          0.0549
 2734          0.0665          0.2925          0.3235          0.0556
 2735          0.1755          0.2764          0.3871          0.0345
 2736          0.2035          0.3433          0.2829          0.0260
 2737          0.1442          0.3484          0.2364          0.0426
 2738          0.1081          0.3126          0.2964          0.0498
 2739          0.0373          0.3061          0.2933          0.0579
 2740          0.0417          0.3018          0.3022          0.0577
 2741          0.1138          0.2975          0.3265          0.0488
 2742          0.1063          0.3142          0.2927          0.0501
 2743          0.1046          0.3398          0.2381          0.0504
 2744          0.1844          0.3205          0.3154          0.0319
 2745          0.1952          0.3416          0.2809          0.0287
 2746          0.1958          0.3522          0.2591          0.0285
 2747          0.2117          0.3822          0.2003          0.0233
 2748          0.0836          0.3287          0.2558          0.0535
 2749          0.0774          0.2838          0.3413          0.0543
 2750          0.1678          0.2657          0.4008          0.0366
 2751          0.2104          0.2626          0.4258          0.0237
 2752          0.1836          0.2810          0.3834          0.0322
 2753          0.1569          0.2562          0.4113          0.0395
 2754          0.1214          0.2701          0.3764          0.0474
 2755          0.0565          0.3096          0.2893          0.0565
 2756          0.1949          0.2516          0.4348          0.0288
 2757          0.1582          0.2687          0.3920          0.0392
 2758          0.1720          0.3013          0.3435          0.0355
 2759          0.1109          0.2765          0.3624          0.0493
 2760          0.1750          0.3295          0.2930          0.0347
 2761          0.1565          0.3132          0.3148          0.0396
 2762          0.2137          0.2964          0.3738          0.0226
 2763          0.0959          0.3262          0.2649          0.0518
 2764          0.1004          0.3128          0.2936          0.0511
 2765          0.0715          0.2995          0.3116          0.0550
 2766          0.1343          0.3190          0.2939          0.0448
 2767          0.1894          0.3550          0.2488          0.0304
 2768          0.1367          0.3403          0.2508          0.0442
 2769          0.0529          0.2907          0.3244          0.0568
 2770          0.2119          0.3177          0.3362          0.0232
 2771          0.2014          0.2740          0.4035          0.0267
 2772          0.2250          0.3589          0.2657          0.0187
 2773          0.2031          0.3095          0.3456          0.0262
 2774          0.1495          0.2970          0.3409          0.0413
 2775          0.1051          0.3308          0.2583          0.0503
 2776          0.0844          0.3274          0.2588          0.0534
 2777          0.1708          0.3678          0.2052          0.0358
 2778          0.0299          0.3035          0.2976          0.0583
 2779          0.0667          0.2961          0.3170          0.0555
 2780          0.1975          0.2923          0.3719          0.0279
 2781          0.0868          0.2784          0.3527          0.0531
 2782          0.1726          0.3394          0.2717          0.0353
 2783          0.0033          0.3019          0.2993          0.0590
 2784          0.0080          0.3013          0.3007          0.0590
 2785          0.0913          0.3100          0.2964          0.0525
 2786          0.1485          0.2724          0.3822          0.0416
 2787          0.2300          0.3811          0.2194          0.0169
 2788          0.1457          0.3417          0.2522          0.0422
 2789          0.0214          0.3036          0.2967          0.0587
 2790          0.0726          0.2942          0.3216          0.0549
 2791          0.1071          0.2892          0.3394          0.0500
 2792          0.0906          0.2778          0.3547          0.0526
 2793          0.1387          0.3052          0.3217          0.0438
 2794          0.0747          0.3102          0.2917          0.0547
 2795          0.1712          0.2572          0.4156          0.0357
 2796          0.0861          0.3052          0.3042          0.0532
 2797          0.1841          0.3045          0.3440          0.0320
 2798          0.1027          0.2972          0.3237          0.0507
 2799          0.0883          0.2803          0.3498          0.0529
 2800          0.0208          0.3021          0.2996          0.0587
 2801          0.1808          0.3694          0.2085          0.0330
 2802          0.1496          0.3105          0.3167          0.0413
 2803          0.0551          0.2879          0.3298          0.0566
 2804          0.1477          0.3292          0.2795          0.0417
 2805          0.0636          0.3210          0.2672          0.0558
 2806          0.1579          0.3404          0.2615          0.0392
 2807          0.1039          0.2967          0.3250          0.0505
 2808          0.0952          0.3292          0.2584          0.0519
 2809          0.1309          0.3086          0.3123          0.0455
 2810          0.1903          0.3352          0.2906          0.0302
 2811          0.1194          0.2911          0.3399          0.0478
 2812          0.1472          0.3293          0.2791          0.0419
 2813          0.0601          0.2840          0.3376          0.0562
 2814          0.0644          0.3020          0.3054          0.0558
 2815          0.1678          0.2557          0.4165          0.0366
 2816          0.2003          0.2531          0.4353          0.0270
 2817          0.0955          0.2779          0.3557          0.0519
 2818          0.1596          0.3316          0.2806          0.0388
 2819          0.1843          0.3173          0.3211          0.0320
 2820          0.1892          0.3297          0.3007          0.0305
 2821          0.2223          0.3876          0.1956          0.0196
 2822          0.1932          0.2498          0.4369          0.0293
 2823          0.1770          0.3711          0.2011          0.0341
 2824          0.1063          0.2922          0.3338          0.0501
 2825          0.1289          0.3246          0.2803          0.0459
 2826          0.1095          0.3037          0.3138          0.0496
 2827          0.1933          0.3062          0.3460          0.0292
 2828          0.0977          0.3289          0.2598          0.0515
 2829          0.0728          0.3135          0.2846          0.0549
 2830          0.0625          0.3145          0.2806          0.0560
 2831          0.0794          0.3299          0.2520          0.0541
 2832          0.0742          0.3023          0.3068          0.0547
 2833          0.1323          0.2975          0.3332          0.0452
 2834          0.2184          0.3240          0.3289          0.0210
 2835          0.1074          0.3328          0.2547          0.0500
 2836          0.1286          0.3000          0.3273          0.0460
 2837          0.1804          0.3078          0.3363          0.0331
 2838          0.0687          0.3216          0.2671          0.0553
 2839          0.0421          0.3112          0.2839          0.0576
 2840          0.0595          0.3226          0.2632          0.0563
 2841          0.1468          0.3149          0.3071          0.0419
 2842          0.2009          0.2748          0.4020          0.0268
 2843          0.2024          0.3030          0.3565          0.0264
 2844          0.2310          0.3502          0.2881          0.0165
 2845          0.0833          0.3215          0.2710          0.0536
 2846          0.1868          0.2726          0.3984          0.0312
 2847          0.2289          0.3451          0.2965          0.0173
 2848          0.1678          0.2857          0.3682          0.0366
 2849          0.2201          0.3775          0.2197          0.0204
 2850          0.1291          0.2836          0.3564          0.0459
 2851          0.2159          0.2936          0.3796          0.0219
 2852          0.1592          0.3473          0.2471          0.0389
 2853          0.1993          0.3423          0.2822          0.0274
 2854          0.1292          0.3001          0.3274          0.0458
 2855          0.0993          0.2784          0.3560          0.0513
 2856          0.0454          0.3005          0.3051          0.0574
 2857          0.0968          0.2905          0.3341          0.0517
 2858          0.0541          0.2835          0.3375          0.0567
 2859          0.2096          0.3219          0.3274          0.0240
 2860          0.1545          0.3579          0.2196          0.0401
 2861          0.2336          0.3859          0.2108          0.0156
 2862          0.1314          0.3486          0.2292          0.0454
 2863          0.1901          0.2979          0.3586          0.0302
 2864          0.1241          0.2681          0.3805          0.0469
 2865          0.0681          0.3107          0.2892          0.0554
 2866          0.0203          0.2956          0.3120          0.0587
 2867          0.1257          0.2950          0.3352          0.0466
 2868          0.0876          0.2897          0.3331          0.0530
 2869          0.0314          0.2950          0.3139          0.0582
 2870          0.0291          0.2965          0.3108          0.0583
 2871          0.0622          0.2916          0.3244          0.0560
 2872          0.1711          0.3198          0.3097          0.0357
 2873          0.1014          0.2996          0.3189          0.0509
 2874          0.1576          0.3112          0.3189          0.0393
 2875          0.1405          0.2798          0.3669          0.0434
 2876          0.0338          0.3052          0.2946          0.0581
 2877          0.1670          0.3148          0.3169          0.0369
 2878          0.1366          0.2872          0.3528          0.0443
 2879          0.0966          0.2794          0.3535          0.0517
 2880          0.1685          0.3482          0.2504          0.0365
 2881          0.2283          0.2563          0.4448          0.0175
 2882          0.1297          0.2623          0.3917          0.0457
 2883          0.1380          0.3231          0.2872          0.0440
 2884          0.0721          0.2835          0.3407          0.0549
 2885          0.1157          0.2872          0.3456          0.0485
 2886          0.1684          0.3229          0.3024          0.0365
 2887          0.1722          0.3446          0.2606          0.0354
 2888          0.0157          0.2978          0.3077          0.0588
 2889          0.1782          0.3231          0.3071          0.0338
 2890          0.0757          0.2865          0.3362          0.0545
 2891          0.0597          0.3186          0.2715          0.0562
 2892          0.2009          0.2629          0.4206          0.0269
 2893          0.1781          0.3333          0.2873          0.0338
 2894          0.0301          0.3007          0.3030          0.0583
 2895          0.1428          0.2861          0.3571          0.0429
 2896          0.2046          0.2907          0.3783          0.0256
 2897          0.1277          0.2756          0.3692          0.0461
 2898          0.1395          0.2629          0.3942          0.0436
 2899          0.1481          0.2758          0.3765          0.0416
 2900          0.2197          0.3458          0.2888          0.0205
 2901          0.0887          0.3316          0.2509          0.0529
 2902          0.2222          0.3290          0.3222          0.0197
 2903          0.1392          0.2611          0.3970          0.0437
 2904          0.2086          0.2808          0.3964          0.0243
 2905          0.0472          0.3120          0.2829          0.0573
 2906          0.2137          0.3411          0.2940          0.0226
 2907          0.0680          0.3133          0.2842          0.0554
 2908          0.0446          0.2959          0.3136          0.0575
 2909          0.1285          0.2635          0.3894          0.0460
 2910          0.1652          0.3242          0.2982          0.0373
 2911          0.0187          0.3051          0.2937          0.0587
 2912          0.2342          0.3611          0.2682          0.0153
 2913          0.0579          0.3042          0.3000          0.0564
 2914          0.1469          0.3206          0.2963          0.0419
 2915          0.1595          0.3104          0.3213          0.0388
 2916          0.1348          0.3177          0.2965          0.0446
 2917          0.1529          0.3496          0.2383          0.0405
 2918          0.1187          0.2847          0.3508          0.0479
 2919          0.1879          0.2817          0.3844          0.0309
 2920          0.0144          0.2972          0.3087          0.0588
 2921          0.1519          0.3539          0.2278          0.0407
 2922          0.1855          0.2836          0.3801          0.0316
 2923          0.1086          0.2830          0.3506          0.0497
 2924          0.1807          0.3628          0.2247          0.0330
 2925          0.0513          0.3041          0.2991          0.0570
 2926          0.0280          0.3074          0.2899          0.0584
 2927          0.1101          0.3110          0.3002          0.0495
 2928          0.2233          0.3728          0.2337          0.0193
 2929          0.1223          0.2833          0.3545          0.0472
 2930          0.0532          0.3136          0.2806          0.0568
 2931          0.0823          0.3063          0.3011          0.0537
 2932          0.0058          0.2992          0.3045          0.0590
 2933          0.0393          0.3072          0.2915          0.0578
 2934          0.0865          0.3122          0.2907          0.0532
 2935          0.1664          0.2786          0.3794          0.0370
 2936          0.1955          0.3634          0.2339          0.0286
 2937          0.1788          0.3359          0.2825          0.0336
 2938          0.0743          0.3049          0.3019          0.0547
 2939          0.0607          0.2840          0.3376          0.0561
 2940          0.1004          0.3232          0.2726          0.0511
 2941          0.0120          0.3040          0.2956          0.0589
 2942          0.2389          0.2786          0.4168          0.0136
 2943          0.0137          0.3017          0.3000          0.0589
 2944          0.1335          0.2653          0.3882          0.0449
 2945          0.0985          0.3280          0.2619          0.0514
 2946          0.1245          0.2984          0.3286          0.0468
 2947          0.1538          0.3178          0.3048          0.0403
 2948          0.0530          0.3145          0.2788          0.0568
 2949          0.0882          0.3109          0.2937          0.0529
 2950          0.1085          0.3282          0.2651          0.0498
 2951          0.0931          0.2995          0.3168          0.0522
 2952          0.1239          0.2670          0.3823          0.0469
 2953          0.1556          0.2650          0.3968          0.0398
 2954          0.0343          0.2905          0.3225          0.0581
 2955          0.0093          0.2991          0.3048          0.0589
 2956          0.1246          0.2720          0.3743          0.0468
 2957          0.2046          0.3724          0.2194          0.0257
 2958          0.1812          0.3443          0.2666          0.0329
 2959          0.1381          0.3113          0.3101          0.0439
 2960          0.0584          0.2953          0.3169          0.0563
 2961          0.1623          0.2997          0.3418          0.0381
 2962          0.2120          0.3032          0.3616          0.0232
 2963          0.1151          0.2938          0.3338          0.0486
 2964          0.1011          0.2969          0.3238          0.0510
 2965          0.0854          0.2901          0.3319          0.0533
 2966          0.1962          0.3537          0.2561          0.0284
 2967          0.1041          0.2969          0.3246          0.0505
 2968          0.1650          0.2734          0.3873          0.0374
 2969          0.0710          0.2933          0.3229          0.0551
 2970          0.0381          0.2954          0.3139          0.0579
 2971          0.0570          0.3172          0.2739          0.0565
 2972          0.1193          0.3190          0.2877          0.0478
 2973          0.2068          0.3311          0.3087          0.0249
 2974          0.0499          0.3145          0.2783          0.0571
 2975          0.1748          0.3421          0.2674          0.0347
 2976          0.0544          0.3161          0.2756          0.0567
 2977          0.0631          0.3154          0.2789          0.0559
 2978          0.1255          0.2648          0.3864          0.0466
 2979          0.1775          0.2735          0.3926          0.0340
 2980          0.1543          0.3346          0.2717          0.0401
 2981          0.1898          0.2828          0.3835          0.0303
 2982          0.0932          0.3282          0.2598          0.0522
 2983          0.1587          0.2677          0.3938          0.0390
 2984          0.1942          0.2688          0.4081          0.0290
 2985          0.1640          0.2615          0.4059          0.0377
 2986          0.2135          0.3739          0.2230          0.0227
 2987          0.1150          0.3395          0.2428          0.0486
 2988          0.0574          0.3016          0.3049          0.0564
 2989          0.0344          0.2918          0.3201          0.0581
 2990          0.1628          0.3240          0.2973          0.0380
 2991          0.1329          0.2834          0.3580          0.0451
 2992          0.1295          0.3379          0.2527          0.0458
 2993          0.0743          0.3007          0.3099          0.0547
 2994          0.1782          0.3583          0.2337          0.0338
 2995          0.0267          0.3018          0.3007          0.0585
 2996          0.1640          0.2969          0.3475          0.0377
 2997          0.1396          0.3470          0.2372          0.0436
 2998          0.0511          0.2906          0.3243          0.0570
 2999          0.1749          0.3609          0.2253          0.0347
 3000          0.1067          0.3314          0.2575          0.0501
 3001          0.1562          0.3390          0.2636          0.0397
 3002          0.0613          0.2840          0.3379          0.0561
 3003          0.0766          0.3010          0.3098          0.0544
 3004          0.2088          0.2875          0.3857          0.0243
 3005          0.2071          0.3556          0.2597          0.0248
 3006          0.1149          0.2957          0.3302          0.0486
 3007          0.1592          0.2642          0.3997          0.0389
 3008          0.2143          0.3656          0.2431          0.0224
 3009          0.1697          0.3245          0.2999          0.0361
 3010          0.1305          0.2729          0.3748          0.0456
 3011          0.1870          0.3343          0.2904          0.0312
 3012          0.1400          0.3289          0.2765          0.0435
 3013          0.1154          0.3215          0.2814          0.0485
 3014          0.1446          0.2994          0.3346          0.0425
 3015          0.1789          0.3605          0.2290          0.0335
 3016          0.1258          0.3097          0.3082          0.0465
 3017          0.1508          0.2631          0.3981          0.0410
 3018          0.1124          0.2751          0.3652          0.0491
 3019          0.1397          0.3251          0.2841          0.0436
 3020          0.0377          0.2944          0.3156          0.0579
 3021          0.0330          0.2914          0.3206          0.0582
 3022          0.1466          0.2898          0.3523          0.0420
 3023          0.1206          0.3413          0.2412          0.0475
 3024          0.0874          0.3264          0.2618          0.0530
 3025          0.0351          0.3061          0.2930          0.0581
 3026          0.1412          0.3377          0.2587          0.0432
 3027          0.0085          0.2998          0.3036          0.0590
 3028          0.0841          0.3290          0.2553          0.0535
 3029          0.2292          0.3198          0.3433          0.0172
 3030          0.1188          0.2819          0.3556          0.0479
 3031          0.0530          0.3010          0.3054          0.0568
 3032          0.0892          0.2882          0.3362          0.0528
 3033          0.1516          0.2611          0.4015          0.0408
 3034          0.1693          0.2689          0.3965          0.0362
 3035          0.2336          0.2761          0.4176          0.0156
 3036          0.1363          0.3438          0.2429          0.0443
 3037          0.2073          0.3348          0.3019          0.0248
 3038          0.1473          0.2581          0.4047          0.0418
 3039          0.2095          0.3770          0.2119          0.0241
 3040          0.1492          0.2718          0.3835          0.0414
 3041          0.1639          0.2868          0.3647          0.0377
 3042          0.1247          0.3273          0.2731          0.0467
 3043          0.0877          0.3181          0.2793          0.0530
 3044          0.1825          0.2810          0.3829          0.0325
 3045          0.0950          0.2895          0.3354          0.0519
 3046          0.0883          0.3170          0.2816          0.0529
 3047          0.1771          0.2711          0.3963          0.0341
 3048          0.0723          0.3045          0.3023          0.0549
 3049          0.0917          0.3312          0.2528          0.0524
 3050          0.0429          0.3155          0.2751          0.0576
 3051          0.0671          0.3076          0.2951          0.0555
 3052          0.1494          0.3356          0.2672          0.0413
 3053          0.0854          0.3303          0.2528          0.0533
 3054          0.1943          0.3321          0.2991          0.0289
 3055          0.0764          0.2770          0.3529          0.0544
 3056          0.1820          0.2891          0.3693          0.0326
 3057          0.1848          0.3262          0.3048          0.0318
 3058          0.0992          0.3071          0.3043          0.0513
 3059          0.1503          0.2710          0.3851          0.0411
 3060          0.1551          0.2934          0.3495          0.0399
 3061          0.0623          0.2934          0.3211          0.0560
 3062          0.0506          0.3012          0.3045          0.0570
 3063          0.1627          0.3039          0.3345          0.0380
 3064          0.1359          0.3436          0.2431          0.0444
 3065          0.1474          0.2907          0.3511          0.0418
 3066          0.1177          0.2932          0.3356          0.0481
 3067          0.0632          0.2846          0.3371          0.0559
 3068          0.1272          0.2768          0.3672          0.0463
 3069          0.1708          0.2886          0.3647          0.0358
 3070          0.1328          0.2840          0.3570          0.0451
 3071          0.0631          0.2976          0.3135          0.0559
 3072          0.2181          0.3342          0.3100          0.0211
 3073          0.1287          0.3293          0.2707          0.0459
 3074          0.0235          0.3072          0.2898          0.0586
 3075          0.0115          0.3014          0.3005          0.0589
 3076          0.1339          0.3458          0.2371          0.0448
 3077          0.0331          0.2949          0.3143          0.0582
 3078          0.2034          0.3734          0.2160          0.0260
 3079          0.1784          0.2590          0.4159          0.0337
 3080          0.1587          0.3286          0.2862          0.0390
 3081          0.1710          0.2662          0.4013          0.0358
 3082          0.0466          0.3041          0.2983          0.0573
 3083          0.2359          0.3568          0.2782          0.0147
 3084          0.2236          0.2734          0.4162          0.0192
 3085          0.1479          0.3087          0.3192          0.0417
 3086          0.1069          0.3245          0.2723          0.0500
 3087          0.1147          0.3346          0.2537          0.0486
 3088          0.1641          0.3138          0.3173          0.0376
 3089          0.1842          0.3138          0.3275          0.0320
 3090          0.0208          0.3063          0.2915          0.0587
 3091          0.1585          0.3385          0.2657          0.0391
 3092          0.0495          0.2976          0.3112          0.0571
 3093          0.0799          0.2847          0.3402          0.0540
 3094          0.0622          0.3233          0.2623          0.0560
 3095          0.1493          0.2671          0.3911          0.0414
 3096          0.0910          0.2927          0.3286          0.0525
 3097          0.1595          0.2872          0.3621          0.0388
 3098          0.1628          0.3464          0.2513          0.0380
 3099          0.1229          0.3375          0.2507          0.0471
 3100          0.1382          0.3323          0.2686          0.0439
 3101          0.1488          0.2610          0.4007          0.0415
 3102          0.0409          0.3093          0.2875          0.0577
 3103          0.1563          0.2998          0.3389          0.0396
 3104          0.0912          0.2771          0.3561          0.0525
 3105          0.0664          0.2825          0.3414          0.0556
 3106          0.1493          0.2863          0.3593          0.0414
 3107          0.0909          0.3082          0.2996          0.0525
 3108          0.2051          0.2716          0.4091          0.0255
 3109          0.2093          0.3229          0.3254          0.0241
 3110          0.0616          0.2894          0.3282          0.0560
 3111          0.0653          0.3120          0.2861          0.0557
 3112          0.1746          0.2987          0.3493          0.0348
 3113          0.1820          0.3107          0.3319          0.0327
 3114          0.1303          0.2936          0.3393          0.0456
 3115          0.1384          0.3531          0.2219          0.0439
 3116          0.1874          0.3739          0.2018          0.0310
 3117          0.1184          0.2758          0.3659          0.0480
 3118          0.1740          0.3687          0.2051          0.0349
 3119          0.1578          0.3014          0.3367          0.0393
 3120          0.1629          0.3151          0.3142          0.0380
 3121          0.1911          0.3009          0.3539          0.0299
 3122          0.1472          0.3311          0.2755          0.0419
 3123          0.0804          0.3270          0.2585          0.0540
 3124          0.1271          0.3399          0.2471          0.0463
 3125          0.0470          0.2986          0.3090          0.0573
 3126          0.0890          0.3230          0.2695          0.0528
 3127          0.1586          0.2554          0.4132          0.0391
 3128          0.1040          0.3066          0.3067          0.0505
 3129          0.1594          0.3378          0.2677          0.0389
 3130          0.1092          0.3343          0.2520          0.0496
 3131          0.0970          0.2895          0.3360          0.0516
 3132          0.1151          0.3214          0.2815          0.0486
 3133          0.0716          0.2969          0.3164          0.0550
 3134          0.1764          0.2951          0.3564          0.0343
 3135          0.1551          0.2994          0.3391          0.0399
 3136          0.0894          0.3230          0.2695          0.0527
 3137          0.2063          0.2976          0.3676          0.0251
 3138          0.1364          0.2817          0.3621          0.0443
 3139          0.0717          0.2930          0.3235          0.0550
 3140          0.1645          0.3492          0.2459          0.0375
 3141          0.0576          0.2883          0.3296          0.0564
 3142          0.1141          0.2675          0.3783          0.0488
 3143          0.1869          0.2968          0.3587          0.0312
 3144          0.2383          0.2532          0.4547          0.0138
 3145          0.1688          0.3056          0.3345          0.0364
 3146          0.0953          0.3141          0.2895          0.0519
 3147          0.1332          0.2851          0.3552          0.0450
 3148          0.1015          0.3249          0.2696          0.0509
 3149          0.1712          0.3401          0.2694          0.0357
 3150          0.1915          0.3316          0.2985          0.0298
 3151          0.0414          0.3033          0.2993          0.0577
 3152          0.1465          0.3318          0.2738          0.0420
 3153          0.1926          0.3182          0.3242          0.0295
 3154          0.2128          0.3338          0.3074          0.0229
 3155          0.1094          0.2799          0.3561          0.0496
 3156          0.2206          0.3039          0.3653          0.0203
 3157          0.1226          0.3122          0.3023          0.0472
 3158          0.1074          0.3091          0.3030          0.0499
 3159          0.1558          0.2796          0.3733          0.0398
 3160          0.1017          0.3316          0.2553          0.0509
 3161          0.1820          0.2889          0.3697          0.0327
 3162          0.1267          0.3373          0.2528          0.0463
 3163          0.1265          0.2705          0.3774          0.0464
 3164          0.0620          0.3194          0.2704          0.0560
 3165          0.1217          0.2956          0.3326          0.0473
 3166          0.1069          0.3375          0.2441          0.0500
 3167          0.0990          0.3187          0.2815          0.0513
 3168          0.0295          0.3070          0.2907          0.0583
 3169          0.0753          0.3233          0.2652          0.0546
 3170          0.1576          0.3253          0.2921          0.0393
 3171          0.2035          0.3120          0.3415          0.0260
 3172          0.1215          0.3157          0.2951          0.0474
 3173          0.0857          0.3186          0.2776          0.0533
 3174          0.1476          0.3214          0.2951          0.0418
 3175          0.0767          0.2865          0.3364          0.0544
 3176          0.0864          0.3156          0.2840          0.0532
 3177          0.0824          0.3121          0.2898          0.0537
 3178          0.1985          0.3204          0.3236          0.0276
 3179          0.1423          0.3354          0.2641          0.0430
 3180          0.0842          0.3034          0.3072          0.0535
 3181          0.1342          0.2658          0.3876          0.0448
 3182          0.2020          0.3503          0.2675          0.0265
 3183          0.1054          0.2862          0.3442          0.0503
 3184          0.1744          0.3029          0.3419          0.0348
 3185          0.0614          0.2873          0.3319          0.0561
 3186          0.0287          0.3096          0.2854          0.0584
 3187          0.0627          0.2890          0.3292          0.0559
 3188          0.0088          0.3017          0.2998          0.0589
 3189          0.2108          0.3703          0.2295          0.0236
 3190          0.1304          0.3050          0.3189          0.0456
 3191          0.0314          0.2991          0.3062          0.0582
 3192          0.0624          0.3058          0.2977          0.0560
 3193          0.0598          0.2902          0.3264          0.0562
 3194          0.0565          0.2832          0.3384          0.0565
 3195          0.2190          0.3444          0.2911          0.0208
 3196          0.0384          0.2976          0.3097          0.0579
 3197          0.1530          0.2799          0.3717          0.0404
 3198          0.0925          0.3012          0.3134          0.0523
 3199          0.0979          0.3070          0.3041          0.0515
 3200          0.2318          0.3200          0.3445          0.0162
 3201          0.1475          0.2986          0.3372          0.0418
 3202          0.0973          0.2733          0.3641          0.0516
 3203          0.0552          0.3050          0.2980          0.0566
 3204          0.0463          0.2881          0.3282          0.0573
 3205          0.1770          0.3317          0.2897          0.0341
 3206          0.0891          0.3091          0.2974          0.0528
 3207          0.0993          0.3356          0.2456          0.0513
 3208          0.1904          0.3360          0.2892          0.0301
 3209          0.0485          0.2913          0.3227          0.0572
 3210          0.1637          0.2686          0.3944          0.0377
 3211          0.0707          0.3073          0.2965          0.0551
 3212          0.2085          0.3209          0.3286          0.0244
 3213          0.1091          0.2698          0.3731          0.0497
 3214          0.1366          0.3255          0.2818          0.0443
 3215          0.1495          0.2693          0.3876          0.0413
 3216          0.0698          0.2973          0.3153          0.0552
 3217          0.1443          0.2644          0.3936          0.0425
 3218          0.1797          0.2792          0.3845          0.0333
 3219          0.1085          0.3168          0.2884          0.0498
 3220          0.0696          0.3243          0.2616          0.0552
 3221          0.0446          0.2884          0.3274          0.0575
 3222          0.0743          0.3183          0.2754          0.0547
 3223          0.1402          0.2880          0.3529          0.0435
 3224          0.1978          0.3329          0.2997          0.0278
 3225          0.2130          0.2968          0.3728          0.0229
 3226          0.0513          0.3176          0.2721          0.0570
 3227          0.0998          0.2854          0.3440          0.0512
 3228          0.1404          0.2795          0.3674          0.0434
 3229          0.2248          0.2750          0.4144          0.0187
 3230          0.2091          0.2451          0.4515          0.0242
 3231          0.1687          0.2654          0.4017          0.0364
 3232          0.2370          0.3028          0.3770          0.0143
 3233          0.1243          0.3170          0.2937          0.0468
 3234          0.2283          0.2794          0.4095          0.0175
 3235          0.1546          0.3077          0.3241          0.0401
 3236          0.0678          0.3019          0.3063          0.0554
 3237          0.1926          0.3677          0.2215          0.0295
 3238          0.0893          0.3082          0.2992          0.0528
 3239          0.1869          0.2863          0.3763          0.0312
 3240          0.0982          0.3110          0.2963          0.0514
 3241          0.0844          0.3129          0.2887          0.0534
 3242          0.2380          0.3846          0.2181          0.0139
 3243          0.2313          0.3846          0.2119          0.0164
 3244          0.1517          0.2908          0.3526          0.0408
 3245          0.0881          0.3325          0.2488          0.0529
 3246          0.1681          0.3451          0.2570          0.0366
 3247          0.0711          0.2882          0.3322          0.0551
 3248          0.0803          0.3054          0.3024          0.0540
 3249          0.0657          0.2926          0.3231          0.0556
 3250          0.1973          0.2706          0.4067          0.0280
 3251          0.0327          0.3064          0.2922          0.0582
 3252          0.1068          0.2938          0.3312          0.0500
 3253          0.0317          0.2978          0.3087          0.0582
 3254          0.1315          0.2696          0.3804          0.0454
 3255          0.1873          0.3250          0.3086          0.0311
 3256          0.1731          0.3694          0.2026          0.0352
 3257          0.0529          0.3044          0.2988          0.0568
 3258          0.1117          0.3123          0.2982          0.0492
 3259          0.2458          0.4063          0.1664          0.0110
 3260          0.1275          0.2904          0.3440          0.0462
 3261          0.0102          0.3022          0.2989          0.0589
 3262          0.1404          0.3239          0.2867          0.0434
 3263          0.1607          0.3074          0.3273          0.0385
 3264          0.1839          0.3733          0.2005          0.0321
 3265          0.1474          0.2927          0.3476          0.0418
 3266          0.1088          0.3105          0.3008          0.0497
 3267          0.0719          0.2868          0.3348          0.0550
 3268          0.1177          0.2832          0.3530          0.0481
 3269          0.1310          0.2642          0.3892          0.0455
 3270          0.1547          0.3428          0.2546          0.0400
 3271          0.1149          0.2839          0.3510          0.0486
 3272          0.1672          0.3157          0.3152          0.0368
 3273          0.1976          0.3339          0.2976          0.0279
 3274          0.0996          0.2711          0.3683          0.0512
 3275          0.0297          0.3021          0.3003          0.0583
 3276          0.0959          0.2759          0.3592          0.0518
 3277          0.1817          0.3027          0.3459          0.0327
 3278          0.2118          0.3891          0.1814          0.0233
 3279          0.1071          0.2898          0.3383          0.0500
 3280          0.1663          0.2568          0.4142          0.0371
 3281          0.1593          0.3055          0.3301          0.0389
 3282          0.1965          0.3214          0.3206          0.0282
 3283          0.0832          0.3238          0.2662          0.0536
 3284          0.1326          0.3387          0.2524          0.0451
 3285          0.1829          0.3115          0.3310          0.0324
 3286          0.1748          0.2991          0.3487          0.0347
 3287          0.1142          0.3136          0.2965          0.0488
 3288          0.0711          0.3004          0.3098          0.0551
 3289          0.1305          0.3242          0.2820          0.0456
 3290          0.0737          0.2855          0.3375          0.0548
 3291          0.1224          0.3098          0.3068          0.0472
 3292          0.0441          0.2967          0.3120          0.0575
 3293          0.0703          0.2887          0.3311          0.0551
 3294          0.1564          0.3248          0.2926          0.0396
 3295          0.1798          0.2746          0.3920          0.0333
 3296          0.0627          0.2883          0.3304          0.0559
 3297          0.1806          0.3103          0.3320          0.0331
 3298          0.1683          0.3435          0.2607          0.0365
 3299          0.0791          0.3293          0.2532          0.0541
 3300          0.1019          0.3312          0.2561          0.0509
 3301          0.2311          0.3187          0.3464          0.0165
 3302          0.1391          0.3344          0.2646          0.0437
 3303          0.0985          0.3111          0.2962          0.0514
 3304          0.1733          0.3078          0.3327          0.0351
 3305          0.0818          0.2886          0.3336          0.0538
 3306          0.1971          0.2625          0.4193          0.0281
 3307          0.2161          0.3134          0.3463          0.0218
 3308          0.1005          0.2855          0.3440          0.0511
 3309          0.0835          0.2776          0.3533          0.0536
 3310          0.1332          0.2622          0.3932          0.0450
 3311          0.0510          0.3100          0.2874          0.0570
 3312          0.0748          0.2925          0.3251          0.0546
 3313          0.1203          0.3284          0.2690          0.0476
 3314          0.1930          0.3028          0.3516          0.0294
 3315          0.1284          0.2676          0.3828          0.0460
 3316          0.1263          0.3277          0.2729          0.0464
 3317          0.1619          0.2631          0.4025          0.0382
 3318          0.1613          0.2742          0.3844          0.0384
 3319          0.2129          0.3182          0.3361          0.0229
 3320          0.0411          0.3144          0.2772          0.0577
 3321          0.0561          0.3031          0.3017          0.0566
 3322          0.1505          0.3170          0.3049          0.0411
 3323          0.1388          0.2609          0.3972          0.0438
 3324          0.1709          0.2603          0.4106          0.0358
 3325          0.1189          0.3399          0.2435          0.0479
 3326          0.0626          0.3005          0.3079          0.0559
 3327          0.0282          0.3012          0.3018          0.0584
 3328          0.0934          0.3292          0.2578          0.0522
 3329          0.0783          0.3189          0.2751          0.0542
 3330          0.1010          0.3316          0.2551          0.0510
 3331          0.1733          0.2559          0.4186          0.0352
 3332          0.1205          0.2907          0.3409          0.0476
 3333          0.1193          0.3298          0.2657          0.0478
 3334          0.0778          0.3290          0.2536          0.0543
 3335          0.2324          0.3623          0.2642          0.0160
 3336          0.1840          0.2893          0.3700          0.0321
 3337          0.1556          0.3062          0.3272          0.0398
 3338          0.0995          0.2838          0.3467          0.0512
 3339          0.1690          0.3559          0.2333          0.0363
 3340          0.0152          0.3058          0.2921          0.0588
 3341          0.0815          0.2766          0.3546          0.0538
 3342          0.0056          0.3013          0.3007          0.0590
 3343          0.0560          0.2931          0.3205          0.0566
 3344          0.1257          0.3085          0.3106          0.0466
 3345          0.1564          0.2942          0.3487          0.0396
 3346          0.2193          0.2692          0.4203          0.0207
 3347          0.1905          0.2668          0.4094          0.0301
 3348          0.1916          0.3318          0.2980          0.0298
 3349          0.1167          0.3241          0.2766          0.0483
 3350          0.1921          0.3736          0.2063          0.0296
 3351          0.1529          0.3442          0.2505          0.0405
 3352          0.1213          0.2802          0.3594          0.0474
 3353          0.0863          0.2769          0.3553          0.0532
 3354          0.0657          0.2826          0.3411          0.0556
 3355          0.1420          0.3084          0.3172          0.0431
 3356          0.1466          0.3467          0.2414          0.0420
 3357          0.0469          0.2977          0.3106          0.0573
 3358          0.1058          0.2721          0.3684          0.0502
 3359          0.0427          0.2947          0.3157          0.0576
 3360          0.1216          0.3126          0.3011          0.0474
 3361          0.1070          0.2725          0.3680          0.0500
 3362          0.1584          0.2936          0.3507          0.0391
 3363          0.1349          0.2807          0.3633          0.0446
 3364          0.0702          0.3115          0.2881          0.0552
 3365          0.1838          0.3235          0.3095          0.0321
 3366          0.1510          0.3540          0.2270          0.0409
 3367          0.1529          0.2870          0.3597          0.0405
 3368          0.0891          0.2820          0.3471          0.0528
 3369          0.1701          0.3502          0.2471          0.0360
 3370          0.0471          0.3004          0.3056          0.0573
 3371          0.1396          0.2641          0.3923          0.0436
 3372          0.1894          0.3727          0.2066          0.0305
 3373          0.1364          0.2608          0.3965          0.0443
 3374          0.0512          0.2976          0.3114          0.0570
 3375          0.1325          0.2886          0.3489          0.0451
 3376          0.0783          0.2908          0.3291          0.0542
 3377          0.1456          0.2755          0.3759          0.0422
 3378          0.1245          0.3000          0.3258          0.0468
 3379          0.1854          0.3470          0.2636          0.0317
 3380          0.1413          0.3344          0.2657          0.0432
 3381          0.0634          0.3197          0.2700          0.0559
 3382          0.0805          0.3056          0.3019          0.0539
 3383          0.0673          0.2970          0.3153          0.0555
 3384          0.2400          0.3337          0.3256          0.0132
 3385          0.0222          0.2947          0.3138          0.0586
 3386          0.0747          0.2996          0.3120          0.0547
 3387          0.0643          0.3100          0.2899          0.0558
 3388          0.0664          0.2979          0.3134          0.0556
 3389          0.1644          0.2607          0.4074          0.0375
 3390          0.0731          0.3114          0.2889          0.0548
 3391          0.0869          0.2943          0.3247          0.0531
 3392          0.2073          0.2907          0.3796          0.0248
 3393          0.1525          0.2714          0.3854          0.0406
 3394          0.0917          0.3332          0.2484          0.0524
 3395          0.1677          0.2995          0.3446          0.0367
 3396          0.1022          0.2884          0.3393          0.0508
 3397          0.1173          0.2801          0.3582          0.0482
 3398          0.1231          0.3060          0.3143          0.0471
 3399          0.1977          0.2583          0.4260          0.0279
 3400          0.1301          0.3310          0.2678          0.0457
 3401          0.0847          0.2969          0.3194          0.0534
 3402          0.2072          0.2741          0.4063          0.0248
 3403          0.0815          0.3183          0.2770          0.0538
 3404          0.0650          0.2815          0.3428          0.0557
 3405          0.1126          0.3395          0.2418          0.0490
 3406          0.0974          0.3199          0.2785          0.0516
 3407          0.2220          0.2982          0.3755          0.0198
 3408          0.1803          0.3318          0.2914          0.0331
 3409          0.1446          0.2939          0.3444          0.0425
 3410          0.1573          0.2619          0.4026          0.0394
 3411          0.0439          0.2905          0.3235          0.0575
 3412          0.0678          0.3257          0.2582          0.0554
 3413          0.1382          0.3248          0.2841          0.0439
 3414          0.0404          0.3060          0.2940          0.0577
 3415          0.1460          0.3456          0.2436          0.0421
 3416          0.1988          0.2618          0.4212          0.0275
 3417          0.1108          0.3297          0.2626          0.0494
 3418          0.0653          0.3170          0.2759          0.0557
 3419          0.1025          0.2975          0.3230          0.0508
 3420          0.0888          0.3008          0.3132          0.0528
 3421          0.0583          0.2931          0.3210          0.0564
 3422          0.0606          0.3035          0.3017          0.0561
 3423          0.1949          0.2484          0.4397          0.0288
 3424          0.0667          0.3246          0.2604          0.0555
 3425          0.1757          0.3036          0.3414          0.0345
 3426          0.1148          0.3084          0.3067          0.0486
 3427          0.1178          0.3128          0.2995          0.0481
 3428          0.0777          0.3072          0.2983          0.0543
 3429          0.1512          0.3601          0.2120          0.0409
 3430          0.2097          0.2603          0.4289          0.0240
 3431          0.1068          0.3155          0.2903          0.0500
 3432          0.1455          0.3061          0.3230          0.0422
 3433          0.0712          0.3146          0.2821          0.0550
 3434          0.1807          0.3187          0.3167          0.0330
 3435          0.0659          0.3033          0.3033          0.0556
 3436          0.1275          0.2793          0.3630          0.0462
 3437          0.1454          0.3421          0.2512          0.0423
 3438          0.1444          0.2629          0.3960          0.0425
 3439          0.1124          0.2821          0.3533          0.0491
 3440          0.0281          0.3002          0.3038          0.0584
 3441          0.1795          0.2647          0.4076          0.0334
 3442          0.1276          0.3131          0.3025          0.0462
 3443          0.1650          0.3383          0.2698          0.0374
 3444          0.0975          0.3354          0.2455          0.0516
 3445          0.1705          0.3311          0.2874          0.0359
 3446          0.1278          0.3169          0.2952          0.0461
 3447          0.1225          0.2922          0.3391          0.0472
 3448          0.1786          0.3126          0.3268          0.0337
 3449          0.1356          0.3230          0.2866          0.0445
 3450          0.1401          0.2616          0.3964          0.0435
 3451          0.1437          0.2599          0.4005          0.0427
 3452          0.1623          0.3547          0.2320          0.0381
 3453          0.0563          0.2954          0.3162          0.0565
 3454          0.1738          0.3573          0.2332          0.0350
 3455          0.0536          0.3196          0.2683          0.0568
 3456          0.1498          0.2817          0.3674          0.0412
 3457          0.2182          0.3233          0.3301          0.0211
 3458          0.0720          0.3048          0.3015          0.0550
 3459          0.0814          0.2816          0.3459          0.0538
 3460          0.0872          0.3203          0.2745          0.0531
 3461          0.1449          0.2630          0.3959          0.0424
 3462          0.1847          0.3130          0.3292          0.0319
 3463          0.1733          0.2752          0.3881          0.0352
 3464          0.1752          0.3720          0.1974          0.0346
 3465          0.0534          0.3129          0.2822          0.0568
 3466          0.0523          0.2977          0.3113          0.0569
 3467          0.0567          0.2836          0.3377          0.0565
 3468          0.0523          0.2998          0.3074          0.0569
 3469          0.2086          0.3592          0.2531          0.0243
 3470          0.0813          0.2954          0.3212          0.0538
 3471          0.1713          0.3625          0.2190          0.0357
 3472          0.0722          0.2987          0.3132          0.0549
 3473          0.1577          0.3591          0.2186          0.0393
 3474          0.1611          0.3006          0.3397          0.0384
 3475          0.1708          0.3391          0.2713          0.0358
 3476          0.0757          0.3289          0.2533          0.0545
 3477          0.0876          0.3122          0.2911          0.0530
 3478          0.0643          0.2865          0.3339          0.0558
 3479          0.1441          0.2829          0.3631          0.0426
 3480          0.0254          0.3079          0.2887          0.0585
 3481          0.1239          0.3444          0.2355          0.0469
 3482          0.1864          0.2869          0.3751          0.0313
 3483          0.1527          0.3459          0.2467          0.0405
 3484          0.1552          0.2642          0.3980          0.0399
 3485          0.1536          0.2892          0.3562          0.0403
 3486          0.1834          0.3201          0.3155          0.0322
 3487          0.1592          0.2681          0.3934          0.0389
 3488          0.1748          0.3072          0.3346          0.0347
 3489          0.0937          0.3338          0.2477          0.0521
 3490          0.1456          0.3525          0.2274          0.0422
 3491          0.1258          0.2686          0.3802          0.0465
 3492          0.1466          0.3196          0.2981          0.0420
 3493          0.1047          0.2980          0.3229          0.0504
 3494          0.0462          0.3169          0.2728          0.0573
 3495          0.1792          0.3660          0.2158          0.0335
 3496          0.1957          0.2531          0.4330          0.0285
 3497          0.1334          0.3371          0.2562          0.0450
 3498          0.0637          0.3063          0.2971          0.0558
 3499          0.0413          0.3100          0.2861          0.0577
 3500          0.1402          0.2628          0.3946          0.0435
 3501          0.1424          0.2722          0.3801          0.0430
 3502          0.1726          0.3220          0.3062          0.0353
 3503          0.1593          0.3590          0.2199          0.0389
 3504          0.2300          0.3597          0.2679          0.0169
 3505          0.1736          0.2567          0.4174          0.0351
 3506          0.2095          0.3231          0.3252          0.0240
 3507          0.2452          0.2501          0.4632          0.0112
 3508          0.2202          0.3437          0.2933          0.0204
 3509          0.0282          0.3038          0.2969          0.0584
 3510          0.1984          0.3804          0.1935          0.0277
 3511          0.1701          0.2532          0.4214          0.0360
 3512          0.1271          0.2649          0.3867          0.0463
 3513          0.2149          0.3636          0.2480          0.0222
 3514          0.1740          0.3058          0.3366          0.0349
 3515          0.1424          0.3061          0.3217          0.0430
 3516          0.1011          0.2917          0.3333          0.0510
 3517          0.1106          0.2838          0.3499          0.0494
 3518          0.1251          0.2869          0.3493          0.0467
 3519          0.1735          0.3023          0.3426          0.0351
 3520          0.0862          0.2841          0.3427          0.0532
 3521          0.0356          0.3071          0.2912          0.0580
 3522          0.1518          0.3593          0.2145          0.0407
 3523          0.1217          0.3226          0.2816          0.0473
 3524          0.2047          0.3143          0.3381          0.0256
 3525          0.1020          0.3234          0.2728          0.0508
 3526          0.2104          0.3889          0.1806          0.0237
 3527          0.1024          0.3305          0.2579          0.0508
 3528          0.0542          0.3178          0.2721          0.0567
 3529          0.1957          0.2801          0.3909          0.0285
 3530          0.1433          0.3193          0.2972          0.0428
 3531          0.0959          0.3311          0.2544          0.0518
 3532          0.1734          0.2745          0.3893          0.0351
 3533          0.0497          0.2964          0.3135          0.0571
 3534          0.1428          0.3414          0.2513          0.0429
 3535          0.2026          0.3622          0.2419          0.0263
 3536          0.1836          0.3330          0.2911          0.0322
 3537          0.0811          0.3027          0.3078          0.0539
 3538          0.1504          0.3480          0.2407          0.0411
 3539          0.1626          0.3365          0.2722          0.0380
 3540          0.1398          0.3258          0.2827          0.0436
 3541          0.0681          0.3207          0.2690          0.0554
 3542          0.0937          0.3220          0.2730          0.0521
 3543          0.0559          0.3103          0.2878          0.0566
 3544          0.2218          0.3199          0.3385          0.0198
 3545          0.1103          0.3426          0.2338          0.0494
 3546          0.1729          0.2997          0.3468          0.0352
 3547          0.0476          0.3068          0.2933          0.0572
 3548          0.1599          0.2753          0.3820          0.0387
 3549          0.1956          0.3069          0.3459          0.0285
 3550          0.1157          0.2915          0.3381          0.0485
 3551          0.1144          0.2755          0.3652          0.0487
 3552          0.1163          0.3273          0.2698          0.0484
 3553          0.1517          0.2640          0.3970          0.0408
 3554          0.1853          0.2852          0.3773          0.0317
 3555          0.1079          0.2934          0.3322          0.0499
 3556          0.1537          0.3177          0.3050          0.0403
 3557          0.1808          0.3560          0.2406          0.0330
 3558          0.1916          0.3263          0.3086          0.0298
 3559          0.1588          0.2917          0.3541          0.0390
 3560          0.0933          0.2893          0.3353          0.0522
 3561          0.1340          0.3080          0.3147          0.0448
 3562          0.0467          0.3026          0.3014          0.0573
 3563          0.0842          0.2897          0.3324          0.0535
 3564          0.1759          0.3138          0.3233          0.0344
 3565          0.0597          0.3214          0.2657          0.0562
 3566          0.1897          0.2567          0.4247          0.0304
 3567          0.1127          0.3274          0.2682          0.0490
 3568          0.2293          0.3301          0.3249          0.0171
 3569          0.1191          0.2812          0.3570          0.0478
 3570          0.1395          0.3430          0.2460          0.0436
 3571          0.1758          0.2771          0.3862          0.0344
 3572          0.1429          0.3386          0.2575          0.0428
 3573          0.1589          0.2592          0.4074          0.0390
 3574          0.0719          0.2953          0.3193          0.0550
 3575          0.1803          0.2645          0.4082          0.0332
 3576          0.2136          0.3838          0.1978          0.0227
 3577          0.1094          0.3024          0.3163          0.0496
 3578          0.1895          0.3351          0.2903          0.0304
 3579          0.1214          0.3105          0.3051          0.0474
 3580          0.1097          0.3375          0.2452          0.0496
 3581          0.1657          0.2554          0.4160          0.0372
 3582          0.0693          0.2888          0.3307          0.0553
 3583          0.1228          0.3159          0.2952          0.0471
 3584          0.1979          0.2805          0.3914          0.0278
 3585          0.1105          0.3091          0.3040          0.0494
 3586          0.1607          0.2717          0.3882          0.0385
 3587          0.1750          0.3554          0.2384          0.0347
 3588          0.1720          0.3435          0.2628          0.0355
 3589          0.0078          0.2989          0.3052          0.0590
 3590          0.2224          0.2680          0.4238          0.0196
 3591          0.1582          0.2933          0.3510          0.0392
 3592          0.1707          0.3632          0.2169          0.0359
 3593          0.1230          0.2938          0.3363          0.0471
 3594          0.1432          0.3224          0.2911          0.0428
 3595          0.0641          0.2874          0.3323          0.0558
 3596          0.0349          0.3124          0.2806          0.0581
 3597          0.0265          0.2948          0.3138          0.0585
 3598          0.1274          0.2849          0.3535          0.0462
 3599          0.1213          0.2829          0.3548          0.0474
 3600          0.0839          0.2950          0.3227          0.0535
 3601          0.1405          0.3364          0.2611          0.0434
 3602          0.1896          0.3433          0.2740          0.0304
 3603          0.1978          0.3225          0.3194          0.0278
 3604          0.0856          0.2857          0.3398          0.0533
 3605          0.0646          0.2853          0.3361          0.0558
 3606          0.1869          0.3112          0.3336          0.0312
 3607          0.1176          0.2816          0.3558          0.0481
 3608          0.1498          0.2904          0.3526          0.0412
 3609          0.1652          0.3324          0.2820          0.0373
 3610          0.1786          0.2961          0.3557          0.0336
 3611          0.1168          0.2905          0.3401          0.0483
 3612          0.0375          0.3108          0.2840          0.0579
 3613          0.0532          0.2924          0.3214          0.0568
 3614          0.0149          0.3012          0.3010          0.0588
 3615          0.1117          0.3027          0.3164          0.0492
 3616          0.0510          0.2974          0.3119          0.0570
 3617          0.1442          0.3560          0.2181          0.0425
 3618          0.0295          0.2916          0.3200          0.0583
 3619          0.0767          0.3186          0.2753          0.0544
 3620          0.0483          0.2890          0.3269          0.0572
 3621          0.0372          0.3087          0.2882          0.0579
 3622          0.0613          0.2898          0.3274          0.0561
 3623          0.1396          0.3451          0.2415          0.0436
 3624          0.1642          0.3334          0.2795          0.0376
 3625          0.1120          0.3056          0.3111          0.0491
 3626          0.1507          0.3317          0.2759          0.0410
 3627          0.1800          0.3469          0.2602          0.0333
 3628          0.2284          0.3216          0.3396          0.0175
 3629          0.1557          0.3293          0.2833          0.0398
 3630          0.0793          0.3207          0.2717          0.0541
 3631          0.1955          0.2919          0.3714          0.0286
 3632          0.1114          0.3313          0.2594          0.0493
 3633          0.1684          0.2572          0.4145          0.0365
 3634          0.0434          0.2917          0.3213          0.0575
 3635          0.0560          0.2947          0.3176          0.0566
 3636          0.1459          0.3312          0.2747          0.0422
 3637          0.2387          0.2634          0.4399          0.0137
 3638          0.1690          0.2971          0.3494          0.0363
 3639          0.1302          0.2631          0.3907          0.0456
 3640          0.1066          0.2846          0.3473          0.0501
 3641          0.1136          0.3236          0.2765          0.0489
 3642          0.1558          0.2906          0.3547          0.0398
 3643          0.0505          0.2988          0.3091          0.0570
 3644          0.1030          0.3063          0.3068          0.0507
 3645          0.1701          0.2769          0.3838          0.0360
 3646          0.1153          0.3163          0.2916          0.0486
 3647          0.1725          0.2619          0.4088          0.0354
 3648          0.1113          0.3173          0.2882          0.0493
 3649          0.1860          0.3497          0.2582          0.0315
 3650          0.1060          0.2891          0.3393          0.0502
 3651          0.0791          0.3103          0.2925          0.0541
 3652          0.0510          0.3001          0.3067          0.0570
 3653          0.2211          0.3192          0.3392          0.0201
 3654          0.1121          0.3011          0.3195          0.0491
 3655          0.1566          0.3422          0.2567          0.0396
 3656          0.1275          0.2731          0.3733          0.0462
 3657          0.1368          0.3401          0.2514          0.0442
 3658          0.1158          0.3368          0.2492          0.0485
 3659          0.2129          0.3158          0.3402          0.0229
 3660          0.1646          0.2887          0.3617          0.0375
 3661          0.0822          0.3172          0.2795          0.0537
 3662          0.1144          0.3184          0.2872          0.0487
 3663          0.1175          0.3217          0.2817          0.0481
 3664          0.1390          0.3032          0.3255          0.0437
 3665          0.0375          0.2989          0.3071          0.0579
 3666          0.1321          0.2691          0.3815          0.0452
 3667          0.1166          0.2893          0.3421          0.0483
 3668          0.0428          0.2871          0.3295          0.0576
 3669          0.0596          0.2878          0.3307          0.0562
 3670          0.1480          0.2841          0.3625          0.0417
 3671          0.1715          0.2951          0.3542          0.0356
 3672          0.1025          0.3084          0.3028          0.0508
 3673          0.0078          0.3009          0.3014          0.0590
 3674          0.1206          0.2733          0.3708          0.0476
 3675          0.0820          0.2768          0.3543          0.0538
 3676          0.0730          0.2810          0.3452          0.0549
 3677          0.1869          0.2947          0.3623          0.0312
 3678          0.0886          0.3225          0.2704          0.0529
 3679          0.1258          0.3332          0.2612          0.0465
 3680          0.1170          0.2709          0.3736          0.0482
 3681          0.0846          0.2927          0.3269          0.0534
 3682          0.0668          0.3083          0.2938          0.0555
 3683          0.1872          0.2828          0.3823          0.0311
 3684          0.1739          0.3686          0.2053          0.0350
 3685          0.1685          0.3107          0.3252          0.0364
 3686          0.1573          0.2857          0.3636          0.0394
 3687          0.1847          0.3664          0.2187          0.0319
 3688          0.1127          0.3427          0.2344          0.0490
 3689          0.0751          0.3192          0.2736          0.0546
 3690          0.1259          0.2730          0.3731          0.0465
 3691          0.1137          0.3144          0.2948          0.0488
 3692          0.1373          0.3512          0.2260          0.0441
 3693          0.1134          0.2729          0.3692          0.0489
 3694          0.1595          0.2753          0.3820          0.0388
 3695          0.1075          0.2736          0.3663          0.0499
 3696          0.1902          0.3217          0.3164          0.0302
 3697          0.0301          0.3101          0.2847          0.0583
 3698          0.0649          0.3079          0.2941          0.0557
 3699          0.2165          0.3487          0.2806          0.0217
 3700          0.2199          0.3544          0.2714          0.0205
 3701          0.1923          0.2545          0.4292          0.0296
 3702          0.0548          0.3092          0.2896          0.0567
 3703          0.1262          0.3020          0.3228          0.0464
 3704          0.1272          0.3241          0.2808          0.0462
 3705          0.1494          0.3307          0.2773          0.0413
 3706          0.0941          0.2758          0.3590          0.0521
 3707          0.1900          0.3084          0.3404          0.0303
 3708          0.1407          0.2887          0.3518          0.0434
 3709          0.0459          0.3023          0.3018          0.0574
 3710          0.0638          0.2826          0.3407          0.0558
 3711          0.0882          0.3116          0.2924          0.0529
 3712          0.1628          0.2756          0.3829          0.0380
 3713          0.0683          0.3257          0.2585          0.0554
 3714          0.0597          0.2876          0.3311          0.0562
 3715          0.0504          0.3109          0.2856          0.0570
 3716          0.0327          0.3080          0.2892          0.0582
 3717          0.1481          0.2946          0.3445          0.0416
 3718          0.0839          0.2887          0.3340          0.0535
 3719          0.2110          0.3346          0.3047          0.0235
 3720          0.1917          0.2635          0.4152          0.0298
 3721          0.1645          0.3658          0.2059          0.0375
 3722          0.0539          0.3174          0.2730          0.0567
 3723          0.0972          0.3237          0.2705          0.0516
 3724          0.1250          0.2943          0.3361          0.0467
 3725          0.0170          0.3022          0.2993          0.0588
 3726          0.1375          0.2681          0.3851          0.0441
 3727          0.1250          0.3236          0.2810          0.0467
 3728          0.0727          0.3025          0.3060          0.0549
 3729          0.1842          0.3150          0.3254          0.0320
 3730          0.2337          0.2444          0.4652          0.0155
 3731          0.0492          0.3131          0.2811          0.0571
 3732          0.2167          0.2947          0.3783          0.0216
 3733          0.1301          0.2909          0.3440          0.0456
 3734          0.0851          0.3024          0.3092          0.0533
 3735          0.0619          0.3190          0.2712          0.0560
 3736          0.0881          0.2784          0.3531          0.0529
 3737          0.1211          0.2842          0.3524          0.0475
 3738          0.1839          0.3157          0.3240          0.0321
 3739          0.0316          0.2956          0.3127          0.0582
 3740          0.1496          0.3235          0.2919          0.0413
 3741          0.1359          0.3240          0.2845          0.0444
 3742          0.0867          0.3036          0.3073          0.0531
 3743          0.1960          0.2728          0.4027          0.0284
 3744          0.0718          0.3190          0.2734          0.0550
 3745          0.0586          0.3148          0.2792          0.0563
 3746          0.0320          0.3096          0.2858          0.0582
 3747          0.1760          0.3001          0.3475          0.0344
 3748          0.2076          0.3788          0.2057          0.0247
 3749          0.1244          0.2755          0.3683          0.0468
 3750          0.1493          0.3293          0.2801          0.0413
 3751          0.1706          0.2775          0.3830          0.0359
 3752          0.0744          0.2915          0.3268          0.0547
 3753          0.2368          0.2579          0.4471          0.0144
 3754          0.0956          0.2732          0.3638          0.0518
 3755          0.2365          0.2432          0.4684          0.0145
 3756          0.0910          0.3196          0.2772          0.0525
 3757          0.0565          0.3191          0.2699          0.0565
 3758          0.0977          0.3228          0.2727          0.0515
 3759          0.1027          0.3265          0.2666          0.0507
 3760          0.2104          0.2864          0.3884          0.0237
 3761          0.1365          0.3239          0.2850          0.0443
 3762          0.1154          0.3051          0.3133          0.0485
 3763          0.0093          0.3025          0.2983          0.0589
 3764          0.1810          0.3459          0.2631          0.0329
 3765          0.0727          0.3154          0.2809          0.0549
 3766          0.1211          0.2743          0.3692          0.0474
 3767          0.1870          0.3377          0.2838          0.0312
 3768          0.0981          0.3110          0.2963          0.0515
 3769          0.1296          0.3157          0.2984          0.0458
 3770          0.0889          0.3078          0.2999          0.0528
 3771          0.1655          0.2592          0.4101          0.0373
 3772          0.0370          0.3113          0.2829          0.0579
 3773          0.0552          0.2895          0.3269          0.0566
 3774          0.2001          0.2559          0.4308          0.0271
 3775          0.0547          0.3204          0.2669          0.0567
 3776          0.1022          0.3344          0.2493          0.0508
 3777          0.1082          0.2918          0.3350          0.0498
 3778          0.0515          0.2949          0.3166          0.0569
 3779          0.1159          0.2693          0.3759          0.0484
 3780          0.1613          0.3407          0.2626          0.0384
 3781          0.0655          0.3205          0.2688          0.0557
 3782          0.1937          0.2664          0.4115          0.0291
 3783          0.1433          0.2674          0.3883          0.0428
 3784          0.0407          0.2881          0.3275          0.0577
 3785          0.1573          0.3616          0.2121          0.0394
 3786          0.1351          0.3019          0.3263          0.0446
 3787          0.1418          0.2722          0.3800          0.0431
 3788          0.1351          0.3146          0.3026          0.0446
 3789          0.1477          0.2679          0.3892          0.0417
 3790          0.1400          0.3256          0.2832          0.0435
 3791          0.1765          0.2787          0.3838          0.0342
 3792          0.0570          0.2901          0.3262          0.0565
 3793          0.0995          0.2710          0.3684          0.0512
 3794          0.0762          0.2876          0.3342          0.0545
 3795          0.1035          0.2707          0.3700          0.0506
 3796          0.2056          0.2705          0.4111          0.0253
 3797          0.0238          0.2949          0.3136          0.0586
 3798          0.0203          0.3078          0.2884          0.0587
 3799          0.1605          0.3187          0.3064          0.0386
 3800          0.1367          0.3495          0.2297          0.0442
 3801          0.1164          0.2707          0.3739          0.0483
 3802          0.1395          0.3012          0.3294          0.0436
 3803          0.1022          0.3017          0.3153          0.0508
 3804          0.0335          0.3115          0.2821          0.0581
 3805          0.0086          0.3026          0.2981          0.0589
 3806          0.0876          0.3068          0.3016          0.0530
 3807          0.0650          0.2919          0.3242          0.0557
 3808          0.1781          0.3507          0.2511          0.0338
 3809          0.0203          0.3045          0.2949          0.0587
 3810          0.1439          0.3357          0.2643          0.0426
 3811          0.0741          0.3190          0.2739          0.0547
 3812          0.1002          0.3321          0.2536          0.0511
 3813          0.0837          0.2844          0.3415          0.0535
 3814          0.0704          0.3155          0.2801          0.0551
 3815          0.0737          0.3150          0.2819          0.0548
 3816          0.0710          0.2876          0.3332          0.0551
 3817          0.1128          0.2722          0.3702          0.0490
 3818          0.1613          0.2608          0.4058          0.0384
 3819          0.1381          0.2967          0.3369          0.0439
 3820          0.1900          0.2726          0.4001          0.0303
 3821          0.1207          0.3358          0.2535          0.0475
 3822          0.0832          0.3035          0.3066          0.0536
 3823          0.1206          0.3168          0.2928          0.0476
 3824          0.1959          0.3735          0.2096          0.0285
 3825          0.1213          0.2646          0.3853          0.0474
 3826          0.2037          0.2797          0.3956          0.0259
 3827          0.1744          0.2528          0.4238          0.0348
 3828          0.1357          0.3390          0.2531          0.0445
 3829          0.1185          0.3368          0.2504          0.0480
 3830          0.1509          0.2861          0.3604          0.0410
 3831          0.0632          0.3136          0.2824          0.0559
 3832          0.1228          0.3341          0.2581          0.0471
 3833          0.1754          0.2627          0.4088          0.0346
 3834          0.1744          0.3694          0.2037          0.0348
 3835          0.1640          0.3078          0.3281          0.0377
 3836          0.1876          0.3511          0.2562          0.0310
 3837          0.1698          0.3125          0.3225          0.0361
 3838          0.2308          0.2483          0.4579          0.0166
 3839          0.1331          0.2944          0.3390          0.0450
 3840          0.0838          0.2757          0.3567          0.0535
 3841          0.0813          0.2806          0.3477          0.0538
 3842          0.1041          0.3318          0.2557          0.0505
 3843          0.0624          0.2881          0.3308          0.0560
 3844          0.1464          0.2595          0.4021          0.0420
 3845          0.1280          0.3147          0.2996          0.0461
 3846          0.0583          0.2875          0.3311          0.0564
 3847          0.1389          0.2786          0.3683          0.0438
 3848          0.2166          0.3664          0.2430          0.0216
 3849          0.1131          0.3154          0.2927          0.0489
 3850          0.1771          0.3221          0.3084          0.0341
 3851          0.1136          0.3086          0.3060          0.0489
 3852          0.1411          0.3335          0.2675          0.0433
 3853          0.0201          0.3072          0.2897          0.0587
 3854          0.0990          0.3080          0.3025          0.0513
 3855          0.2135          0.3121          0.3470          0.0227
 3856          0.1276          0.3154          0.2981          0.0462
 3857          0.1519          0.2864          0.3603          0.0407
 3858          0.0470          0.3092          0.2885          0.0573
 3859          0.0893          0.2760          0.3575          0.0528
 3860          0.0714          0.2936          0.3225          0.0550
 3861          0.1857          0.2587          0.4197          0.0316
 3862          0.0290          0.3061          0.2925          0.0584
 3863          0.0951          0.3293          0.2581          0.0519
 3864          0.1168          0.3002          0.3226          0.0483
 3865          0.1148          0.3206          0.2829          0.0486
 3866          0.0721          0.2831          0.3414          0.0550
 3867          0.1482          0.2996          0.3358          0.0416
 3868          0.0963          0.3326          0.2512          0.0517
 3869          0.1986          0.2772          0.3969          0.0276
 3870          0.1062          0.2877          0.3418          0.0502
 3871          0.2290          0.3410          0.3046          0.0172
 3872          0.1477          0.3088          0.3189          0.0417
 3873          0.1732          0.3635          0.2177          0.0352
 3874          0.1638          0.3042          0.3346          0.0377
 3875          0.0515          0.2938          0.3185          0.0569
 3876          0.1722          0.3610          0.2232          0.0355
 3877          0.1419          0.2604          0.3990          0.0431
 3878          0.1177          0.2870          0.3466          0.0481
 3879          0.1395          0.3223          0.2896          0.0436
 3880          0.1232          0.2989          0.3272          0.0471
 3881          0.0371          0.3052          0.2951          0.0579
 3882          0.1206          0.3283          0.2694          0.0475
 3883          0.2440          0.3371          0.3221          0.0117
 3884          0.1390          0.3109          0.3113          0.0437
 3885          0.1953          0.2526          0.4335          0.0286
 3886          0.0608          0.2962          0.3157          0.0561
 3887          0.2040          0.2558          0.4329          0.0258
 3888          0.1442          0.2940          0.3440          0.0425
 3889          0.1709          0.2572          0.4154          0.0358
 3890          0.1455          0.3258          0.2853          0.0423
 3891          0.1836          0.3510          0.2538          0.0322
 3892          0.0544          0.3178          0.2721          0.0567
 3893          0.0053          0.3024          0.2986          0.0590
 3894          0.1297          0.3180          0.2939          0.0457
 3895          0.1600          0.3629          0.2104          0.0387
 3896          0.2038          0.3818          0.1943          0.0259
 3897          0.1633          0.2569          0.4128          0.0378
 3898          0.1729          0.3215          0.3073          0.0352
 3899          0.0894          0.2804          0.3500          0.0527
 3900          0.0705          0.3211          0.2687          0.0551
 3901          0.1061          0.3111          0.2986          0.0502
 3902          0.0533          0.3091          0.2897          0.0568
 3903          0.0945          0.2894          0.3355          0.0520
 3904          0.0680          0.2971          0.3153          0.0554
 3905          0.1366          0.3036          0.3239          0.0443
 3906          0.1307          0.2840          0.3561          0.0455
 3907          0.1763          0.2753          0.3892          0.0343
 3908          0.2042          0.3690          0.2272          0.0258
 3909          0.0700          0.3216          0.2676          0.0552
 3910          0.1362          0.3314          0.2696          0.0443
 3911          0.1265          0.3142          0.3000          0.0464
 3912          0.0488          0.3100          0.2871          0.0572
 3913          0.1875          0.2505          0.4331          0.0310
 3914          0.1495          0.3010          0.3338          0.0413
 3915          0.2145          0.2702          0.4162          0.0224
 3916          0.0039          0.3021          0.2990          0.0590
 3917          0.1559          0.2727          0.3846          0.0397
 3918          0.0411          0.2995          0.3065          0.0577
 3919          0.1120          0.3102          0.3024          0.0491
 3920          0.0225          0.3004          0.3031          0.0586
 3921          0.0648          0.3219          0.2657          0.0557
 3922          0.1022          0.3374          0.2427          0.0508
 3923          0.0977          0.3064          0.3050          0.0515
 3924          0.1464          0.2921          0.3481          0.0421
 3925          0.0796          0.3105          0.2924          0.0541
 3926          0.1027          0.3155          0.2891          0.0507
 3927          0.0416          0.3001          0.3054          0.0577
 3928          0.0640          0.2965          0.3157          0.0558
 3929          0.1050          0.2944          0.3295          0.0504
 3930          0.1156          0.2751          0.3662          0.0485
 3931          0.1574          0.3496          0.2410          0.0394
 3932          0.0523          0.3008          0.3055          0.0569
 3933          0.1258          0.3305          0.2670          0.0465
 3934          0.2492          0.2874          0.4091          0.0097
 3935          0.1055          0.2859          0.3446          0.0503
 3936          0.1745          0.2790          0.3824          0.0348
 3937          0.1081          0.3011          0.3183          0.0498
 3938          0.0582          0.3204          0.2674          0.0564
 3939          0.0948          0.2902          0.3341          0.0520
 3940          0.0932          0.2783          0.3545          0.0522
 3941          0.1950          0.3413          0.2814          0.0287
 3942          0.1426          0.3217          0.2921          0.0429
 3943          0.0541          0.2945          0.3177          0.0567
 3944          0.1619          0.3613          0.2157          0.0382
 3945          0.1339          0.3524          0.2213          0.0448
 3946          0.1567          0.3171          0.3075          0.0395
 3947          0.2287          0.3311          0.3227          0.0173
 3948          0.1522          0.2903          0.3537          0.0407
 3949          0.0069          0.3019          0.2994          0.0590
 3950          0.0407          0.3004          0.3048          0.0577
 3951          0.2027          0.2660          0.4166          0.0263
 3952          0.1185          0.2771          0.3637          0.0479
 3953          0.1273          0.3478          0.2292          0.0462
 3954          0.1842          0.3242          0.3083          0.0320
 3955          0.2238          0.3205          0.3386          0.0191
 3956          0.2048          0.3539          0.2618          0.0256
 3957          0.0889          0.2739          0.3610          0.0528
 3958          0.0623          0.2863          0.3339          0.0560
 3959          0.1254          0.3254          0.2774          0.0466
 3960          0.1987          0.3517          0.2623          0.0276
 3961          0.1097          0.2723          0.3692          0.0495
 3962          0.0912          0.2776          0.3552          0.0525
 3963          0.0598          0.3202          0.2683          0.0562
 3964          0.2350          0.3799          0.2268          0.0151
 3965          0.1066          0.2736          0.3660          0.0501
 3966          0.0651          0.2882          0.3311          0.0557
 3967          0.2020          0.3586          0.2495          0.0265
 3968          0.1899          0.3659          0.2239          0.0303
 3969          0.0313          0.3108          0.2834          0.0582
 3970          0.1593          0.2832          0.3688          0.0389
 3971          0.0563          0.3162          0.2760          0.0565
 3972          0.1555          0.2770          0.3774          0.0398
 3973          0.1286          0.3409          0.2456          0.0460
 3974          0.1048          0.2711          0.3698          0.0504
 3975          0.1659          0.2901          0.3600          0.0372
 3976          0.1402          0.3341          0.2658          0.0435
 3977          0.1015          0.3265          0.2661          0.0509
 3978          0.1173          0.3085          0.3075          0.0482
 3979          0.1008          0.2984          0.3210          0.0510
 3980          0.1344          0.3303          0.2711          0.0447
 3981          0.0733          0.3044          0.3026          0.0548
 3982          0.0488          0.3011          0.3044          0.0572
 3983          0.1060          0.2919          0.3342          0.0502
 3984          0.1150          0.2833          0.3520          0.0486
 3985          0.2033          0.3049          0.3536          0.0261
 3986          0.1216          0.2859          0.3497          0.0473
 3987          0.1330          0.3076          0.3151          0.0450
 3988          0.2214          0.3320          0.3163          0.0200
 3989          0.1650          0.2779          0.3800          0.0374
 3990          0.0828          0.2768          0.3545          0.0536
 3991          0.0628          0.2926          0.3227          0.0559
 3992          0.0401          0.2999          0.3056          0.0578
 3993          0.1061          0.3340          0.2516          0.0502
 3994          0.1178          0.3177          0.2899          0.0481
 3995          0.1701          0.3438          0.2610          0.0360
 3996          0.1143          0.3413          0.2383          0.0487
 3997          0.1109          0.3044          0.3129          0.0493
 3998          0.0620          0.3046          0.3000          0.0560
 3999          0.1799          0.3560          0.2403          0.0333
 4000          0.1649          0.3206          0.3050          0.0374
 4001          0.2047          0.3085          0.3482          0.0256
 4002          0.0535          0.3089          0.2901          0.0568
 4003          0.1770          0.3650          0.2168          0.0341
 4004          0.0096          0.2978          0.3073          0.0589
 4005          0.1164          0.3199          0.2850          0.0483
 4006          0.1812          0.2805          0.3830          0.0329
 4007          0.1665          0.2640          0.4029          0.0370
 4008          0.1588          0.3640          0.2068          0.0390
 4009          0.0129          0.3005          0.3024          0.0589
 4010          0.0955          0.2768          0.3576          0.0519
 4011          0.0680          0.2813          0.3438          0.0554
 4012          0.1829          0.3439          0.2685          0.0324
 4013          0.1776          0.3731          0.1961          0.0339
 4014          0.0194          0.2967          0.3098          0.0587
 4015          0.1811          0.3125          0.3282          0.0329
 4016          0.1640          0.2835          0.3702          0.0377
 4017          0.1644          0.3554          0.2316          0.0376
 4018          0.1648          0.3163          0.3130          0.0374
 4019          0.0925          0.2915          0.3311          0.0523
 4020          0.1172          0.3124          0.3000          0.0482
 4021          0.1673          0.3135          0.3195          0.0368
 4022          0.0550          0.2908          0.3246          0.0566
 4023          0.1306          0.3164          0.2974          0.0455
 4024          0.1458          0.3318          0.2732          0.0422
 4025          0.0707          0.2881          0.3323          0.0551
 4026          0.1465          0.3112          0.3139          0.0420
 4027          0.0881          0.3279          0.2589          0.0529
 4028          0.1173          0.2750          0.3670          0.0482
 4029          0.0987          0.2733          0.3645          0.0514
 4030          0.1751          0.2702          0.3969          0.0346
 4031          0.2110          0.2542          0.4388          0.0235
 4032          0.0696          0.2930          0.3232          0.0552
 4033          0.1006          0.3264          0.2661          0.0511
 4034          0.0245          0.3068          0.2907          0.0585
 4035          0.1431          0.3084          0.3177          0.0428
 4036          0.1813          0.3654          0.2188          0.0329
 4037          0.0361          0.3025          0.3002          0.0580
 4038          0.1066          0.2792          0.3566          0.0501
 4039          0.1415          0.3300          0.2750          0.0432
 4040          0.1766          0.3709          0.2012          0.0342
 4041          0.1226          0.2740          0.3703          0.0472
 4042          0.0877          0.3060          0.3031          0.0530
 4043          0.1129          0.3241          0.2752          0.0490
 4044          0.0837          0.2785          0.3518          0.0535
 4045          0.0950          0.2806          0.3510          0.0519
 4046          0.1335          0.3024          0.3249          0.0449
 4047          0.0321          0.3039          0.2971          0.0582
 4048          0.1726          0.3693          0.2025          0.0353
 4049          0.0939          0.2813          0.3495          0.0521
 4050          0.1181          0.3049          0.3144          0.0480
 4051          0.0520          0.3069          0.2938          0.0569
 4052          0.1732          0.2525          0.4237          0.0352
 4053          0.0890          0.3168          0.2822          0.0528
 4054          0.0993          0.2774          0.3576          0.0513
 4055          0.1459          0.3021          0.3304          0.0422
 4056          0.0334          0.3077          0.2898          0.0581
 4057          0.0307          0.3099          0.2851          0.0583
 4058          0.0388          0.2955          0.3138          0.0578
 4059          0.0765          0.2930          0.3245          0.0544
 4060          0.1409          0.2683          0.3860          0.0433
 4061          0.0486          0.3146          0.2780          0.0572
 4062          0.1135          0.3362          0.2496          0.0489
 4063          0.1197          0.3105          0.3046          0.0477
 4064          0.2141          0.3276          0.3198          0.0225
 4065          0.1894          0.2586          0.4216          0.0305
 4066          0.0235          0.2973          0.3089          0.0586
 4067          0.1971          0.3621          0.2380          0.0281
 4068          0.0970          0.2975          0.3215          0.0516
 4069          0.1370          0.2994          0.3315          0.0442
 4070          0.0615          0.2855          0.3352          0.0561
 4071          0.0285          0.3056          0.2933          0.0584
 4072          0.1417          0.3554          0.2181          0.0431
 4073          0.1812          0.2591          0.4171          0.0329
 4074          0.1682          0.3445          0.2584          0.0366
 4075          0.1529          0.3477          0.2426          0.0405
 4076          0.1059          0.3066          0.3072          0.0502
 4077          0.2079          0.3768          0.2111          0.0246
 4078          0.2344          0.3939          0.1903          0.0153
 4079          0.0686          0.3007          0.3086          0.0553
 4080          0.1449          0.3038          0.3269          0.0424
 4081          0.1332          0.2978          0.3329          0.0450
 4082          0.1042          0.3398          0.2379          0.0505
 4083          0.0301          0.2992          0.3059          0.0583
 4084          0.0852          0.2987          0.3162          0.0533
 4085          0.0737          0.3199          0.2719          0.0548
 4086          0.0684          0.2798          0.3464          0.0554
 4087          0.0587          0.3043          0.3000          0.0563
 4088          0.1602          0.2975          0.3447          0.0386
 4089          0.0494          0.3119          0.2834          0.0571
 4090          0.0375          0.2957          0.3132          0.0579
 4091          0.1732          0.3623          0.2209          0.0352
 4092          0.2181          0.2821          0.3994          0.0211
 4093          0.0269          0.2951          0.3133          0.0584
 4094          0.1644          0.2742          0.3857          0.0375
 4095          0.0719          0.2890          0.3309          0.0550
 4096          0.1324          0.3239          0.2833          0.0452
 4097          0.2078          0.3057          0.3548          0.0246
 4098          0.0894          0.2895          0.3339          0.0528
 4099          0.0209          0.2971          0.3092          0.0587
 4100          0.1485          0.2973          0.3400          0.0416
 4101          0.1523          0.2865          0.3602          0.0406
 4102          0.0872          0.2891          0.3342          0.0531
 4103          0.1854          0.3298          0.2984          0.0316
 4104          0.1000          0.3362          0.2445          0.0512
 4105          0.0789          0.2831          0.3428          0.0541
 4106          0.2036          0.2519          0.4386          0.0260
 4107          0.1327          0.2898          0.3469          0.0451
 4108          0.1244          0.2870          0.3487          0.0468
 4109          0.0430          0.3072          0.2918          0.0576
 4110          0.2231          0.2692          0.4223          0.0194
 4111          0.0619          0.2857          0.3349          0.0560
 4112          0.1446          0.2735          0.3789          0.0425
 4113          0.2049          0.3311          0.3074          0.0256
 4114          0.2462          0.2828          0.4146          0.0108
 4115          0.0611          0.2898          0.3275          0.0561
 4116          0.1763          0.3615          0.2249          0.0343
 4117          0.1734          0.3115          0.3261          0.0351
 4118          0.0800          0.2931          0.3252          0.0540
 4119          0.0609          0.3184          0.2722          0.0561
 4120          0.1097          0.3422          0.2345          0.0496
 4121          0.2087          0.3792          0.2055          0.0243
 4122          0.1275          0.3057          0.3164          0.0462
 4123          0.1752          0.3148          0.3209          0.0346
 4124          0.0626          0.2851          0.3360          0.0560
 4125          0.2222          0.3423          0.2974          0.0197
 4126          0.1566          0.2846          0.3652          0.0396
 4127          0.1010          0.3338          0.2502          0.0510
 4128          0.0156          0.3055          0.2928          0.0588
 4129          0.1650          0.2610          0.4071          0.0374
 4130          0.1063          0.2710          0.3703          0.0501
 4131          0.1118          0.3260          0.2709          0.0492
 4132          0.1953          0.2896          0.3751          0.0286
 4133          0.1349          0.3406          0.2492          0.0446
 4134          0.1558          0.3055          0.3286          0.0398
 4135          0.1601          0.2932          0.3521          0.0387
 4136          0.2127          0.2975          0.3715          0.0230
 4137          0.0826          0.3247          0.2641          0.0537
 4138          0.0993          0.3272          0.2639          0.0513
 4139          0.1904          0.3684          0.2180          0.0301
 4140          0.1638          0.3032          0.3363          0.0377
 4141          0.1692          0.3412          0.2660          0.0363
 4142          0.2215          0.2847          0.3973          0.0199
 4143          0.1361          0.3137          0.3048          0.0444
 4144          0.1553          0.2687          0.3908          0.0399
 4145          0.0440          0.2878          0.3285          0.0575
 4146          0.1082          0.3098          0.3018          0.0498
 4147          0.1541          0.2961          0.3444          0.0402
 4148          0.1432          0.3501          0.2318          0.0428
 4149          0.0394          0.2966          0.3118          0.0578
 4150          0.1797          0.3170          0.3193          0.0333
 4151          0.1117          0.3391          0.2424          0.0492
 4152          0.1770          0.3127          0.3258          0.0341
 4153          0.0516          0.2983          0.3102          0.0569
 4154          0.1132          0.3264          0.2705          0.0489
 4155          0.0903          0.2853          0.3415          0.0526
 4156          0.0739          0.3139          0.2842          0.0547
 4157          0.2418          0.2582          0.4494          0.0125
 4158          0.1428          0.3214          0.2929          0.0429
 4159          0.0787          0.2935          0.3241          0.0542
 4160          0.1220          0.3242          0.2784          0.0473
 4161          0.0121          0.3004          0.3025          0.0589
 4162          0.1254          0.3184          0.2915          0.0466
 4163          0.2028          0.2577          0.4295          0.0263
 4164          0.1253          0.3229          0.2824          0.0466
 4165          0.1474          0.2703          0.3852          0.0418
 4166          0.0146          0.3055          0.2927          0.0588
 4167          0.2020          0.3334          0.3012          0.0265
 4168          0.0719          0.3264          0.2577          0.0550
 4169          0.1341          0.2804          0.3634          0.0448
 4170          0.2001          0.2773          0.3975          0.0271
 4171          0.0333          0.3007          0.3033          0.0581
 4172          0.0697          0.3082          0.2945          0.0552
 4173          0.0836          0.3055          0.3029          0.0535
 4174          0.1355          0.3011          0.3280          0.0445
 4175          0.0774          0.3173          0.2781          0.0543
 4176          0.1369          0.3501          0.2283          0.0442
 4177          0.1079          0.3075          0.3062          0.0499
 4178          0.1237          0.3477          0.2277          0.0469
 4179          0.1670          0.2967          0.3491          0.0369
 4180          0.1226          0.2817          0.3573          0.0472
 4181          0.1104          0.2769          0.3617          0.0494
 4182          0.1450          0.3046          0.3253          0.0424
 4183          0.1817          0.2639          0.4099          0.0327
 4184          0.0695          0.3082          0.2944          0.0552
 4185          0.2324          0.3790          0.2267          0.0160
 4186          0.1206          0.2930          0.3369          0.0476
 4187          0.1057          0.3361          0.2467          0.0502
 4188          0.1922          0.3397          0.2829          0.0296
 4189          0.1693          0.3455          0.2569          0.0363
 4190          0.0697          0.2959          0.3179          0.0552
 4191          0.0748          0.2857          0.3373          0.0546
 4192          0.1064          0.3321          0.2560          0.0501
 4193          0.1608          0.2610          0.4054          0.0385
 4194          0.0264          0.2954          0.3128          0.0585
 4195          0.1599          0.3412          0.2608          0.0387
 4196          0.1711          0.2991          0.3471          0.0358
 4197          0.1798          0.2765          0.3890          0.0333
 4198          0.0247          0.3014          0.3013          0.0585
 4199          0.1373          0.2698          0.3822          0.0441
 4200          0.0597          0.3148          0.2793          0.0562
 4201          0.0768          0.2771          0.3528          0.0544
 4202          0.0411          0.3000          0.3055          0.0577
 4203          0.1976          0.3238          0.3167          0.0279
 4204          0.0385          0.2909          0.3222          0.0579
 4205          0.2258          0.3126          0.3536          0.0184
 4206          0.1875          0.2848          0.3791          0.0310
 4207          0.1315          0.3326          0.2651          0.0454
 4208          0.0704          0.3058          0.2993          0.0551
 4209          0.1425          0.3235          0.2886          0.0429
 4210          0.1211          0.3221          0.2824          0.0475
 4211          0.0735          0.3221          0.2672          0.0548
 4212          0.2095          0.2923          0.3783          0.0240
 4213          0.0970          0.2769          0.3578          0.0516
 4214          0.1344          0.3308          0.2702          0.0447
 4215          0.0649          0.3062          0.2974          0.0557
 4216          0.0885          0.3284          0.2580          0.0529
 4217          0.0171          0.2965          0.3102          0.0588
 4218          0.1019          0.3254          0.2685          0.0509
 4219          0.1545          0.2789          0.3739          0.0401
 4220          0.1208          0.3364          0.2522          0.0475
 4221          0.0269          0.3066          0.2912          0.0584
 4222          0.2172          0.2913          0.3841          0.0214
 4223          0.1363          0.3371          0.2576          0.0443
 4224          0.1083          0.3065          0.3081          0.0498
 4225          0.1283          0.3427          0.2415          0.0460
 4226          0.0653          0.3130          0.2842          0.0557
 4227          0.1730          0.2979          0.3500          0.0352
 4228          0.0721          0.3185          0.2745          0.0550
 4229          0.1886          0.3258          0.3078          0.0307
 4230          0.1122          0.3258          0.2714          0.0491
 4231          0.1172          0.3212          0.2826          0.0482
 4232          0.1575          0.3243          0.2942          0.0393
 4233          0.0346          0.2899          0.3237          0.0581
 4234          0.1540          0.3018          0.3343          0.0402
 4235          0.0544          0.3004          0.3067          0.0567
 4236          0.1584          0.3341          0.2748          0.0391
 4237          0.1935          0.3162          0.3284          0.0292
 4238          0.1015          0.3064          0.3062          0.0509
 4239          0.1197          0.3448          0.2327          0.0477
 4240          0.0227          0.2952          0.3128          0.0586
 4241          0.1767          0.3004          0.3475          0.0342
 4242          0.0115          0.3011          0.3012          0.0589
 4243          0.0304          0.3059          0.2930          0.0583
 4244          0.1258          0.3284          0.2713          0.0465
 4245          0.1185          0.2800          0.3589          0.0480
 4246          0.1006          0.2989          0.3200          0.0511
 4247          0.0913          0.2888          0.3357          0.0525
 4248          0.0472          0.3167          0.2734          0.0573
 4249          0.0895          0.2831          0.3453          0.0527
 4250          0.1237          0.3100          0.3069          0.0469
 4251          0.1701          0.2669          0.3999          0.0360
 4252          0.1280          0.2983          0.3302          0.0461
 4253          0.0475          0.3091          0.2887          0.0573
 4254          0.1294          0.2905          0.3445          0.0458
 4255          0.1959          0.2737          0.4012          0.0284
 4256          0.1382          0.2964          0.3374          0.0439
 4257          0.1144          0.3432          0.2341          0.0487
 4258          0.0201          0.3055          0.2930          0.0587
 4259          0.0753          0.3085          0.2952          0.0546
 4260          0.1336          0.2879          0.3505          0.0449
 4261          0.0810          0.2856          0.3389          0.0539
 4262          0.1414          0.2980          0.3358          0.0432
 4263          0.0271          0.3027          0.2989          0.0584
 4264          0.1972          0.3700          0.2195          0.0280
 4265          0.0608          0.2905          0.3261          0.0561
 4266          0.1978          0.2474          0.4427          0.0278
 4267          0.0868          0.3144          0.2865          0.0531
 4268          0.2222          0.3419          0.2980          0.0197
 4269          0.0756          0.2882          0.3330          0.0545
 4270          0.1522          0.2652          0.3953          0.0407
 4271          0.0725          0.2865          0.3355          0.0549
 4272          0.1443          0.3563          0.2175          0.0425
 4273          0.1989          0.3034          0.3539          0.0275
 4274          0.1026          0.3124          0.2951          0.0507
 4275          0.1732          0.3608          0.2243          0.0352
 4276          0.1863          0.2652          0.4099          0.0314
 4277          0.0904          0.3229          0.2702          0.0526
 4278          0.1686          0.3024          0.3400          0.0364
 4279          0.1099          0.3420          0.2349          0.0495
 4280          0.1557          0.3354          0.2708          0.0398
 4281          0.1335          0.3329          0.2654          0.0449
 4282          0.2118          0.3453          0.2844          0.0233
 4283          0.1252          0.3326          0.2622          0.0467
 4284          0.1374          0.2608          0.3969          0.0441
 4285          0.1465          0.3041          0.3270          0.0420
 4286          0.1012          0.2965          0.3244          0.0510
 4287          0.1767          0.3220          0.3085          0.0342
 4288          0.1695          0.3131          0.3211          0.0362
 4289          0.1013          0.2808          0.3524          0.0510
 4290          0.0660          0.2985          0.3123          0.0556
 4291          0.2123          0.3406          0.2940          0.0231
 4292          0.1695          0.2551          0.4182          0.0362
 4293          0.2161          0.3387          0.3002          0.0218
 4294          0.1608          0.3052          0.3314          0.0385
 4295          0.0822          0.3226          0.2684          0.0537
 4296          0.0640          0.3045          0.3005          0.0558
 4297          0.0493          0.3028          0.3012          0.0571
 4298          0.0304          0.3008          0.3028          0.0583
 4299          0.0638          0.3007          0.3077          0.0558
 4300          0.1552          0.2591          0.4061          0.0399
 4301          0.1829          0.3693          0.2103          0.0324
 4302          0.0308          0.2952          0.3134          0.0583
 4303          0.0695          0.3162          0.2786          0.0552
 4304          0.1943          0.2556          0.4285          0.0289
 4305          0.1636          0.2898          0.3595          0.0378
 4306          0.1475          0.3389          0.2592          0.0418
 4307          0.1261          0.2949          0.3356          0.0465
 4308          0.2014          0.3750          0.2103          0.0267
 4309          0.0704          0.2831          0.3411          0.0551
 4310          0.2185          0.2818          0.4001          0.0210
 4311          0.1470          0.2823          0.3652          0.0419
 4312          0.1253          0.3492          0.2249          0.0466
 4313          0.1942          0.2760          0.3966          0.0290
 4314          0.0334          0.3103          0.2845          0.0581
 4315          0.0420          0.2960          0.3132          0.0576
 4316          0.0357          0.3125          0.2804          0.0580
 4317          0.1773          0.2756          0.3892          0.0340
 4318          0.1033          0.3010          0.3168          0.0506
 4319          0.1238          0.3460          0.2317          0.0469
 4320          0.0558          0.2891          0.3277          0.0566
 4321          0.2052          0.2996          0.3637          0.0255
 4322          0.1761          0.3124          0.3260          0.0343
 4323          0.1807          0.3690          0.2093          0.0330
 4324          0.1261          0.2797          0.3618          0.0465
 4325          0.0769          0.3290          0.2532          0.0544
 4326          0.0393          0.3084          0.2890          0.0578
 4327          0.0090          0.3033          0.2967          0.0589
 4328          0.1026          0.3009          0.3169          0.0507
 4329          0.1599          0.3353          0.2732          0.0387
 4330          0.1060          0.3013          0.3171          0.0502
 4331          0.1576          0.3464          0.2483          0.0393
 4332          0.1229          0.3141          0.2989          0.0471
 4333          0.1874          0.3093          0.3374          0.0311
 4334          0.0306          0.2957          0.3125          0.0583
 4335          0.1919          0.2481          0.4387          0.0297
 4336          0.1744          0.3020          0.3435          0.0348
 4337          0.0691          0.2938          0.3217          0.0553
 4338          0.2163          0.2439          0.4569          0.0217
 4339          0.1774          0.3625          0.2230          0.0340
 4340          0.0764          0.3283          0.2547          0.0544
 4341          0.0867          0.2873          0.3372          0.0531
 4342          0.1492          0.2843          0.3627          0.0414
 4343          0.1918          0.3592          0.2409          0.0297
 4344          0.1616          0.3333          0.2783          0.0383
 4345          0.1202          0.2717          0.3733          0.0476
 4346          0.1363          0.3484          0.2322          0.0443
 4347          0.0041          0.3020          0.2992          0.0590
 4348          0.1186          0.2669          0.3807          0.0479
 4349          0.0689          0.3047          0.3010          0.0553
 4350          0.1953          0.2852          0.3823          0.0286
 4351          0.2238          0.2454          0.4586          0.0191
 4352          0.0513          0.2973          0.3119          0.0570
 4353          0.0495          0.3037          0.2996          0.0571
 4354          0.1554          0.3457          0.2485          0.0399
 4355          0.0416          0.3152          0.2756          0.0577
 4356          0.0737          0.3166          0.2788          0.0548
 4357          0.0315          0.3066          0.2917          0.0582
 4358          0.1809          0.3463          0.2622          0.0330
 4359          0.0717          0.3052          0.3007          0.0550
 4360          0.0968          0.2866          0.3410          0.0517
 4361          0.1510          0.3120          0.3144          0.0409
 4362          0.0601          0.3163          0.2764          0.0562
 4363          0.0742          0.3026          0.3062          0.0547
 4364          0.0744          0.2848          0.3389          0.0547
 4365          0.2220          0.3206          0.3374          0.0198
 4366          0.1083          0.2767          0.3613          0.0498
 4367          0.1657          0.2996          0.3436          0.0372
 4368          0.2014          0.3435          0.2810          0.0267
 4369          0.1671          0.3145          0.3174          0.0368
 4370          0.1748          0.2834          0.3754          0.0347
 4371          0.0299          0.3079          0.2890          0.0583
 4372          0.0817          0.2908          0.3297          0.0538
 4373          0.0546          0.3121          0.2839          0.0567
 4374          0.1662          0.2945          0.3526          0.0371
 4375          0.0800          0.2840          0.3414          0.0540
 4376          0.1783          0.3681          0.2099          0.0337
 4377          0.1550          0.2864          0.3616          0.0400
 4378          0.0471          0.3168          0.2731          0.0573
 4379          0.0869          0.3043          0.3060          0.0531
 4380          0.0418          0.3081          0.2899          0.0576
 4381          0.0983          0.2842          0.3457          0.0514
 4382          0.0301          0.2959          0.3122          0.0583
 4383          0.1322          0.2651          0.3881          0.0452
 4384          0.0223          0.3063          0.2915          0.0586
 4385          0.1332          0.3045          0.3208          0.0450
 4386          0.0718          0.3249          0.2608          0.0550
 4387          0.1541          0.3066          0.3258          0.0402
 4388          0.1652          0.3555          0.2318          0.0374
 4389          0.1176          0.3130          0.2990          0.0481
 4390          0.1421          0.3045          0.3245          0.0430
 4391          0.1571          0.2584          0.4080          0.0394
 4392          0.1492          0.2844          0.3625          0.0414
 4393          0.0748          0.2873          0.3346          0.0546
 4394          0.2378          0.3748          0.2412          0.0140
 4395          0.1040          0.3093          0.3015          0.0505
 4396          0.1004          0.3001          0.3177          0.0511
 4397          0.0807          0.3133          0.2870          0.0539
 4398          0.1921          0.2577          0.4243          0.0296
 4399          0.1597          0.3176          0.3081          0.0388
 4400          0.0698          0.2896          0.3294          0.0552
 4401          0.0799          0.3215          0.2701          0.0540
 4402          0.1203          0.2835          0.3535          0.0476
 4403          0.0096          0.3004          0.3025          0.0589
 4404          0.1189          0.2661          0.3821          0.0479
 4405          0.0653          0.3052          0.2994          0.0557
 4406          0.1562          0.2656          0.3962          0.0397
 4407          0.0409          0.3097          0.2867          0.0577
 4408          0.1671          0.3378          0.2719          0.0368
 4409          0.1041          0.3078          0.3043          0.0505
 4410          0.1946          0.2904          0.3734          0.0289
 4411          0.2089          0.2708          0.4123          0.0242
 4412          0.0475          0.2925          0.3204          0.0573
 4413          0.1170          0.3098          0.3049          0.0482
 4414          0.0549          0.3038          0.3003          0.0567
 4415          0.0431          0.3141          0.2780          0.0576
 4416          0.0478          0.3179          0.2709          0.0572
 4417          0.2115          0.3420          0.2907          0.0234
 4418          0.1593          0.3608          0.2154          0.0389
 4419          0.2067          0.2840          0.3902          0.0250
 4420          0.2117          0.3335          0.3072          0.0233
 4421          0.1903          0.2901          0.3718          0.0302
 4422          0.2020          0.3223          0.3221          0.0265
 4423          0.0990          0.3371          0.2420          0.0513
 4424          0.1924          0.3023          0.3522          0.0295
 4425          0.1247          0.3449          0.2348          0.0467
 4426          0.0800          0.3298          0.2523          0.0540
 4427          0.1485          0.3161          0.3056          0.0415
 4428          0.1739          0.3324          0.2867          0.0350
 4429          0.1461          0.2650          0.3932          0.0421
 4430          0.2042          0.3756          0.2110          0.0258
 4431          0.1701          0.3008          0.3435          0.0360
 4432          0.1242          0.3071          0.3125          0.0469
 4433          0.0459          0.2888          0.3269          0.0574
 4434          0.1209          0.3137          0.2988          0.0475
 4435          0.0426          0.3063          0.2936          0.0576
 4436          0.0335          0.3056          0.2939          0.0581
 4437          0.1035          0.3314          0.2563          0.0506
 4438          0.1814          0.2568          0.4208          0.0328
 4439          0.1466          0.2858          0.3591          0.0420
 4440          0.0548          0.3194          0.2690          0.0567
 4441          0.1202          0.3066          0.3120          0.0476
 4442          0.1538          0.3510          0.2355          0.0403
 4443          0.0935          0.2838          0.3451          0.0522
 4444          0.2240          0.3170          0.3449          0.0191
 4445          0.0859          0.2846          0.3418          0.0532
 4446          0.1159          0.3208          0.2830          0.0484
 4447          0.0509          0.2848          0.3347          0.0570
 4448          0.1392          0.3253          0.2834          0.0437
 4449          0.0725          0.3250          0.2610          0.0549
 4450          0.1113          0.3085          0.3054          0.0493
 4451          0.1425          0.3563          0.2164          0.0429
 4452          0.1608          0.3527          0.2358          0.0385
 4453          0.0556          0.3143          0.2796          0.0566
 4454          0.1901          0.3367          0.2877          0.0302
 4455          0.1763          0.3073          0.3351          0.0343
 4456          0.1104          0.2979          0.3249          0.0494
 4457          0.1725          0.3334          0.2839          0.0353
 4458          0.1451          0.3449          0.2447          0.0424
 4459          0.1188          0.3404          0.2424          0.0479
 4460          0.1986          0.3150          0.3334          0.0276
 4461          0.1044          0.2828          0.3497          0.0504
 4462          0.1486          0.3036          0.3288          0.0415
 4463          0.1292          0.3358          0.2572          0.0458
 4464          0.1465          0.3030          0.3289          0.0420
 4465          0.0700          0.2969          0.3161          0.0552
 4466          0.1978          0.2733          0.4028          0.0278
 4467          0.0464          0.2920          0.3212          0.0573
 4468          0.0952          0.2715          0.3665          0.0519
 4469          0.2027          0.2465          0.4462          0.0263
 4470          0.1967          0.2545          0.4314          0.0282
 4471          0.2075          0.3863          0.1851          0.0247
 4472          0.2180          0.2571          0.4380          0.0212
 4473          0.0605          0.3039          0.3010          0.0562
 4474          0.2301          0.3701          0.2456          0.0168
 4475          0.1718          0.2635          0.4061          0.0355
 4476          0.1752          0.2921          0.3610          0.0346
 4477          0.1737          0.2801          0.3802          0.0350
 4478          0.1884          0.3757          0.1978          0.0308
 4479          0.1392          0.3116          0.3100          0.0437
 4480          0.0558          0.3160          0.2763          0.0566
 4481          0.0752          0.3199          0.2723          0.0546
 4482          0.2307          0.3255          0.3341          0.0167
 4483          0.0882          0.3314          0.2513          0.0529
 4484          0.0594          0.3128          0.2834          0.0563
 4485          0.0632          0.2962          0.3160          0.0559
 4486          0.0916          0.2895          0.3345          0.0524
 4487          0.1520          0.3310          0.2779          0.0407
 4488          0.1136          0.3375          0.2468          0.0489
 4489          0.0901          0.3155          0.2852          0.0527
 4490          0.1316          0.3425          0.2434          0.0453
 4491          0.1738          0.3653          0.2138          0.0350
 4492          0.1616          0.3302          0.2845          0.0383
 4493          0.1217          0.3081          0.3098          0.0473
 4494          0.1914          0.2700          0.4047          0.0298
 4495          0.1908          0.3712          0.2113          0.0300
 4496          0.1713          0.3226          0.3044          0.0357
 4497          0.1964          0.3805          0.1913          0.0283
 4498          0.1755          0.3276          0.2971          0.0345
 4499          0.0733          0.3173          0.2772          0.0548
 4500          0.1581          0.3628          0.2095          0.0392
 4501          0.0659          0.3066          0.2968          0.0556
 4502          0.1672          0.2952          0.3519          0.0368
 4503          0.1914          0.3746          0.2031          0.0298
 4504          0.1987          0.3466          0.2730          0.0275
 4505          0.2075          0.2750          0.4049          0.0247
 4506          0.0590          0.3174          0.2739          0.0563
 4507          0.1963          0.3753          0.2053          0.0283
 4508          0.1230          0.2869          0.3484          0.0471
 4509          0.1643          0.2973          0.3469          0.0376
 4510          0.1624          0.3430          0.2584          0.0381
 4511          0.1953          0.2665          0.4122          0.0286
 4512          0.0346          0.2906          0.3224          0.0581
 4513          0.2347          0.2832          0.4072          0.0152
 4514          0.1632          0.3218          0.3017          0.0379
 4515          0.1390          0.2908          0.3476          0.0437
 4516          0.0946          0.2926          0.3297          0.0520
 4517          0.1161          0.2715          0.3723          0.0484
 4518          0.1478          0.2906          0.3514          0.0417
 4519          0.0808          0.3199          0.2736          0.0539
 4520          0.1490          0.2653          0.3938          0.0414
 4521          0.1041          0.3015          0.3162          0.0505
 4522          0.1840          0.3511          0.2539          0.0321
 4523          0.1251          0.2753          0.3689          0.0467
 4524          0.1079          0.2815          0.3530          0.0499
 4525          0.1862          0.3165          0.3237          0.0314
 4526          0.1226          0.2930          0.3377          0.0472
 4527          0.0971          0.3325          0.2518          0.0516
 4528          0.0385          0.3044          0.2968          0.0579
 4529          0.0136          0.3023          0.2989          0.0589
 4530          0.0397          0.2941          0.3165          0.0578
 4531          0.0789          0.3161          0.2809          0.0541
 4532          0.0416          0.3005          0.3046          0.0577
 4533          0.0784          0.3288          0.2542          0.0542
 4534          0.1525          0.3044          0.3290          0.0406
 4535          0.0181          0.2974          0.3085          0.0588
 4536          0.1125          0.2944          0.3319          0.0491
 4537          0.0367          0.2891          0.3253          0.0580
 4538          0.0373          0.3130          0.2797          0.0579
 4539          0.1200          0.2986          0.3267          0.0477
 4540          0.1675          0.3101          0.3257          0.0367
 4541          0.1113          0.2772          0.3614          0.0493
 4542          0.1722          0.2992          0.3473          0.0354
 4543          0.1261          0.2664          0.3840          0.0465
 4544          0.0861          0.3101          0.2946          0.0532
 4545          0.0869          0.2839          0.3432          0.0531
 4546          0.0471          0.2880          0.3285          0.0573
 4547          0.1459          0.2994          0.3352          0.0422
 4548          0.0391          0.2923          0.3197          0.0578
 4549          0.0969          0.2923          0.3309          0.0516
 4550          0.1726          0.2943          0.3560          0.0353
 4551          0.1263          0.2735          0.3723          0.0464
 4552          0.2388          0.3013          0.3805          0.0137
 4553          0.1260          0.2813          0.3592          0.0465
 4554          0.1500          0.2826          0.3659          0.0412
 4555          0.1164          0.3162          0.2924          0.0483
 4556          0.1068          0.2751          0.3636          0.0500
 4557          0.0565          0.3145          0.2794          0.0565
 4558          0.0735          0.3265          0.2579          0.0548
 4559          0.0385          0.2939          0.3167          0.0579
 4560          0.0626          0.3093          0.2909          0.0560
 4561          0.1067          0.3369          0.2455          0.0501
 4562          0.1347          0.3482          0.2318          0.0447
 4563          0.2333          0.2468          0.4615          0.0157
 4564          0.1165          0.3066          0.3107          0.0483
 4565          0.1394          0.3208          0.2926          0.0436
 4566          0.1818          0.2939          0.3611          0.0327
 4567          0.1721          0.3526          0.2428          0.0355
 4568          0.0811          0.2811          0.3468          0.0539
 4569          0.1801          0.2855          0.3744          0.0332
 4570          0.1160          0.3224          0.2798          0.0484
 4571          0.1423          0.3559          0.2172          0.0430
 4572          0.2241          0.2492          0.4531          0.0190
 4573          0.0648          0.2865          0.3339          0.0557
 4574          0.1264          0.3280          0.2724          0.0464
 4575          0.0897          0.3122          0.2916          0.0527
 4576          0.1729          0.3651          0.2138          0.0352
 4577          0.1563          0.3078          0.3246          0.0396
 4578          0.0842          0.2754          0.3573          0.0535
 4579          0.0255          0.3088          0.2869          0.0585
 4580          0.1393          0.3463          0.2386          0.0437
 4581          0.2149          0.2793          0.4021          0.0222
 4582          0.2129          0.3678          0.2369          0.0229
 4583          0.0691          0.2978          0.3142          0.0553
 4584          0.1957          0.3688          0.2211          0.0285
 4585          0.2144          0.3469          0.2828          0.0224
 4586          0.2092          0.2627          0.4250          0.0242
 4587          0.1412          0.2610          0.3978          0.0432
 4588          0.1634          0.2869          0.3644          0.0378
 4589          0.1367          0.2824          0.3610          0.0442
 4590          0.1379          0.2983          0.3338          0.0440
 4591          0.2264          0.3353          0.3135          0.0182
 4592          0.0411          0.3095          0.2871          0.0577
 4593          0.1128          0.2866          0.3456          0.0490
 4594          0.0349          0.2991          0.3066          0.0581
 4595          0.1678          0.3459          0.2552          0.0367
 4596          0.1426          0.3506          0.2303          0.0429
 4597          0.1236          0.3396          0.2463          0.0470
 4598          0.0462          0.3063          0.2940          0.0573
 4599          0.0581          0.2842          0.3369          0.0564
 4600          0.1466          0.3560          0.2195          0.0420
 4601          0.1527          0.2736          0.3819          0.0405
 4602          0.1347          0.3441          0.2414          0.0447
 4603          0.0872          0.3188          0.2777          0.0531
 4604          0.1921          0.3181          0.3240          0.0296
 4605          0.1034          0.2928          0.3320          0.0506
 4606          0.0519          0.3148          0.2780          0.0569
 4607          0.1931          0.2565          0.4266          0.0293
 4608          0.0983          0.2970          0.3229          0.0514
 4609          0.0491          0.2905          0.3243          0.0571
 4610          0.0348          0.2898          0.3238          0.0581
 4611          0.1334          0.2720          0.3772          0.0450
 4612          0.1340          0.2859          0.3542          0.0448
 4613          0.1945          0.2486          0.4393          0.0289
 4614          0.1167          0.2733          0.3695          0.0483
 4615          0.0172          0.2988          0.3058          0.0588
 4616          0.0288          0.2973          0.3094          0.0584
 4617          0.1755          0.3504          0.2500          0.0345
 4618          0.1100          0.3120          0.2983          0.0495
 4619          0.0946          0.2718          0.3658          0.0520
 4620          0.1400          0.3002          0.3313          0.0435
 4621          0.1233          0.2811          0.3586          0.0470
 4622          0.1610          0.2983          0.3436          0.0384
 4623          0.1865          0.3412          0.2763          0.0313
 4624          0.1550          0.2599          0.4047          0.0400
 4625          0.0708          0.2798          0.3469          0.0551
 4626          0.1899          0.3596          0.2387          0.0303
 4627          0.1913          0.3348          0.2920          0.0299
 4628          0.1498          0.2785          0.3726          0.0412
 4629          0.0826          0.3300          0.2528          0.0537
 4630          0.1352          0.2617          0.3947          0.0446
 4631          0.0161          0.2964          0.3102          0.0588
 4632          0.2108          0.2507          0.4440          0.0236
 4633          0.1560          0.2640          0.3986          0.0397
 4634          0.0786          0.3227          0.2673          0.0542
 4635          0.0431          0.3152          0.2758          0.0576
 4636          0.0395          0.3005          0.3044          0.0578
 4637          0.0901          0.3298          0.2553          0.0527
 4638          0.1190          0.3131          0.2994          0.0478
 4639          0.1384          0.3481          0.2340          0.0439
 4640          0.0363          0.2979          0.3089          0.0580
 4641          0.2021          0.3114          0.3416          0.0265
 4642          0.1689          0.2707          0.3934          0.0363
 4643          0.1507          0.3054          0.3264          0.0410
 4644          0.0830          0.3177          0.2788          0.0536
 4645          0.0387          0.3134          0.2788          0.0578
 4646          0.2400          0.3441          0.3064          0.0132
 4647          0.2094          0.2746          0.4066          0.0241
 4648          0.0427          0.3050          0.2960          0.0576
 4649          0.1651          0.3591          0.2233          0.0374
 4650          0.2226          0.3855          0.2016          0.0195
 4651          0.1797          0.2783          0.3860          0.0333
 4652          0.0435          0.3096          0.2873          0.0575
 4653          0.1647          0.3496          0.2451          0.0375
 4654          0.0675          0.3098          0.2908          0.0555
 4655          0.1534          0.3209          0.2987          0.0404
 4656          0.1128          0.2911          0.3377          0.0490
 4657          0.1433          0.2897          0.3511          0.0428
 4658          0.0864          0.2956          0.3221          0.0532
 4659          0.1455          0.3387          0.2587          0.0422
 4660          0.0354          0.3099          0.2855          0.0580
 4661          0.1851          0.3543          0.2475          0.0317
 4662          0.0478          0.2902          0.3246          0.0572
 4663          0.1175          0.2773          0.3632          0.0481
 4664          0.0607          0.3040          0.3009          0.0561
 4665          0.0653          0.3210          0.2676          0.0557
 4666          0.0820          0.3019          0.3094          0.0538
 4667          0.1951          0.3428          0.2783          0.0287
 4668          0.1686          0.3221          0.3040          0.0364
 4669          0.0521          0.2893          0.3269          0.0569
 4670          0.1459          0.2648          0.3934          0.0422
 4671          0.0421          0.3104          0.2854          0.0576
 4672          0.1210          0.3397          0.2450          0.0475
 4673          0.2125          0.3667          0.2391          0.0230
 4674          0.2119          0.2742          0.4086          0.0232
 4675          0.1688          0.3317          0.2853          0.0364
 4676          0.0586          0.3134          0.2819          0.0563
 4677          0.1666          0.3189          0.3090          0.0370
 4678          0.0910          0.3258          0.2643          0.0525
 4679          0.1404          0.3399          0.2534          0.0434
 4680          0.1185          0.3129          0.2994          0.0480
 4681          0.1152          0.3210          0.2823          0.0486
 4682          0.1661          0.2831          0.3719          0.0371
 4683          0.1474          0.2671          0.3903          0.0418
 4684          0.1631          0.2763          0.3818          0.0379
 4685          0.2283          0.3502          0.2859          0.0175
 4686          0.1993          0.3020          0.3564          0.0274
 4687          0.2258          0.3276          0.3272          0.0184
 4688          0.1308          0.3295          0.2712          0.0455
 4689          0.0629          0.3103          0.2890          0.0559
 4690          0.0208          0.2955          0.3121          0.0587
 4691          0.2059          0.2652          0.4196          0.0252
 4692          0.1729          0.2892          0.3648          0.0353
 4693          0.2096          0.3469          0.2796          0.0240
 4694          0.0267          0.2969          0.3100          0.0585
 4695          0.2121          0.3126          0.3455          0.0232
 4696          0.1986          0.2796          0.3931          0.0276
 4697          0.0324          0.2957          0.3127          0.0582
 4698          0.1810          0.3249          0.3051          0.0330
 4699          0.1651          0.2821          0.3731          0.0374
 4700          0.0273          0.2973          0.3092          0.0584
 4701          0.2148          0.2433          0.4570          0.0222
 4702          0.1237          0.3114          0.3043          0.0470
 4703          0.1144          0.3271          0.2696          0.0487
 4704          0.1513          0.3397          0.2595          0.0409
 4705          0.1965          0.3797          0.1936          0.0283
 4706          0.1191          0.3101          0.3051          0.0478
 4707          0.1302          0.3080          0.3131          0.0456
 4708          0.1013          0.3276          0.2638          0.0510
 4709          0.0865          0.3053          0.3042          0.0532
 4710          0.1681          0.2901          0.3611          0.0366
 4711          0.1402          0.2886          0.3519          0.0435
 4712          0.0578          0.3210          0.2661          0.0564
 4713          0.1758          0.2937          0.3585          0.0344
 4714          0.0833          0.2840          0.3422          0.0536
 4715          0.1676          0.3660          0.2077          0.0367
 4716          0.0606          0.3125          0.2841          0.0561
 4717          0.0285          0.3027          0.2990          0.0584
 4718          0.0698          0.2900          0.3286          0.0552
 4719          0.1328          0.2931          0.3411          0.0451
 4720          0.0865          0.3032          0.3080          0.0532
 4721          0.2436          0.3932          0.2017          0.0118
 4722          0.1524          0.2983          0.3399          0.0406
 4723          0.0648          0.2818          0.3423          0.0557
 4724          0.1213          0.2917          0.3394          0.0474
 4725          0.1495          0.3351          0.2683          0.0413
 4726          0.1783          0.3616          0.2259          0.0337
 4727          0.1695          0.2533          0.4210          0.0362
 4728          0.0941          0.2962          0.3230          0.0521
 4729          0.0624          0.3194          0.2704          0.0560
 4730          0.0659          0.3091          0.2920          0.0556
 4731          0.1712          0.3203          0.3087          0.0357
 4732          0.0384          0.2906          0.3227          0.0579
 4733          0.0345          0.3039          0.2973          0.0581
 4734          0.1515          0.2837          0.3647          0.0408
 4735          0.1009          0.2796          0.3543          0.0510
 4736          0.1658          0.3140          0.3177          0.0372
 4737          0.2003          0.3782          0.2008          0.0271
 4738          0.2452          0.3176          0.3573          0.0112
 4739          0.1722          0.3166          0.3161          0.0354
 4740          0.1582          0.3222          0.2986          0.0392
 4741          0.0566          0.3082          0.2920          0.0565
 4742          0.0101          0.3035          0.2964          0.0589
 4743          0.0743          0.2927          0.3247          0.0547
 4744          0.1067          0.3082          0.3045          0.0501
 4745          0.0944          0.3313          0.2535          0.0520
 4746          0.1503          0.3352          0.2685          0.0411
 4747          0.1500          0.3494          0.2372          0.0412
 4748          0.0684          0.3208          0.2688          0.0554
 4749          0.0862          0.2903          0.3317          0.0532
 4750          0.1099          0.2709          0.3715          0.0495
 4751          0.1236          0.3190          0.2894          0.0470
 4752          0.1256          0.3448          0.2353          0.0466
 4753          0.1480          0.3509          0.2325          0.0417
 4754          0.1283          0.2922          0.3411          0.0460
 4755          0.1671          0.2943          0.3534          0.0368
 4756          0.0475          0.2862          0.3317          0.0572
 4757          0.0454          0.3039          0.2986          0.0574
 4758          0.2056          0.3553          0.2593          0.0253
 4759          0.1464          0.3515          0.2303          0.0421
 4760          0.2429          0.2580          0.4503          0.0121
 4761          0.0553          0.3046          0.2988          0.0566
 4762          0.1178          0.3345          0.2550          0.0481
 4763          0.1345          0.3047          0.3209          0.0447
 4764          0.1305          0.2868          0.3513          0.0456
 4765          0.1845          0.3480          0.2609          0.0319
 4766          0.1721          0.2722          0.3924          0.0355
 4767          0.0701          0.2988          0.3125          0.0552
 4768          0.1198          0.2857          0.3496          0.0477
 4769          0.0811          0.3272          0.2585          0.0539
 4770          0.1301          0.2691          0.3809          0.0457
 4771          0.1668          0.3229          0.3015          0.0369
 4772          0.1589          0.3470          0.2475          0.0390
 4773          0.1494          0.3299          0.2789          0.0413
 4774          0.0873          0.2907          0.3312          0.0530
 4775          0.0505          0.3181          0.2709          0.0570
 4776          0.1322          0.3503          0.2256          0.0452
 4777          0.1596          0.2761          0.3806          0.0388
 4778          0.1546          0.3508          0.2365          0.0401
 4779          0.1161          0.2849          0.3497          0.0484
 4780          0.0077          0.3029          0.2975          0.0590
 4781          0.1251          0.3026          0.3212          0.0467
 4782          0.1436          0.2740          0.3776          0.0427
 4783          0.0366          0.2934          0.3173          0.0580
 4784          0.0675          0.3096          0.2912          0.0555
 4785          0.0764          0.2900          0.3301          0.0545
 4786          0.2097          0.3592          0.2539          0.0240
 4787          0.0718          0.3192          0.2729          0.0550
 4788          0.0481          0.2960          0.3140          0.0572
 4789          0.0576          0.3124          0.2837          0.0564
 4790          0.1308          0.3139          0.3023          0.0455
 4791          0.2127          0.2666          0.4208          0.0230
 4792          0.0493          0.2858          0.3328          0.0571
 4793          0.1662          0.2874          0.3647          0.0371
 4794          0.1255          0.3262          0.2758          0.0466
 4795          0.1043          0.3399          0.2377          0.0505
 4796          0.1682          0.3213          0.3052          0.0365
 4797          0.1124          0.3276          0.2676          0.0491
 4798          0.0285          0.3042          0.2962          0.0584
 4799          0.2394          0.3728          0.2469          0.0134
 4800          0.1665          0.2909          0.3590          0.0370
 4801          0.0761          0.2822          0.3439          0.0545
 4802          0.1316          0.3020          0.3248          0.0453
 4803          0.1425          0.3287          0.2782          0.0429
 4804          0.1466          0.2744          0.3782          0.0420
 4805          0.1824          0.3696          0.2092          0.0325
 4806          0.1425          0.3099          0.3146          0.0429
 4807          0.0563          0.2900          0.3262          0.0565
 4808          0.1070          0.2782          0.3584          0.0500
 4809          0.0309          0.2966          0.3109          0.0583
 4810          0.1443          0.3084          0.3182          0.0425
 4811          0.2421          0.3723          0.2504          0.0124
 4812          0.1564          0.3477          0.2446          0.0396
 4813          0.1076          0.2938          0.3313          0.0499
 4814          0.2445          0.2581          0.4510          0.0115
 4815          0.1155          0.3397          0.2426          0.0485
 4816          0.1144          0.3356          0.2513          0.0487
 4817          0.0532          0.3035          0.3006          0.0568
 4818          0.1166          0.2724          0.3711          0.0483
 4819          0.0632          0.3124          0.2848          0.0559
 4820          0.1499          0.3419          0.2539          0.0412
 4821          0.2150          0.2725          0.4129          0.0222
 4822          0.1562          0.2895          0.3567          0.0397
 4823          0.1358          0.3108          0.3101          0.0444
 4824          0.0259          0.3068          0.2908          0.0585
 4825          0.1482          0.2708          0.3846          0.0416
 4826          0.2350          0.3473          0.2965          0.0151
 4827          0.1627          0.2713          0.3897          0.0380
 4828          0.1684          0.3413          0.2654          0.0365
 4829          0.0446          0.3126          0.2812          0.0575
 4830          0.0566          0.2977          0.3121          0.0565
 4831          0.1862          0.2744          0.3953          0.0314
 4832          0.2183          0.2461          0.4546          0.0210
 4833          0.1295          0.2630          0.3905          0.0458
 4834          0.0722          0.2896          0.3299          0.0549
 4835          0.0619          0.2958          0.3165          0.0560
 4836          0.1528          0.3226          0.2952          0.0405
 4837          0.1055          0.3001          0.3193          0.0503
 4838          0.1310          0.3408          0.2471          0.0455
 4839          0.0796          0.2989          0.3144          0.0541
 4840          0.1325          0.3291          0.2728          0.0452
 4841          0.0820          0.3223          0.2690          0.0537
 4842          0.0224          0.3070          0.2901          0.0586
 4843          0.0666          0.3027          0.3045          0.0555
 4844          0.1408          0.2802          0.3663          0.0433
 4845          0.1691          0.3044          0.3367          0.0363
 4846          0.1136          0.2786          0.3597          0.0489
 4847          0.1888          0.3697          0.2138          0.0306
 4848          0.2192          0.3145          0.3463          0.0207
 4849          0.1498          0.2819          0.3670          0.0412
 4850          0.2164          0.3730          0.2274          0.0217
 4851          0.1941          0.3489          0.2652          0.0290
 4852          0.1205          0.3075          0.3106          0.0476
 4853          0.1353          0.2822          0.3608          0.0445
 4854          0.0923          0.2788          0.3535          0.0523
 4855          0.0830          0.3148          0.2845          0.0536
 4856          0.1064          0.3090          0.3029          0.0501
 4857          0.1693          0.2632          0.4055          0.0362
 4858          0.1142          0.2962          0.3291          0.0487
 4859          0.1537          0.2757          0.3789          0.0403
 4860          0.0491          0.2890          0.3269          0.0571
 4861          0.2313          0.2996          0.3787          0.0164
 4862          0.1705          0.3562          0.2337          0.0359
 4863          0.1689          0.2891          0.3631          0.0364
 4864          0.1788          0.3108          0.3301          0.0336
 4865          0.1101          0.2829          0.3513          0.0495
 4866          0.1290          0.2802          0.3620          0.0459
 4867          0.0647          0.3149          0.2802          0.0557
 4868          0.0612          0.3205          0.2680          0.0561
 4869          0.0516          0.2963          0.3140          0.0569
 4870          0.1265          0.3162          0.2962          0.0464
 4871          0.1726          0.2574          0.4159          0.0353
 4872          0.1046          0.2735          0.3657          0.0504
 4873          0.1374          0.3326          0.2676          0.0441
 4874          0.1326          0.2795          0.3645          0.0451
 4875          0.1188          0.3188          0.2881          0.0479
 4876          0.0477          0.2877          0.3292          0.0572
 4877          0.0127          0.2975          0.3081          0.0589
 4878          0.0518          0.3105          0.2866          0.0569
 4879          0.0484          0.3170          0.2729          0.0572
 4880          0.2093          0.2800          0.3981          0.0241
 4881          0.0992          0.3249          0.2688          0.0513
 4882          0.0517          0.2904          0.3249          0.0569
 4883          0.0182          0.2997          0.3041          0.0588
 4884          0.1149          0.3303          0.2631          0.0486
 4885          0.1252          0.3357          0.2556          0.0467
 4886          0.1512          0.2723          0.3834          0.0409
 4887          0.0983          0.3213          0.2760          0.0514
 4888          0.1202          0.3222          0.2819          0.0476
 4889          0.0285          0.3077          0.2893          0.0584
 4890          0.0948          0.2748          0.3608          0.0520
 4891          0.0157          0.2985          0.3062          0.0588
 4892          0.0421          0.2916          0.3213          0.0576
 4893          0.2170          0.2626          0.4293          0.0215
 4894          0.1375          0.2884          0.3512          0.0441
 4895          0.0914          0.2920          0.3300          0.0525
 4896          0.0710          0.3209          0.2691          0.0551
 4897          0.0273          0.2928          0.3176          0.0584
 4898          0.1194          0.3433          0.2359          0.0478
 4899          0.1863          0.2814          0.3840          0.0314
 4900          0.1206          0.2738          0.3700          0.0476
 4901          0.0389          0.3056          0.2944          0.0578
 4902          0.0930          0.3259          0.2647          0.0522
 4903          0.0971          0.3206          0.2769          0.0516
 4904          0.1776          0.3082          0.3341          0.0339
 4905          0.1437          0.2899          0.3510          0.0427
 4906          0.0551          0.3185          0.2708          0.0566
 4907          0.1284          0.3274          0.2744          0.0460
 4908          0.0964          0.2920          0.3313          0.0517
 4909          0.1626          0.2927          0.3541          0.0380
 4910          0.1432          0.3018          0.3297          0.0428
 4911          0.0889          0.3066          0.3022          0.0528
 4912          0.0477          0.3080          0.2909          0.0572
 4913          0.0668          0.2846          0.3377          0.0555
 4914          0.2026          0.3642          0.2373          0.0263
 4915          0.0684          0.3229          0.2644          0.0554
 4916          0.0463          0.3161          0.2745          0.0573
 4917          0.0684          0.3151          0.2806          0.0554
 4918          0.0950          0.3090          0.2993          0.0519
 4919          0.0223          0.2954          0.3125          0.0586
 4920          0.0744          0.3267          0.2577          0.0547
 4921          0.2438          0.3407          0.3154          0.0118
 4922          0.0855          0.3050          0.3044          0.0533
 4923          0.2315          0.2998          0.3786          0.0164
 4924          0.0320          0.3016          0.3015          0.0582
 4925          0.1986          0.2821          0.3890          0.0276
 4926          0.1620          0.2807          0.3741          0.0382
 4927          0.1109          0.2728          0.3686          0.0493
 4928          0.1780          0.3547          0.2419          0.0338
 4929          0.2228          0.3626          0.2563          0.0195
 4930          0.1857          0.3147          0.3268          0.0316
 4931          0.1145          0.2694          0.3753          0.0487
 4932          0.1266          0.2915          0.3417          0.0464
 4933          0.0762          0.2773          0.3524          0.0545
 4934          0.0320          0.3002          0.3042          0.0582
 4935          0.0611          0.3144          0.2805          0.0561
 4936          0.1096          0.2902          0.3384          0.0496
 4937          0.1664          0.3043          0.3356          0.0370
 4938          0.0131          0.2991          0.3050          0.0589
 4939          0.0817          0.3058          0.3019          0.0538
 4940          0.0302          0.3076          0.2896          0.0583
 4941          0.0623          0.2976          0.3133          0.0560
 4942          0.1841          0.2494          0.4332          0.0321
 4943          0.1234          0.3135          0.3001          0.0470
 4944          0.1871          0.3087          0.3383          0.0312
 4945          0.0482          0.2967          0.3128          0.0572
 4946          0.0488          0.2997          0.3071          0.0572
 4947          0.1501          0.3253          0.2886          0.0412
 4948          0.1276          0.3264          0.2762          0.0462
 4949          0.1053          0.2918          0.3343          0.0503
 4950          0.2276          0.2993          0.3771          0.0178
 4951          0.0692          0.3007          0.3088          0.0553
 4952          0.1079          0.2754          0.3634          0.0499
 4953          0.0662          0.2972          0.3148          0.0556
 4954          0.1391          0.3372          0.2587          0.0437
 4955          0.0811          0.2784          0.3514          0.0539
 4956          0.2142          0.2574          0.4357          0.0225
 4957          0.2053          0.2573          0.4313          0.0254
 4958          0.1381          0.3300          0.2733          0.0439
 4959          0.1308          0.2970          0.3335          0.0455
 4960          0.1694          0.2534          0.4207          0.0362
 4961          0.1455          0.3301          0.2766          0.0422
 4962          0.0892          0.2961          0.3220          0.0528
 4963          0.0557          0.3084          0.2914          0.0566
 4964          0.0338          0.3062          0.2928          0.0581
 4965          0.2421          0.2419          0.4734          0.0124
 4966          0.1714          0.2648          0.4038          0.0357
 4967          0.1275          0.3168          0.2953          0.0462
 4968          0.1604          0.2851          0.3660          0.0386
 4969          0.0631          0.3152          0.2792          0.0559
 4970          0.1768          0.3148          0.3218          0.0342
 4971          0.1493          0.3306          0.2775          0.0414
 4972          0.1047          0.2987          0.3215          0.0504
 4973          0.1204          0.3271          0.2719          0.0476
 4974          0.0512          0.3077          0.2921          0.0570
 4975          0.0307          0.2948          0.3143          0.0583
 4976          0.2018          0.2819          0.3911          0.0266
 4977          0.0940          0.3348          0.2455          0.0521
 4978          0.0531          0.3132          0.2815          0.0568
 4979          0.1602          0.3086          0.3250          0.0386
 4980          0.0706          0.3207          0.2694          0.0551
 4981          0.0712          0.3025          0.3058          0.0551
 4982          0.2173          0.2461          0.4542          0.0214
 4983          0.2035          0.2529          0.4371          0.0260
 4984          0.0496          0.3037          0.2996          0.0571
 4985          0.0187          0.3047          0.2944          0.0587
 4986          0.2291          0.2813          0.4068          0.0172
 4987          0.0878          0.2916          0.3298          0.0530
 4988          0.1436          0.2687          0.3863          0.0427
 4989          0.1141          0.3139          0.2960          0.0488
 4990          0.1466          0.3073          0.3211          0.0420
 4991          0.1531          0.3526          0.2315          0.0404
 4992          0.0946          0.2763          0.3582          0.0520
 4993          0.0992          0.2840          0.3462          0.0513
 4994          0.1452          0.3516          0.2295          0.0423
 4995          0.0719          0.3043          0.3024          0.0550
 4996          0.2339          0.2707          0.4260          0.0155
 4997          0.1515          0.3563          0.2216          0.0408
 4998          0.1910          0.3481          0.2649          0.0300
 4999          0.0233          0.3014          0.3011          0.0586
 5000          0.0470          0.2913          0.3226          0.0573
 5001          0.0296          0.2967          0.3106          0.0583
 5002          0.1126          0.2765          0.3630          0.0490
 5003          0.0550          0.3183          0.2712          0.0566
 5004          0.1752          0.3063          0.3363          0.0346
 5005          0.0492          0.3180          0.2710          0.0571
 5006          0.1042          0.3021          0.3151          0.0505
 5007          0.0277          0.2979          0.3082          0.0584
 5008          0.1034          0.2964          0.3255          0.0506
 5009          0.1030          0.3150          0.2901          0.0507
 5010          0.1412          0.3245          0.2860          0.0432
 5011          0.0214          0.2943          0.3144          0.0587
 5012          0.1469          0.2632          0.3964          0.0419
 5013          0.0925          0.3263          0.2636          0.0523
 5014          0.1065          0.3341          0.2516          0.0501
 5015          0.1930          0.2782          0.3926          0.0293
 5016          0.0499          0.2880          0.3290          0.0571
 5017          0.0655          0.2873          0.3326          0.0557
 5018          0.0577          0.3035          0.3013          0.0564
 5019          0.0717          0.2883          0.3320          0.0550
 5020          0.0405          0.2964          0.3122          0.0577
 5021          0.1620          0.2890          0.3602          0.0382
 5022          0.1458          0.3279          0.2813          0.0422
 5023          0.0858          0.3179          0.2790          0.0532
 5024          0.1625          0.2640          0.4013          0.0380
 5025          0.0722          0.3109          0.2898          0.0549
 5026          0.0617          0.2944          0.3192          0.0560
 5027          0.0896          0.3146          0.2868          0.0527
 5028          0.0341          0.3117          0.2817          0.0581
 5029          0.1670          0.3628          0.2153          0.0369
 5030          0.2492          0.3246          0.3479          0.0097
 5031          0.1090          0.2816          0.3531          0.0497
 5032          0.1099          0.3027          0.3158          0.0495
 5033          0.0653          0.2874          0.3325          0.0557
 5034          0.0628          0.3144          0.2808          0.0559
 5035          0.0765          0.3133          0.2859          0.0544
 5036          0.1144          0.2919          0.3369          0.0487
 5037          0.1583          0.2912          0.3548          0.0391
 5038          0.0822          0.2752          0.3572          0.0537
 5039          0.0793          0.3010          0.3104          0.0541
 5040          0.1623          0.3483          0.2466          0.0381
 5041          0.0483          0.2875          0.3295          0.0572
 5042          0.1026          0.3212          0.2776          0.0507
 5043          0.0915          0.3194          0.2776          0.0524
 5044          0.1413          0.3460          0.2403          0.0432
 5045          0.1548          0.2626          0.4005          0.0400
 5046          0.1711          0.2705          0.3946          0.0357
 5047          0.1285          0.3159          0.2974          0.0460
 5048          0.2142          0.3215          0.3309          0.0225
 5049          0.0553          0.2872          0.3310          0.0566
 5050          0.1985          0.2722          0.4048          0.0276
 5051          0.1669          0.3539          0.2366          0.0369
 5052          0.0234          0.2987          0.3062          0.0586
 5053          0.1796          0.2919          0.3635          0.0333
 5054          0.2307          0.3853          0.2095          0.0167
 5055          0.0487          0.3093          0.2886          0.0572
 5056          0.2058          0.3696          0.2271          0.0253
 5057          0.1053          0.2819          0.3515          0.0503
 5058          0.1544          0.3608          0.2121          0.0401
 5059          0.1471          0.2650          0.3936          0.0419
 5060          0.2284          0.2951          0.3844          0.0175
 5061          0.2307          0.2988          0.3797          0.0166
 5062          0.1119          0.2879          0.3431          0.0492
 5063          0.1405          0.3157          0.3028          0.0434
 5064          0.1552          0.2634          0.3994          0.0399
 5065          0.1618          0.2989          0.3429          0.0382
 5066          0.1168          0.2786          0.3606          0.0483
 5067          0.0678          0.3021          0.3059          0.0554
 5068          0.0722          0.3119          0.2878          0.0549
 5069          0.2047          0.2495          0.4428          0.0256
 5070          0.2241          0.2735          0.4162          0.0190
 5071          0.1330          0.3430          0.2429          0.0450
 5072          0.1032          0.2865          0.3430          0.0506
 5073          0.1982          0.3609          0.2417          0.0277
 5074          0.1064          0.3108          0.2993          0.0501
 5075          0.1902          0.3332          0.2945          0.0302
 5076          0.1899          0.2532          0.4301          0.0303
 5077          0.0416          0.2916          0.3213          0.0577
 5078          0.2038          0.3838          0.1888          0.0259
 5079          0.1655          0.3625          0.2151          0.0373
 5080          0.1563          0.2958          0.3460          0.0396
 5081          0.0936          0.3004          0.3152          0.0521
 5082          0.1239          0.2678          0.3809          0.0469
 5083          0.0845          0.3135          0.2876          0.0534
 5084          0.2225          0.2599          0.4363          0.0196
 5085          0.1336          0.3420          0.2456          0.0449
 5086          0.1532          0.3445          0.2499          0.0404
 5087          0.0644          0.3225          0.2643          0.0558
 5088          0.2018          0.3030          0.3562          0.0266
 5089          0.0593          0.3100          0.2890          0.0563
 5090          0.1469          0.3027          0.3296          0.0419
 5091          0.0923          0.3168          0.2833          0.0523
 5092          0.1216          0.2966          0.3310          0.0474
 5093          0.1892          0.3636          0.2289          0.0305
 5094          0.0444          0.3008          0.3044          0.0575
 5095          0.0241          0.2963          0.3109          0.0586
 5096          0.1528          0.2949          0.3461          0.0405
 5097          0.1307          0.3358          0.2579          0.0455
 5098          0.1125          0.2820          0.3536          0.0491
 5099          0.0685          0.2918          0.3251          0.0553
 5100          0.1219          0.2861          0.3494          0.0473
 5101          0.0819          0.3048          0.3038          0.0538
 5102          0.0964          0.2872          0.3398          0.0517
 5103          0.1890          0.3695          0.2143          0.0306
 5104          0.1202          0.2756          0.3668          0.0476
 5105          0.1376          0.3394          0.2533          0.0441
 5106          0.1299          0.3455          0.2357          0.0457
 5107          0.0990          0.2874          0.3403          0.0513
 5108          0.2223          0.2494          0.4518          0.0197
 5109          0.1680          0.3262          0.2958          0.0366
 5110          0.1711          0.3427          0.2639          0.0357
 5111          0.0483          0.2971          0.3120          0.0572
 5112          0.0739          0.2852          0.3380          0.0547
 5113          0.1470          0.3243          0.2890          0.0419
 5114          0.0507          0.2852          0.3339          0.0570
 5115          0.1534          0.3508          0.2358          0.0404
 5116          0.1140          0.3384          0.2448          0.0488
 5117          0.2032          0.3098          0.3451          0.0261
 5118          0.0376          0.3071          0.2913          0.0579
 5119          0.1658          0.3528          0.2387          0.0372
 5120          0.1231          0.3095          0.3077          0.0471
 5121          0.1524          0.3563          0.2221          0.0406
 5122          0.1060          0.2899          0.3378          0.0502
 5123          0.1182          0.2784          0.3616          0.0480
 5124          0.0665          0.2940          0.3207          0.0556
 5125          0.0707          0.2797          0.3471          0.0551
 5126          0.1969          0.3326          0.2998          0.0281
 5127          0.1271          0.3338          0.2606          0.0463
 5128          0.1353          0.2750          0.3730          0.0445
 5129          0.1572          0.2665          0.3952          0.0394
 5130          0.1880          0.3007          0.3527          0.0309
 5131          0.1163          0.3412          0.2395          0.0484
 5132          0.1478          0.3259          0.2862          0.0417
 5133          0.1820          0.3117          0.3301          0.0327
 5134          0.0629          0.2926          0.3225          0.0559
 5135          0.1113          0.2856          0.3470          0.0493
 5136          0.1543          0.3104          0.3188          0.0401
 5137          0.1290          0.3221          0.2855          0.0459
 5138          0.1609          0.2792          0.3761          0.0385
 5139          0.1580          0.2741          0.3832          0.0392
 5140          0.0309          0.3092          0.2865          0.0583
 5141          0.0460          0.2982          0.3095          0.0574
 5142          0.1292          0.3361          0.2565          0.0458
 5143          0.1175          0.2720          0.3720          0.0481
 5144          0.1144          0.3025          0.3176          0.0487
 5145          0.0623          0.3109          0.2878          0.0560
 5146          0.2075          0.2549          0.4360          0.0247
 5147          0.1691          0.3380          0.2727          0.0363
 5148          0.1184          0.2874          0.3461          0.0480
 5149          0.0749          0.2805          0.3464          0.0546
 5150          0.1575          0.2747          0.3820          0.0393
 5151          0.1882          0.3279          0.3036          0.0308
 5152          0.1344          0.3526          0.2211          0.0447
 5153          0.0979          0.2875          0.3397          0.0515
 5154          0.1401          0.3539          0.2209          0.0435
 5155          0.1319          0.3150          0.3007          0.0453
 5156          0.2326          0.3091          0.3638          0.0159
 5157          0.0508          0.2967          0.3131          0.0570
 5158          0.0881          0.3204          0.2746          0.0529
 5159          0.1021          0.3152          0.2894          0.0508
 5160          0.1126          0.3415          0.2373          0.0490
 5161          0.1539          0.2655          0.3955          0.0402
 5162          0.1436          0.2711          0.3824          0.0427
 5163          0.1348          0.2623          0.3935          0.0446
 5164          0.0616          0.3106          0.2881          0.0560
 5165          0.0984          0.2774          0.3573          0.0514
 5166          0.2003          0.3005          0.3596          0.0271
 5167          0.1945          0.3223          0.3177          0.0289
 5168          0.1054          0.3139          0.2930          0.0503
 5169          0.0992          0.3123          0.2942          0.0513
 5170          0.0871          0.3185          0.2782          0.0531
 5171          0.0774          0.2830          0.3426          0.0543
 5172          0.1552          0.3373          0.2665          0.0399
 5173          0.1665          0.2941          0.3535          0.0370
 5174          0.1556          0.3141          0.3126          0.0398
 5175          0.1609          0.3439          0.2556          0.0385
 5176          0.0720          0.2939          0.3220          0.0550
 5177          0.1373          0.3364          0.2597          0.0441
 5178          0.2065          0.3006          0.3629          0.0250
 5179          0.2104          0.3681          0.2342          0.0237
 5180          0.1563          0.2856          0.3634          0.0396
 5181          0.2220          0.3100          0.3557          0.0198
 5182          0.1510          0.3281          0.2834          0.0410
 5183          0.0845          0.2964          0.3202          0.0534
 5184          0.1421          0.3403          0.2534          0.0430
 5185          0.1822          0.2656          0.4075          0.0326
 5186          0.2292          0.2890          0.3947          0.0172
 5187          0.1147          0.2750          0.3661          0.0487
 5188          0.1572          0.3536          0.2315          0.0394
 5189          0.1324          0.3398          0.2499          0.0452
 5190          0.2265          0.3447          0.2955          0.0181
 5191          0.1729          0.2739          0.3899          0.0352
 5192          0.2200          0.2847          0.3964          0.0205
 5193          0.0477          0.3157          0.2755          0.0572
 5194          0.1911          0.3535          0.2533          0.0299
 5195          0.0784          0.3088          0.2953          0.0542
 5196          0.0642          0.3160          0.2777          0.0558
 5197          0.0861          0.3185          0.2780          0.0532
 5198          0.1863          0.2581          0.4209          0.0314
 5199          0.0370          0.2960          0.3127          0.0579
 5200          0.1325          0.2759          0.3704          0.0451
 5201          0.1898          0.2896          0.3724          0.0303
 5202          0.1794          0.2925          0.3623          0.0334
 5203          0.1597          0.2986          0.3426          0.0388
 5204          0.2098          0.3410          0.2915          0.0239
 5205          0.0549          0.2938          0.3190          0.0567
 5206          0.0759          0.3214          0.2694          0.0545
 5207          0.1571          0.3457          0.2495          0.0394
 5208          0.0895          0.2965          0.3213          0.0527
 5209          0.0700          0.2933          0.3227          0.0552
 5210          0.1257          0.2727          0.3734          0.0466
 5211          0.0663          0.2979          0.3135          0.0556
 5212          0.1188          0.2806          0.3580          0.0479
 5213          0.1691          0.2896          0.3623          0.0363
 5214          0.2136          0.3742          0.2222          0.0227
 5215          0.0725          0.3112          0.2893          0.0549
 5216          0.1642          0.2807          0.3751          0.0376
 5217          0.1918          0.3053          0.3468          0.0297
 5218          0.1955          0.3352          0.2938          0.0286
 5219          0.1848          0.3538          0.2483          0.0318
 5220          0.1472          0.3180          0.3014          0.0419
 5221          0.1211          0.3081          0.3097          0.0475
 5222          0.1093          0.3229          0.2764          0.0496
 5223          0.1655          0.2605          0.4081          0.0373
 5224          0.1227          0.3397          0.2457          0.0471
 5225          0.1245          0.3104          0.3064          0.0468
 5226          0.1440          0.3208          0.2946          0.0426
 5227          0.1567          0.3259          0.2906          0.0395
 5228          0.1915          0.2673          0.4090          0.0298
 5229          0.1214          0.3353          0.2549          0.0474
 5230          0.0312          0.2999          0.3046          0.0583
 5231          0.1419          0.2716          0.3811          0.0431
 5232          0.0600          0.3037          0.3013          0.0562
 5233          0.1038          0.2886          0.3394          0.0506
 5234          0.1153          0.3388          0.2444          0.0485
 5235          0.0547          0.2967          0.3137          0.0567
 5236          0.1146          0.2663          0.3805          0.0487
 5237          0.0805          0.2902          0.3306          0.0539
 5238          0.1502          0.2904          0.3526          0.0411
 5239          0.0908          0.2945          0.3252          0.0525
 5240          0.1575          0.3274          0.2879          0.0393
 5241          0.2029          0.2776          0.3985          0.0262
 5242          0.2002          0.2749          0.4014          0.0271
 5243          0.2006          0.2717          0.4067          0.0270
 5244          0.1920          0.3209          0.3189          0.0297
 5245          0.1033          0.3396          0.2380          0.0506
 5246          0.1594          0.3433          0.2561          0.0389
 5247          0.1119          0.3027          0.3165          0.0492
 5248          0.0905          0.2852          0.3418          0.0526
 5249          0.1786          0.3720          0.2000          0.0336
 5250          0.1871          0.2702          0.4024          0.0312
 5251          0.0893          0.2787          0.3529          0.0528
 5252          0.1550          0.2670          0.3935          0.0400
 5253          0.2059          0.3343          0.3021          0.0252
 5254          0.0716          0.2962          0.3177          0.0550
 5255          0.0416          0.3055          0.2950          0.0577
 5256          0.1606          0.2909          0.3562          0.0385
 5257          0.1313          0.3472          0.2324          0.0454
 5258          0.0084          0.3034          0.2967          0.0590
 5259          0.1314          0.3476          0.2316          0.0454
 5260          0.0907          0.2784          0.3537          0.0526
 5261          0.1935          0.3163          0.3281          0.0292
 5262          0.2073          0.3686          0.2307          0.0248
 5263          0.0919          0.3177          0.2812          0.0524
 5264          0.1496          0.2970          0.3410          0.0413
 5265          0.0544          0.2974          0.3122          0.0567
 5266          0.1711          0.3229          0.3037          0.0357
 5267          0.1758          0.2875          0.3690          0.0345
 5268          0.1246          0.2946          0.3355          0.0468
 5269          0.1830          0.3189          0.3175          0.0324
 5270          0.0959          0.2769          0.3575          0.0518
 5271          0.0314          0.2996          0.3053          0.0582
 5272          0.0531          0.3041          0.2994          0.0568
 5273          0.1257          0.3264          0.2754          0.0465
 5274          0.0511          0.3056          0.2962          0.0570
 5275          0.2141          0.3848          0.1956          0.0225
 5276          0.0657          0.2928          0.3229          0.0556
 5277          0.1259          0.3442          0.2369          0.0465
 5278          0.1809          0.2533          0.4259          0.0330
 5279          0.1483          0.3402          0.2567          0.0416
 5280          0.0912          0.3020          0.3115          0.0525
 5281          0.1409          0.2725          0.3790          0.0433
 5282          0.1106          0.2986          0.3236          0.0494
 5283          0.1044          0.3397          0.2383          0.0504
 5284          0.0209          0.3027          0.2985          0.0587
 5285          0.1474          0.3230          0.2917          0.0418
 5286          0.1762          0.3340          0.2848          0.0343
 5287          0.0514          0.2920          0.3218          0.0570
 5288          0.1892          0.2516          0.4322          0.0305
 5289          0.0797          0.2914          0.3281          0.0540
 5290          0.1083          0.2728          0.3678          0.0498
 5291          0.1126          0.3026          0.3169          0.0490
 5292          0.0536          0.3133          0.2813          0.0568
 5293          0.1816          0.3092          0.3345          0.0328
 5294          0.1045          0.2962          0.3261          0.0504
 5295          0.1719          0.2990          0.3475          0.0355
 5296          0.1563          0.3265          0.2891          0.0396
 5297          0.0468          0.3158          0.2751          0.0573
 5298          0.1382          0.2609          0.3970          0.0439
 5299          0.1838          0.2502          0.4319          0.0321
 5300          0.1823          0.2885          0.3704          0.0326
 5301          0.0961          0.2840          0.3454          0.0518
 5302          0.0593          0.3140          0.2809          0.0563
 5303          0.2053          0.2760          0.4023          0.0254
 5304          0.2118          0.3433          0.2883          0.0233
 5305          0.0469          0.3121          0.2826          0.0573
 5306          0.0317          0.3018          0.3011          0.0582
 5307          0.0444          0.2876          0.3289          0.0575
 5308          0.1218          0.2665          0.3825          0.0473
 5309          0.1619          0.2617          0.4048          0.0382
 5310          0.1949          0.3816          0.1870          0.0288
 5311          0.0940          0.3299          0.2565          0.0521
 5312          0.0891          0.2981          0.3183          0.0528
 5313          0.0456          0.2923          0.3205          0.0574
 5314          0.1503          0.3603          0.2109          0.0411
 5315          0.1161          0.3135          0.2975          0.0484
 5316          0.2087          0.3489          0.2749          0.0243
 5317          0.2028          0.2760          0.4010          0.0263
 5318          0.2355          0.3091          0.3656          0.0149
 5319          0.0315          0.2956          0.3129          0.0582
 5320          0.1958          0.3129          0.3356          0.0285
 5321          0.1529          0.2829          0.3666          0.0405
 5322          0.1082          0.2918          0.3352          0.0498
 5323          0.1673          0.3681          0.2020          0.0368
 5324          0.1834          0.3650          0.2213          0.0322
 5325          0.1284          0.3153          0.2986          0.0460
 5326          0.1198          0.3005          0.3231          0.0477
 5327          0.0380          0.2987          0.3077          0.0579
 5328          0.1707          0.2645          0.4039          0.0359
 5329          0.0870          0.3150          0.2853          0.0531
 5330          0.1749          0.3433          0.2650          0.0347
 5331          0.1557          0.3129          0.3149          0.0398
 5332          0.0922          0.2891          0.3353          0.0524
 5333          0.1336          0.3453          0.2380          0.0449
 5334          0.0526          0.3005          0.3061          0.0569
 5335          0.0861          0.3106          0.2938          0.0532
 5336          0.1595          0.3419          0.2592          0.0388
 5337          0.1464          0.3321          0.2729          0.0420
 5338          0.0901          0.3066          0.3025          0.0527
 5339          0.0409          0.2882          0.3274          0.0577
 5340          0.0979          0.3072          0.3035          0.0515
 5341          0.1961          0.3681          0.2231          0.0284
 5342          0.0201          0.2995          0.3045          0.0587
 5343          0.1565          0.3043          0.3310          0.0396
 5344          0.1850          0.3751          0.1968          0.0318
 5345          0.1729          0.3242          0.3022          0.0353
 5346          0.1699          0.3278          0.2936          0.0361
 5347          0.1714          0.2757          0.3863          0.0357
 5348          0.1022          0.3110          0.2976          0.0508
 5349          0.0907          0.3174          0.2816          0.0526
 5350          0.0264          0.2950          0.3136          0.0585
 5351          0.0534          0.2895          0.3267          0.0568
 5352          0.1267          0.2897          0.3449          0.0463
 5353          0.2143          0.2494          0.4476          0.0224
 5354          0.0860          0.3245          0.2655          0.0532
 5355          0.2134          0.2752          0.4078          0.0227
 5356          0.1133          0.2838          0.3506          0.0489
 5357          0.0381          0.3089          0.2879          0.0579
 5358          0.0984          0.3028          0.3121          0.0514
 5359          0.0604          0.3076          0.2939          0.0562
 5360          0.1443          0.2712          0.3826          0.0425
 5361          0.1904          0.3791          0.1901          0.0301
 5362          0.1640          0.3505          0.2428          0.0377
 5363          0.0899          0.3301          0.2547          0.0527
 5364          0.1687          0.2652          0.4021          0.0364
 5365          0.1039          0.2918          0.3338          0.0505
 5366          0.0566          0.3110          0.2865          0.0565
 5367          0.0574          0.3068          0.2948          0.0564
 5368          0.0214          0.3053          0.2934          0.0587
 5369          0.2107          0.3378          0.2983          0.0236
 5370          0.2105          0.3837          0.1952          0.0237
 5371          0.2070          0.3500          0.2715          0.0249
 5372          0.1885          0.3378          0.2845          0.0307
 5373          0.2324          0.3430          0.3030          0.0160
 5374          0.1446          0.3209          0.2945          0.0425
 5375          0.1675          0.2881          0.3641          0.0367
 5376          0.1688          0.2744          0.3873          0.0364
 5377          0.0627          0.3001          0.3086          0.0559
 5378          0.1171          0.3167          0.2916          0.0482
 5379          0.1408          0.2711          0.3814          0.0433
 5380          0.1196          0.3049          0.3150          0.0477
 5381          0.1214          0.3109          0.3045          0.0474
 5382          0.0957          0.2836          0.3459          0.0518
 5383          0.0964          0.3353          0.2452          0.0517
 5384          0.0796          0.3088          0.2956          0.0540
 5385          0.2146          0.3762          0.2183          0.0223
 5386          0.1429          0.2762          0.3737          0.0429
 5387          0.1038          0.3395          0.2383          0.0505
 5388          0.0317          0.3088          0.2875          0.0582
 5389          0.1254          0.2761          0.3676          0.0466
 5390          0.1392          0.3139          0.3058          0.0437
 5391          0.1765          0.2712          0.3959          0.0342
 5392          0.0286          0.3027          0.2991          0.0584
 5393          0.1271          0.2782          0.3648          0.0463
 5394          0.1108          0.3080          0.3061          0.0494
 5395          0.0614          0.3171          0.2750          0.0561
 5396          0.1718          0.2796          0.3801          0.0356
 5397          0.1720          0.2732          0.3907          0.0355
 5398          0.2283          0.2485          0.4562          0.0175
 5399          0.2207          0.3403          0.3001          0.0202
 5400          0.1987          0.3495          0.2669          0.0275
 5401          0.1364          0.2948          0.3396          0.0443
 5402          0.1844          0.2971          0.3569          0.0320
 5403          0.1222          0.3053          0.3151          0.0473
 5404          0.1075          0.3041          0.3124          0.0499
 5405          0.2184          0.3090          0.3554          0.0210
 5406          0.1094          0.3219          0.2784          0.0496
 5407          0.0808          0.3270          0.2587          0.0539
 5408          0.1806          0.3527          0.2481          0.0331
 5409          0.1197          0.3142          0.2974          0.0477
 5410          0.0625          0.3065          0.2965          0.0560
 5411          0.0843          0.3035          0.3070          0.0534
 5412          0.2338          0.3058          0.3701          0.0155
 5413          0.0310          0.2993          0.3057          0.0583
 5414          0.0118          0.3010          0.3014          0.0589
 5415          0.1314          0.2655          0.3872          0.0454
 5416          0.1449          0.3150          0.3061          0.0424
 5417          0.1145          0.2730          0.3694          0.0487
 5418          0.0479          0.2886          0.3275          0.0572
 5419          0.1613          0.2979          0.3444          0.0384
 5420          0.1060          0.3347          0.2500          0.0502
 5421          0.1762          0.3378          0.2771          0.0343
 5422          0.1018          0.3376          0.2419          0.0509
 5423          0.1761          0.2709          0.3963          0.0344
 5424          0.1178          0.3174          0.2904          0.0481
 5425          0.1026          0.2944          0.3287          0.0507
 5426          0.0983          0.2833          0.3472          0.0514
 5427          0.2195          0.3770          0.2204          0.0206
 5428          0.1594          0.2892          0.3587          0.0389
 5429          0.1070          0.3038          0.3128          0.0500
 5430          0.1824          0.3307          0.2948          0.0325
 5431          0.0278          0.3083          0.2879          0.0584
 5432          0.0860          0.3280          0.2580          0.0532
 5433          0.0962          0.3144          0.2892          0.0518
 5434          0.2104          0.2964          0.3719          0.0237
 5435          0.1366          0.3291          0.2747          0.0443
 5436          0.0096          0.2982          0.3065          0.0589
 5437          0.1943          0.3505          0.2619          0.0289
 5438          0.0458          0.3038          0.2989          0.0574
 5439          0.1445          0.3470          0.2397          0.0425
 5440          0.0885          0.2917          0.3298          0.0529
 5441          0.1596          0.3240          0.2957          0.0388
 5442          0.0771          0.3097          0.2933          0.0544
 5443          0.1475          0.3176          0.3023          0.0418
 5444          0.1179          0.2929          0.3362          0.0481
 5445          0.1269          0.3097          0.3087          0.0463
 5446          0.1307          0.3444          0.2386          0.0455
 5447          0.1942          0.3436          0.2763          0.0290
 5448          0.0454          0.3127          0.2812          0.0574
 5449          0.0998          0.2994          0.3188          0.0512
 5450          0.1983          0.2579          0.4268          0.0277
 5451          0.2107          0.2892          0.3840          0.0236
 5452          0.1988          0.2491          0.4405          0.0275
 5453          0.1493          0.3500          0.2355          0.0413
 5454          0.1143          0.3178          0.2884          0.0487
 5455          0.1552          0.2922          0.3518          0.0399
 5456          0.1288          0.3473          0.2311          0.0459
 5457          0.0819          0.3186          0.2767          0.0538
 5458          0.1176          0.3016          0.3205          0.0481
 5459          0.1924          0.2699          0.4054          0.0295
 5460          0.2056          0.3808          0.1987          0.0253
 5461          0.1848          0.3105          0.3338          0.0318
 5462          0.1954          0.2913          0.3724          0.0286
 5463          0.0802          0.3179          0.2777          0.0540
 5464          0.0439          0.3112          0.2840          0.0575
 5465          0.1775          0.2692          0.3995          0.0340
 5466          0.2001          0.3589          0.2476          0.0271
 5467          0.1490          0.3251          0.2884          0.0414
 5468          0.0650          0.3036          0.3023          0.0557
 5469          0.0731          0.3232          0.2648          0.0548
 5470          0.2138          0.2757          0.4072          0.0226
 5471          0.1515          0.2911          0.3520          0.0408
 5472          0.1220          0.3132          0.3002          0.0473
 5473          0.1729          0.2618          0.4091          0.0353
 5474          0.1170          0.3388          0.2453          0.0482
 5475          0.1051          0.3188          0.2831          0.0503
 5476          0.0342          0.2931          0.3177          0.0581
 5477          0.2378          0.3255          0.3388          0.0140
 5478          0.2401          0.3884          0.2106          0.0132
 5479          0.1306          0.2795          0.3637          0.0456
 5480          0.1924          0.2496          0.4367          0.0295
 5481          0.1822          0.3282          0.2996          0.0326
 5482          0.2047          0.2639          0.4209          0.0256
 5483          0.1646          0.2670          0.3974          0.0375
 5484          0.1209          0.2952          0.3331          0.0475
 5485          0.0777          0.3106          0.2917          0.0543
 5486          0.1269          0.3108          0.3067          0.0463
 5487          0.0799          0.2826          0.3439          0.0540
 5488          0.1810          0.3286          0.2982          0.0329
 5489          0.0553          0.2962          0.3147          0.0566
 5490          0.1003          0.2825          0.3492          0.0511
 5491          0.0336          0.3040          0.2971          0.0581
 5492          0.0598          0.2887          0.3292          0.0562
 5493          0.0827          0.3208          0.2724          0.0537
 5494          0.0574          0.3176          0.2733          0.0564
 5495          0.0679          0.2821          0.3423          0.0554
 5496          0.2013          0.3166          0.3320          0.0267
 5497          0.1604          0.2806          0.3735          0.0386
 5498          0.1133          0.3296          0.2637          0.0489
 5499          0.1299          0.2788          0.3647          0.0457
 5500          0.1622          0.3126          0.3186          0.0381
 5501          0.0548          0.2933          0.3200          0.0567
 5502          0.0565          0.2879          0.3301          0.0565
 5503          0.1651          0.3302          0.2863          0.0374
 5504          0.1666          0.3389          0.2694          0.0370
 5505          0.1620          0.3062          0.3302          0.0382
 5506          0.1481          0.3475          0.2404          0.0416
 5507          0.0847          0.3018          0.3103          0.0534
 5508          0.1702          0.2651          0.4028          0.0360
 5509          0.1703          0.3647          0.2127          0.0360
 5510          0.1473          0.3338          0.2699          0.0418
 5511          0.1071          0.3397          0.2393          0.0500
 5512          0.1439          0.3424          0.2497          0.0426
 5513          0.1252          0.2863          0.3503          0.0466
 5514          0.0653          0.2963          0.3163          0.0557
 5515          0.1687          0.2987          0.3465          0.0364
 5516          0.0301          0.3106          0.2836          0.0583
 5517          0.0124          0.2973          0.3084          0.0589
 5518          0.1488          0.3096          0.3180          0.0415
 5519          0.0088          0.3029          0.2976          0.0589
 5520          0.1936          0.3277          0.3071          0.0292
 5521          0.0683          0.3053          0.2999          0.0554
 5522          0.1196          0.3424          0.2382          0.0477
 5523          0.0912          0.3095          0.2973          0.0525
 5524          0.1738          0.2793          0.3816          0.0350
 5525          0.1622          0.3038          0.3345          0.0381
 5526          0.1948          0.2822          0.3869          0.0288
 5527          0.1597          0.3008          0.3387          0.0388
 5528          0.0749          0.3116          0.2889          0.0546
 5529          0.1473          0.2580          0.4049          0.0418
 5530          0.0587          0.2829          0.3393          0.0563
 5531          0.1986          0.3195          0.3252          0.0276
 5532          0.1931          0.2908          0.3721          0.0293
 5533          0.1661          0.2882          0.3633          0.0371
 5534          0.1417          0.3046          0.3241          0.0431
 5535          0.1506          0.3394          0.2596          0.0410
 5536          0.1642          0.3614          0.2169          0.0376
 5537          0.1581          0.2999          0.3395          0.0392
 5538          0.1765          0.3012          0.3460          0.0342
 5539          0.0925          0.2912          0.3317          0.0523
 5540          0.1070          0.3051          0.3104          0.0500
 5541          0.0635          0.2890          0.3292          0.0559
 5542          0.1825          0.2862          0.3744          0.0325
 5543          0.0532          0.3177          0.2722          0.0568
 5544          0.1457          0.2644          0.3941          0.0422
 5545          0.1796          0.2714          0.3970          0.0334
 5546          0.0404          0.2986          0.3081          0.0577
 5547          0.1719          0.2936          0.3568          0.0355
 5548          0.1302          0.2846          0.3550          0.0456
 5549          0.1576          0.3028          0.3342          0.0393
 5550          0.0358          0.3024          0.3004          0.0580
 5551          0.0578          0.2945          0.3182          0.0564
 5552          0.1111          0.3290          0.2643          0.0493
 5553          0.2002          0.2718          0.4063          0.0271
 5554          0.0537          0.3134          0.2811          0.0568
 5555          0.1247          0.2730          0.3727          0.0467
 5556          0.2031          0.2932          0.3733          0.0262
 5557          0.0744          0.3015          0.3083          0.0547
 5558          0.1583          0.3048          0.3309          0.0391
 5559          0.2124          0.3853          0.1924          0.0231
 5560          0.0828          0.3175          0.2791          0.0536
 5561          0.2004          0.3133          0.3374          0.0270
 5562          0.0427          0.3033          0.2995          0.0576
 5563          0.0614          0.2817          0.3418          0.0561
 5564          0.0978          0.2946          0.3269          0.0515
 5565          0.1018          0.2799          0.3541          0.0509
 5566          0.0508          0.2948          0.3166          0.0570
 5567          0.1720          0.2991          0.3474          0.0355
 5568          0.0859          0.3234          0.2678          0.0532
 5569          0.1047          0.3030          0.3136          0.0504
 5570          0.1987          0.3094          0.3433          0.0276
 5571          0.1699          0.3033          0.3391          0.0361
 5572          0.0580          0.3005          0.3071          0.0564
 5573          0.1871          0.2676          0.4066          0.0311
 5574          0.1571          0.3622          0.2104          0.0394
 5575          0.0700          0.2925          0.3242          0.0552
 5576          0.1799          0.3379          0.2791          0.0333
 5577          0.0791          0.3112          0.2907          0.0541
 5578          0.0836          0.2920          0.3281          0.0535
 5579          0.0852          0.3102          0.2943          0.0533
 5580          0.1865          0.3368          0.2853          0.0313
 5581          0.0875          0.2757          0.3576          0.0530
 5582          0.2294          0.2659          0.4309          0.0171
 5583          0.0738          0.3266          0.2577          0.0548
 5584          0.1443          0.2690          0.3861          0.0425
 5585          0.1206          0.2748          0.3682          0.0476
 5586          0.1697          0.3233          0.3022          0.0361
 5587          0.1503          0.2769          0.3755          0.0411
 5588          0.1854          0.2873          0.3740          0.0316
 5589          0.0808          0.2861          0.3380          0.0539
 5590          0.0831          0.2965          0.3198          0.0536
 5591          0.0567          0.3032          0.3018          0.0565
 5592          0.1868          0.3698          0.2119          0.0312
 5593          0.1219          0.2978          0.3289          0.0473
 5594          0.1478          0.3320          0.2739          0.0417
 5595          0.0459          0.2883          0.3278          0.0574
 5596          0.2170          0.3158          0.3426          0.0215
 5597          0.2123          0.2698          0.4157          0.0231
 5598          0.1112          0.3267          0.2690          0.0493
 5599          0.1898          0.2982          0.3579          0.0303
 5600          0.1267          0.3487          0.2266          0.0463
 5601          0.1114          0.3371          0.2467          0.0492
 5602          0.1151          0.3408          0.2399          0.0486
 5603          0.0839          0.3139          0.2868          0.0535
 5604          0.0431          0.2922          0.3204          0.0576
 5605          0.0690          0.3126          0.2857          0.0553
 5606          0.1988          0.3244          0.3164          0.0275
 5607          0.1234          0.3284          0.2703          0.0470
 5608          0.0691          0.2954          0.3186          0.0553
 5609          0.1227          0.3466          0.2297          0.0471
 5610          0.1136          0.3174          0.2890          0.0489
 5611          0.2054          0.3867          0.1820          0.0254
 5612          0.0849          0.3268          0.2604          0.0534
 5613          0.1176          0.3185          0.2882          0.0481
 5614          0.0429          0.2909          0.3226          0.0576
 5615          0.0682          0.3210          0.2683          0.0554
 5616          0.0797          0.2839          0.3416          0.0540
 5617          0.1707          0.2624          0.4072          0.0359
 5618          0.1764          0.3569          0.2357          0.0343
 5619          0.1849          0.2757          0.3926          0.0318
 5620          0.1888          0.3106          0.3358          0.0306
 5621          0.0815          0.3123          0.2892          0.0538
 5622          0.1700          0.3221          0.3046          0.0360
 5623          0.0554          0.3057          0.2967          0.0566
 5624          0.1562          0.2924          0.3518          0.0397
 5625          0.0733          0.3220          0.2675          0.0548
 5626          0.1626          0.3448          0.2546          0.0380
 5627          0.1271          0.3220          0.2848          0.0463
 5628          0.1454          0.3425          0.2503          0.0423
 5629          0.0468          0.2871          0.3301          0.0573
 5630          0.0271          0.3029          0.2986          0.0584
 5631          0.1749          0.3653          0.2146          0.0347
 5632          0.0402          0.3074          0.2912          0.0578
 5633          0.1167          0.2795          0.3592          0.0483
 5634          0.1527          0.3572          0.2201          0.0405
 5635          0.0753          0.3120          0.2882          0.0546
 5636          0.1146          0.2934          0.3342          0.0487
 5637          0.1039          0.2913          0.3348          0.0505
 5638          0.2252          0.2534          0.4475          0.0186
 5639          0.0820          0.2861          0.3382          0.0538
 5640          0.0777          0.3034          0.3055          0.0543
 5641          0.0927          0.3241          0.2684          0.0523
 5642          0.1180          0.2972          0.3286          0.0481
 5643          0.2249          0.3027          0.3699          0.0187
 5644          0.1693          0.2840          0.3718          0.0363
 5645          0.1612          0.3371          0.2701          0.0384
 5646          0.1174          0.3142          0.2966          0.0482
 5647          0.2038          0.2866          0.3846          0.0259
 5648          0.1216          0.3030          0.3192          0.0474
 5649          0.1565          0.3073          0.3256          0.0396
 5650          0.2246          0.3348          0.3131          0.0188
 5651          0.1789          0.3604          0.2293          0.0335
 5652          0.1309          0.3137          0.3027          0.0455
 5653          0.1359          0.3537          0.2192          0.0444
 5654          0.2043          0.2539          0.4359          0.0258
 5655          0.1677          0.3320          0.2841          0.0367
 5656          0.1654          0.2636          0.4031          0.0373
 5657          0.2037          0.2575          0.4303          0.0259
 5658          0.1475          0.3061          0.3237          0.0418
 5659          0.1751          0.3045          0.3395          0.0346
 5660          0.1434          0.2980          0.3366          0.0427
 5661          0.0850          0.3007          0.3124          0.0533
 5662          0.1103          0.3255          0.2714          0.0494
 5663          0.2176          0.3451          0.2886          0.0213
 5664          0.1875          0.2709          0.4016          0.0310
 5665          0.1607          0.2715          0.3886          0.0385
 5666          0.0955          0.3136          0.2906          0.0519
 5667          0.0180          0.3024          0.2989          0.0588
 5668          0.0221          0.3002          0.3033          0.0586
 5669          0.1131          0.3324          0.2577          0.0490
 5670          0.0618          0.3020          0.3049          0.0560
 5671          0.0568          0.2894          0.3274          0.0565
 5672          0.1452          0.2823          0.3645          0.0423
 5673          0.1568          0.2973          0.3435          0.0395
 5674          0.1527          0.3166          0.3066          0.0405
 5675          0.0144          0.3048          0.2940          0.0588
 5676          0.1931          0.2885          0.3758          0.0293
 5677          0.1755          0.2580          0.4163          0.0345
 5678          0.1341          0.2859          0.3542          0.0448
 5679          0.0713          0.2831          0.3411          0.0550
 5680          0.0433          0.3150          0.2762          0.0576
 5681          0.0595          0.3134          0.2821          0.0562
 5682          0.1231          0.2788          0.3623          0.0471
 5683          0.0907          0.3041          0.3075          0.0526
 5684          0.1342          0.2879          0.3508          0.0448
 5685          0.0980          0.2957          0.3251          0.0515
 5686          0.1160          0.3267          0.2709          0.0484
 5687          0.2229          0.2426          0.4621          0.0194
 5688          0.0389          0.2913          0.3216          0.0578
 5689          0.1024          0.3027          0.3134          0.0508
 5690          0.1962          0.3138          0.3341          0.0283
 5691          0.1938          0.3708          0.2148          0.0291
 5692          0.0293          0.3106          0.2835          0.0583
 5693          0.0675          0.3246          0.2606          0.0555
 5694          0.1868          0.2980          0.3566          0.0312
 5695          0.0126          0.3006          0.3022          0.0589
 5696          0.1848          0.3617          0.2303          0.0318
 5697          0.1172          0.2827          0.3537          0.0482
 5698          0.1456          0.3578          0.2144          0.0422
 5699          0.1633          0.2608          0.4067          0.0378
 5700          0.1586          0.3389          0.2651          0.0390
 5701          0.1671          0.2672          0.3982          0.0368
 5702          0.2164          0.3726          0.2284          0.0217
 5703          0.0847          0.2744          0.3591          0.0534
 5704          0.1937          0.3198          0.3219          0.0291
 5705          0.1330          0.3194          0.2926          0.0450
 5706          0.0509          0.2887          0.3277          0.0570
 5707          0.0870          0.3263          0.2620          0.0531
 5708          0.1390          0.2976          0.3355          0.0437
 5709          0.1928          0.3410          0.2807          0.0294
 5710          0.1685          0.2958          0.3515          0.0365
 5711          0.1533          0.2837          0.3654          0.0404
 5712          0.1012          0.2976          0.3226          0.0510
 5713          0.2043          0.2875          0.3832          0.0257
 5714          0.0526          0.3096          0.2886          0.0569
 5715          0.1653          0.2704          0.3923          0.0373
 5716          0.1478          0.3386          0.2601          0.0417
 5717          0.2411          0.3460          0.3034          0.0128
 5718          0.1001          0.3011          0.3158          0.0512
 5719          0.2062          0.2545          0.4359          0.0251
 5720          0.0358          0.3071          0.2912          0.0580
 5721          0.0442          0.2883          0.3275          0.0575
 5722          0.1761          0.3673          0.2104          0.0344
 5723          0.0832          0.3215          0.2711          0.0536
 5724          0.0247          0.2996          0.3046          0.0585
 5725          0.0954          0.3159          0.2860          0.0519
 5726          0.1494          0.2970          0.3409          0.0413
 5727          0.0753          0.2819          0.3441          0.0546
 5728          0.2265          0.2524          0.4497          0.0181
 5729          0.0701          0.3255          0.2592          0.0552
 5730          0.1676          0.2837          0.3715          0.0367
 5731          0.1804          0.2636          0.4098          0.0331
 5732          0.1309          0.3267          0.2771          0.0455
 5733          0.1947          0.3431          0.2775          0.0288
 5734          0.0174          0.3054          0.2930          0.0588
 5735          0.0186          0.3038          0.2962          0.0587
 5736          0.2109          0.3728          0.2236          0.0236
 5737          0.0699          0.3185          0.2738          0.0552
 5738          0.1388          0.2790          0.3675          0.0438
 5739          0.2314          0.3298          0.3269          0.0164
 5740          0.1962          0.2568          0.4276          0.0284
 5741          0.1368          0.2646          0.3906          0.0442
 5742          0.1272          0.2785          0.3642          0.0463
 5743          0.1447          0.2685          0.3871          0.0424
 5744          0.2024          0.3608          0.2448          0.0264
 5745          0.1787          0.3268          0.3003          0.0336
 5746          0.1532          0.3533          0.2298          0.0404
 5747          0.2312          0.3930          0.1896          0.0165
 5748          0.0940          0.3276          0.2614          0.0521
 5749          0.0853          0.3040          0.3062          0.0533
 5750          0.0720          0.2797          0.3473          0.0550
 5751          0.0799          0.2901          0.3306          0.0540
 5752          0.1755          0.2886          0.3670          0.0345
 5753          0.2034          0.2457          0.4478          0.0260
 5754          0.1630          0.3086          0.3262          0.0379
 5755          0.1475          0.3145          0.3081          0.0418
 5756          0.1844          0.2801          0.3853          0.0320
 5757          0.1045          0.3283          0.2635          0.0504
 5758          0.0903          0.3092          0.2976          0.0526
 5759          0.0859          0.2958          0.3216          0.0532
 5760          0.2255          0.3783          0.2225          0.0185
 5761          0.1466          0.2727          0.3809          0.0420
 5762          0.1241          0.3402          0.2451          0.0469
 5763          0.1098          0.3086          0.3047          0.0495
 5764          0.1138          0.2809          0.3558          0.0488
 5765          0.0482          0.3142          0.2787          0.0572
 5766          0.1039          0.3243          0.2715          0.0505
 5767          0.0920          0.2755          0.3590          0.0524
 5768          0.0996          0.2761          0.3599          0.0512
 5769          0.0843          0.3172          0.2802          0.0534
 5770          0.1506          0.3278          0.2838          0.0410
 5771          0.1190          0.2812          0.3569          0.0479
 5772          0.1299          0.3475          0.2311          0.0457
 5773          0.0783          0.3179          0.2771          0.0542
 5774          0.1209          0.2704          0.3757          0.0475
 5775          0.2348          0.3039          0.3737          0.0151
 5776          0.1696          0.3395          0.2697          0.0362
 5777          0.0543          0.3110          0.2860          0.0567
 5778          0.0822          0.2894          0.3323          0.0537
 5779          0.0992          0.3270          0.2643          0.0513
 5780          0.1294          0.3448          0.2372          0.0458
 5781          0.2153          0.3118          0.3486          0.0221
 5782          0.1624          0.3252          0.2948          0.0381
 5783          0.1045          0.3364          0.2457          0.0504
 5784          0.0153          0.3010          0.3014          0.0588
 5785          0.0960          0.3140          0.2900          0.0518
 5786          0.0590          0.3170          0.2747          0.0563
 5787          0.1886          0.2614          0.4169          0.0307
 5788          0.1107          0.3349          0.2514          0.0494
 5789          0.0615          0.2824          0.3407          0.0561
 5790          0.1180          0.3354          0.2533          0.0481
 5791          0.1110          0.3066          0.3089          0.0493
 5792          0.0492          0.3020          0.3028          0.0571
 5793          0.1981          0.2933          0.3704          0.0278
 5794          0.0613          0.2996          0.3094          0.0561
 5795          0.1429          0.3563          0.2167          0.0428
 5796          0.1296          0.2937          0.3389          0.0458
 5797          0.0751          0.3155          0.2812          0.0546
 5798          0.0760          0.3252          0.2613          0.0545
 5799          0.2210          0.3006          0.3710          0.0201
 5800          0.0433          0.3125          0.2813          0.0576
 5801          0.1138          0.3240          0.2756          0.0488
 5802          0.0863          0.3095          0.2960          0.0532
 5803          0.0344          0.3046          0.2959          0.0581
 5804          0.1881          0.2831          0.3822          0.0309
 5805          0.1343          0.2669          0.3859          0.0448
 5806          0.2045          0.3434          0.2833          0.0257
 5807          0.0396          0.3097          0.2864          0.0578
 5808          0.1624          0.2825          0.3713          0.0381
 5809          0.1597          0.2958          0.3474          0.0388
 5810          0.0629          0.2859          0.3347          0.0559
 5811          0.0655          0.2909          0.3262          0.0557
 5812          0.2009          0.3480          0.2716          0.0268
 5813          0.1052          0.3190          0.2828          0.0503
 5814          0.0262          0.2923          0.3184          0.0585
 5815          0.2161          0.2877          0.3893          0.0218
 5816          0.2079          0.2763          0.4032          0.0246
 5817          0.1727          0.2962          0.3529          0.0353
 5818          0.2198          0.2697          0.4199          0.0205
 5819          0.2169          0.3284          0.3200          0.0215
 5820          0.1682          0.2597          0.4104          0.0365
 5821          0.0862          0.3068          0.3011          0.0532
 5822          0.0748          0.2927          0.3249          0.0546
 5823          0.0667          0.2913          0.3256          0.0555
 5824          0.1693          0.2709          0.3932          0.0362
 5825          0.1062          0.2868          0.3433          0.0502
 5826          0.0855          0.3152          0.2845          0.0533
 5827          0.2328          0.3470          0.2956          0.0159
 5828          0.1733          0.3666          0.2101          0.0351
 5829          0.2317          0.3842          0.2132          0.0163
 5830          0.0866          0.2911          0.3304          0.0531
 5831          0.1709          0.3455          0.2578          0.0358
 5832          0.0809          0.2981          0.3163          0.0539
 5833          0.1208          0.2653          0.3840          0.0475
 5834          0.1138          0.3327          0.2574          0.0488
 5835          0.2061          0.3417          0.2877          0.0252
 5836          0.1204          0.3357          0.2536          0.0476
 5837          0.0580          0.3180          0.2724          0.0564
 5838          0.1508          0.2776          0.3745          0.0410
 5839          0.2085          0.3453          0.2821          0.0244
 5840          0.1040          0.3008          0.3175          0.0505
 5841          0.0114          0.3004          0.3024          0.0589
 5842          0.0801          0.2798          0.3489          0.0540
 5843          0.1572          0.3238          0.2948          0.0394
 5844          0.1007          0.3334          0.2509          0.0510
 5845          0.1243          0.2801          0.3605          0.0468
 5846          0.1098          0.3154          0.2915          0.0495
 5847          0.0355          0.3061          0.2932          0.0580
 5848          0.0898          0.2807          0.3496          0.0527
 5849          0.1103          0.2944          0.3311          0.0494
 5850          0.1202          0.2863          0.3486          0.0476
 5851          0.1262          0.3148          0.2988          0.0464
 5852          0.1249          0.2670          0.3826          0.0467
 5853          0.0754          0.3032          0.3053          0.0546
 5854          0.0817          0.3127          0.2884          0.0538
 5855          0.0741          0.2837          0.3407          0.0547
 5856          0.1098          0.3153          0.2918          0.0495
 5857          0.0947          0.2790          0.3536          0.0520
 5858          0.0452          0.3074          0.2918          0.0574
 5859          0.1674          0.3571          0.2295          0.0367
 5860          0.1947          0.3797          0.1921          0.0288
 5861          0.1423          0.2666          0.3892          0.0430
 5862          0.0848          0.2813          0.3473          0.0534
 5863          0.1707          0.2692          0.3966          0.0359
 5864          0.1325          0.2682          0.3831          0.0451
 5865          0.0362          0.2975          0.3097          0.0580
 5866          0.0163          0.2968          0.3095          0.0588
 5867          0.1335          0.2890          0.3485          0.0449
 5868          0.0959          0.3007          0.3154          0.0518
 5869          0.0733          0.3257          0.2596          0.0548
 5870          0.2003          0.2852          0.3849          0.0271
 5871          0.0871          0.3295          0.2551          0.0531
 5872          0.0508          0.3099          0.2877          0.0570
 5873          0.0581          0.3123          0.2840          0.0564
 5874          0.1623          0.3028          0.3364          0.0381
 5875          0.0606          0.2968          0.3144          0.0562
 5876          0.1666          0.2834          0.3717          0.0370
 5877          0.1115          0.2770          0.3617          0.0492
 5878          0.0390          0.3041          0.2973          0.0578
 5879          0.1991          0.3350          0.2964          0.0274
 5880          0.1101          0.3025          0.3162          0.0495
 5881          0.0888          0.2949          0.3241          0.0528
 5882          0.0636          0.2911          0.3255          0.0559
 5883          0.0819          0.2974          0.3177          0.0538
 5884          0.2048          0.2489          0.4437          0.0256
 5885          0.1768          0.3486          0.2548          0.0341
 5886          0.0864          0.2935          0.3260          0.0532
 5887          0.0627          0.3107          0.2882          0.0559
 5888          0.1016          0.3006          0.3172          0.0509
 5889          0.1308          0.2735          0.3739          0.0455
 5890          0.2178          0.3891          0.1872          0.0212
 5891          0.0727          0.2992          0.3123          0.0549
 5892          0.1972          0.3512          0.2622          0.0280
 5893          0.1973          0.3555          0.2529          0.0280
 5894          0.0707          0.3191          0.2729          0.0551
 5895          0.1967          0.3810          0.1902          0.0282
 5896          0.0235          0.2957          0.3120          0.0586
 5897          0.1744          0.2867          0.3697          0.0348
 5898          0.2382          0.3797          0.2303          0.0139
 5899          0.1334          0.2658          0.3874          0.0450
 5900          0.0223          0.2960          0.3113          0.0586
 5901          0.1416          0.3498          0.2316          0.0432
 5902          0.1138          0.3051          0.3127          0.0488
 5903          0.1541          0.3299          0.2813          0.0402
 5904          0.2275          0.3275          0.3286          0.0178
 5905          0.0801          0.3281          0.2562          0.0540
 5906          0.2130          0.3489          0.2780          0.0228
 5907          0.2018          0.3708          0.2210          0.0266
 5908          0.0496          0.3179          0.2712          0.0571
 5909          0.1096          0.3289          0.2639          0.0496
 5910          0.1117          0.2849          0.3482          0.0492
 5911          0.0933          0.3264          0.2636          0.0522
 5912          0.2413          0.2998          0.3846          0.0127
 5913          0.1278          0.3303          0.2682          0.0461
 5914          0.1235          0.3443          0.2355          0.0470
 5915          0.1146          0.3251          0.2738          0.0487
 5916          0.2305          0.3392          0.3088          0.0167
 5917          0.1947          0.3750          0.2046          0.0288
 5918          0.2337          0.3998          0.1723          0.0156
 5919          0.1334          0.3138          0.3036          0.0449
 5920          0.0584          0.2889          0.3285          0.0564
 5921          0.1196          0.2792          0.3606          0.0477
 5922          0.1301          0.3488          0.2281          0.0457
 5923          0.2163          0.2540          0.4418          0.0218
 5924          0.1850          0.2993          0.3534          0.0318
 5925          0.1296          0.3160          0.2978          0.0457
 5926          0.1782          0.2600          0.4144          0.0338
 5927          0.1812          0.2530          0.4265          0.0329
 5928          0.0917          0.2729          0.3633          0.0524
 5929          0.1711          0.3394          0.2710          0.0357
 5930          0.0432          0.3081          0.2902          0.0576
 5931          0.0899          0.3173          0.2814          0.0527
 5932          0.1466          0.2756          0.3762          0.0420
 5933          0.1293          0.3330          0.2632          0.0458
 5934          0.1831          0.3732          0.2003          0.0323
 5935          0.1099          0.3217          0.2789          0.0495
 5936          0.0545          0.3055          0.2969          0.0567
 5937          0.1820          0.2709          0.3989          0.0327
 5938          0.0903          0.2824          0.3466          0.0526
 5939          0.0609          0.3125          0.2842          0.0561
 5940          0.1374          0.3491          0.2312          0.0441
 5941          0.1107          0.3020          0.3173          0.0494
 5942          0.1399          0.2926          0.3447          0.0435
 5943          0.1330          0.2877          0.3507          0.0450
 5944          0.1835          0.3192          0.3172          0.0322
 5945          0.2271          0.3926          0.1865          0.0179
 5946          0.1050          0.3382          0.2419          0.0503
 5947          0.1185          0.3422          0.2382          0.0480
 5948          0.1824          0.2779          0.3878          0.0326
 5949          0.0530          0.3143          0.2791          0.0568
 5950          0.0359          0.3044          0.2965          0.0580
 5951          0.1800          0.3515          0.2503          0.0332
 5952          0.2190          0.3368          0.3058          0.0208
 5953          0.0292          0.3080          0.2887          0.0583
 5954          0.1479          0.3360          0.2656          0.0417
 5955          0.0681          0.2872          0.3334          0.0554
 5956          0.0975          0.2763          0.3591          0.0516
 5957          0.0635          0.2919          0.3240          0.0559
 5958          0.2072          0.3674          0.2334          0.0248
 5959          0.0728          0.2802          0.3465          0.0549
 5960          0.1372          0.3178          0.2973          0.0441
 5961          0.0132          0.2974          0.3083          0.0589
 5962          0.1704          0.2596          0.4116          0.0359
 5963          0.1919          0.2503          0.4355          0.0297
 5964          0.1936          0.3115          0.3368          0.0291
 5965          0.0800          0.3116          0.2901          0.0540
 5966          0.1707          0.2595          0.4118          0.0359
 5967          0.0932          0.3041          0.3081          0.0522
 5968          0.1223          0.3401          0.2446          0.0472
 5969          0.0742          0.3101          0.2918          0.0547
 5970          0.1152          0.2691          0.3760          0.0486
 5971          0.0776          0.2863          0.3368          0.0543
 5972          0.1314          0.2724          0.3759          0.0454
 5973          0.0304          0.2973          0.3095          0.0583
 5974          0.1047          0.2861          0.3441          0.0504
 5975          0.1750          0.3604          0.2267          0.0347
 5976          0.1562          0.3505          0.2382          0.0397
 5977          0.1260          0.3183          0.2917          0.0465
 5978          0.1633          0.2932          0.3535          0.0379
 5979          0.1660          0.2718          0.3902          0.0371
 5980          0.1023          0.3117          0.2962          0.0508
 5981          0.1650          0.3047          0.3342          0.0374
 5982          0.1676          0.2859          0.3678          0.0367
 5983          0.1139          0.3168          0.2902          0.0488
 5984          0.1990          0.3539          0.2577          0.0275
 5985          0.1072          0.3234          0.2745          0.0500
 5986          0.2140          0.3226          0.3289          0.0225
 5987          0.0893          0.2854          0.3411          0.0528
 5988          0.1633          0.3544          0.2333          0.0378
 5989          0.1104          0.3388          0.2425          0.0494
 5990          0.1054          0.2934          0.3314          0.0503
 5991          0.1204          0.2774          0.3639          0.0476
 5992          0.0850          0.3120          0.2907          0.0534
 5993          0.1099          0.2928          0.3338          0.0495
 5994          0.0549          0.3115          0.2852          0.0567
 5995          0.1057          0.2993          0.3208          0.0502
 5996          0.1763          0.2721          0.3943          0.0343
 5997          0.1235          0.3194          0.2886          0.0470
 5998          0.0941          0.3266          0.2634          0.0521
 5999          0.0906          0.3339          0.2464          0.0526
 6000          0.1476          0.3178          0.3019          0.0418
 6001          0.2259          0.3707          0.2406          0.0184
 6002          0.0305          0.2972          0.3097          0.0583
 6003          0.1468          0.3316          0.2741          0.0420
 6004          0.1541          0.3131          0.3138          0.0402
 6005          0.0866          0.3096          0.2959          0.0531
 6006          0.1479          0.3034          0.3289          0.0417
 6007          0.0790          0.3032          0.3061          0.0541
 6008          0.1076          0.2726          0.3680          0.0499
 6009          0.0894          0.2986          0.3174          0.0528
 6010          0.0879          0.2921          0.3289          0.0530
 6011          0.1704          0.3692          0.2014          0.0359
 6012          0.1225          0.3314          0.2637          0.0472
 6013          0.1075          0.3359          0.2480          0.0499
 6014          0.0638          0.3063          0.2970          0.0558
 6015          0.0975          0.3175          0.2833          0.0516
 6016          0.0795          0.2788          0.3505          0.0541
 6017          0.1025          0.3351          0.2479          0.0508
 6018          0.1140          0.3314          0.2603          0.0488
 6019          0.0619          0.2956          0.3168          0.0560
 6020          0.1586          0.2666          0.3956          0.0391
 6021          0.0515          0.3148          0.2780          0.0569
 6022          0.1841          0.3481          0.2604          0.0320
 6023          0.1008          0.3241          0.2709          0.0510
 6024          0.2186          0.3322          0.3141          0.0209
 6025          0.1770          0.2923          0.3615          0.0341
 6026          0.1088          0.3000          0.3204          0.0497
 6027          0.1076          0.2711          0.3705          0.0499
 6028          0.1072          0.3127          0.2960          0.0500
 6029          0.2416          0.3272          0.3383          0.0126
 6030          0.1485          0.3384          0.2607          0.0415
 6031          0.2068          0.3114          0.3444          0.0249
 6032          0.1715          0.3204          0.3087          0.0356
 6033          0.2198          0.2641          0.4284          0.0205
 6034          0.1916          0.3250          0.3110          0.0298
 6035          0.0659          0.3110          0.2881          0.0556
 6036          0.1638          0.3562          0.2293          0.0377
 6037          0.1232          0.3047          0.3167          0.0471
 6038          0.1091          0.2948          0.3299          0.0496
 6039          0.0812          0.2971          0.3183          0.0538
 6040          0.0908          0.3286          0.2581          0.0525
 6041          0.1691          0.2938          0.3553          0.0363
 6042          0.1414          0.2597          0.3999          0.0432
 6043          0.0596          0.2905          0.3259          0.0562
 6044          0.1437          0.3284          0.2793          0.0427
 6045          0.2088          0.2692          0.4147          0.0243
 6046          0.0900          0.3014          0.3124          0.0527
 6047          0.1960          0.2925          0.3707          0.0284
 6048          0.0349          0.2905          0.3226          0.0581
 6049          0.1750          0.3612          0.2247          0.0347
 6050          0.1901          0.3679          0.2192          0.0303
 6051          0.0574          0.3067          0.2951          0.0564
 6052          0.1167          0.2799          0.3584          0.0483
 6053          0.1929          0.3572          0.2463          0.0294
 6054          0.0412          0.3132          0.2796          0.0577
 6055          0.2063          0.2922          0.3766          0.0251
 6056          0.1928          0.3064          0.3454          0.0294
 6057          0.1310          0.3475          0.2316          0.0455
 6058          0.1555          0.2813          0.3703          0.0398
 6059          0.2197          0.3588          0.2620          0.0205
 6060          0.2087          0.3174          0.3349          0.0243
 6061          0.0286          0.3079          0.2889          0.0584
 6062          0.1169          0.3294          0.2656          0.0482
 6063          0.1006          0.3373          0.2422          0.0511
 6064          0.1142          0.2750          0.3660          0.0487
 6065          0.1871          0.2898          0.3707          0.0311
 6066          0.1936          0.2903          0.3732          0.0291
 6067          0.0157          0.3023          0.2991          0.0588
 6068          0.1964          0.3669          0.2264          0.0283
 6069          0.0667          0.2908          0.3266          0.0555
 6070          0.1105          0.2869          0.3444          0.0494
 6071          0.1095          0.3267          0.2686          0.0496
 6072          0.0666          0.3218          0.2662          0.0555
 6073          0.1768          0.2957          0.3556          0.0341
 6074          0.1188          0.2694          0.3766          0.0479
 6075          0.2284          0.3466          0.2932          0.0175
 6076          0.1824          0.3711          0.2052          0.0325
 6077          0.0832          0.3014          0.3107          0.0536
 6078          0.1066          0.3164          0.2886          0.0501
 6079          0.0783          0.2844          0.3404          0.0542
 6080          0.1843          0.3567          0.2415          0.0320
 6081          0.1680          0.3497          0.2469          0.0366
 6082          0.0580          0.2940          0.3192          0.0564
 6083          0.2068          0.3101          0.3466          0.0249
 6084          0.1284          0.2932          0.3394          0.0460
 6085          0.2347          0.2948          0.3886          0.0152
 6086          0.1059          0.2860          0.3447          0.0502
 6087          0.1246          0.2879          0.3473          0.0468
 6088          0.0666          0.2805          0.3450          0.0555
 6089          0.0837          0.2895          0.3326          0.0535
 6090          0.0634          0.2849          0.3365          0.0559
 6091          0.1708          0.3361          0.2775          0.0358
 6092          0.1291          0.2871          0.3502          0.0459
 6093          0.1589          0.2586          0.4084          0.0390
 6094          0.1004          0.3260          0.2668          0.0511
 6095          0.1997          0.3542          0.2575          0.0272
 6096          0.1444          0.2990          0.3352          0.0425
 6097          0.0991          0.2922          0.3317          0.0513
 6098          0.0712          0.3032          0.3044          0.0550
 6099          0.0062          0.3003          0.3025          0.0590
 6100          0.1146          0.3366          0.2491          0.0487
 6101          0.0844          0.2852          0.3404          0.0534
 6102          0.1229          0.3097          0.3072          0.0471
 6103          0.0896          0.3124          0.2912          0.0527
 6104          0.1377          0.3178          0.2977          0.0440
 6105          0.0858          0.3089          0.2969          0.0532
 6106          0.2128          0.3318          0.3112          0.0229
 6107          0.1442          0.3123          0.3109          0.0425
 6108          0.0712          0.3254          0.2598          0.0550
 6109          0.0931          0.2935          0.3277          0.0522
 6110          0.1550          0.3089          0.3220          0.0400
 6111          0.0341          0.2931          0.3178          0.0581
 6112          0.2354          0.2517          0.4554          0.0149
 6113          0.1733          0.2847          0.3724          0.0351
 6114          0.0198          0.2976          0.3082          0.0587
 6115          0.1230          0.2793          0.3615          0.0471
 6116          0.0824          0.3128          0.2885          0.0537
 6117          0.1540          0.2934          0.3492          0.0402
 6118          0.0519          0.3164          0.2746          0.0569
 6119          0.1653          0.2640          0.4024          0.0373
 6120          0.1307          0.3298          0.2704          0.0455
 6121          0.1276          0.3396          0.2481          0.0462
 6122          0.1516          0.3249          0.2901          0.0408
 6123          0.1057          0.2817          0.3521          0.0502
 6124          0.0561          0.2984          0.3106          0.0566
 6125          0.0857          0.3297          0.2542          0.0533
 6126          0.1092          0.3137          0.2947          0.0496
 6127          0.1333          0.3279          0.2755          0.0450
 6128          0.1886          0.3173          0.3236          0.0307
 6129          0.0795          0.3121          0.2891          0.0541
 6130          0.1143          0.3333          0.2563          0.0487
 6131          0.2221          0.3730          0.2322          0.0197
 6132          0.0986          0.3243          0.2699          0.0514
 6133          0.1800          0.3589          0.2336          0.0332
 6134          0.0565          0.2842          0.3366          0.0565
 6135          0.2161          0.3566          0.2640          0.0218
 6136          0.1136          0.3196          0.2846          0.0489
 6137          0.1052          0.3312          0.2575          0.0503
 6138          0.1291          0.2669          0.3841          0.0459
 6139          0.0809          0.3031          0.3069          0.0539
 6140          0.1926          0.2758          0.3962          0.0295
 6141          0.1186          0.2660          0.3822          0.0479
 6142          0.1013          0.3244          0.2704          0.0509
 6143          0.1159          0.2936          0.3344          0.0484
 6144          0.1811          0.2752          0.3916          0.0329
 6145          0.0451          0.2877          0.3287          0.0574
 6146          0.0710          0.2925          0.3244          0.0551
 6147          0.1603          0.2837          0.3683          0.0386
 6148          0.1701          0.3367          0.2759          0.0360
 6149          0.0643          0.3053          0.2991          0.0558
 6150          0.1011          0.3014          0.3156          0.0510
 6151          0.1626          0.2674          0.3960          0.0380
 6152          0.1502          0.3461          0.2447          0.0411
 6153          0.1615          0.3456          0.2522          0.0383
 6154          0.1134          0.3190          0.2857          0.0489
 6155          0.1430          0.3419          0.2504          0.0428
 6156          0.0794          0.2961          0.3196          0.0541
 6157          0.1844          0.3733          0.2009          0.0320
 6158          0.2325          0.3957          0.1834          0.0160
 6159          0.1355          0.3303          0.2717          0.0445
 6160          0.1925          0.2575          0.4249          0.0295
 6161          0.1532          0.3308          0.2790          0.0404
 6162          0.0830          0.3005          0.3123          0.0536
 6163          0.0564          0.2891          0.3278          0.0565
 6164          0.1640          0.2865          0.3653          0.0377
 6165          0.1685          0.2747          0.3866          0.0365
 6166          0.1055          0.2820          0.3515          0.0503
 6167          0.1289          0.3206          0.2884          0.0459
 6168          0.1374          0.2845          0.3578          0.0441
 6169          0.1501          0.2969          0.3413          0.0412
 6170          0.2146          0.2574          0.4358          0.0223
 6171          0.0725          0.2956          0.3189          0.0549
 6172          0.1901          0.3406          0.2797          0.0302
 6173          0.1495          0.3338          0.2711          0.0413
 6174          0.1218          0.3057          0.3144          0.0473
 6175          0.1733          0.3469          0.2563          0.0351
 6176          0.0510          0.2984          0.3099          0.0570
 6177          0.1540          0.3353          0.2701          0.0402
 6178          0.1886          0.2908          0.3698          0.0307
 6179          0.1097          0.3033          0.3146          0.0496
 6180          0.0113          0.2991          0.3050          0.0589
 6181          0.1649          0.3381          0.2702          0.0374
 6182          0.1409          0.3037          0.3255          0.0433
 6183          0.1487          0.2996          0.3360          0.0415
 6184          0.1812          0.3666          0.2159          0.0329
 6185          0.1107          0.2853          0.3473          0.0494
 6186          0.1233          0.2777          0.3643          0.0470
 6187          0.0937          0.3297          0.2566          0.0521
 6188          0.1480          0.3195          0.2989          0.0417
 6189          0.1188          0.3372          0.2497          0.0479
 6190          0.1264          0.2952          0.3351          0.0464
 6191          0.0728          0.3175          0.2767          0.0549
 6192          0.0877          0.2889          0.3346          0.0530
 6193          0.1755          0.2702          0.3970          0.0345
 6194          0.1670          0.3225          0.3024          0.0369
 6195          0.0659          0.3160          0.2781          0.0556
 6196          0.1600          0.3115          0.3195          0.0387
 6197          0.1363          0.3280          0.2767          0.0443
 6198          0.1120          0.2842          0.3496          0.0491
 6199          0.1230          0.3321          0.2623          0.0471
 6200          0.0530          0.2856          0.3337          0.0568
 6201          0.1588          0.3222          0.2988          0.0390
 6202          0.1110          0.2743          0.3662          0.0493
 6203          0.0819          0.3115          0.2909          0.0538
 6204          0.0406          0.3140          0.2780          0.0577
 6205          0.0747          0.3123          0.2875          0.0547
 6206          0.0762          0.2968          0.3176          0.0545
 6207          0.0678          0.2954          0.3184          0.0554
 6208          0.0681          0.2875          0.3327          0.0554
 6209          0.1203          0.3316          0.2624          0.0476
 6210          0.1527          0.3610          0.2105          0.0405
 6211          0.1448          0.3386          0.2584          0.0424
 6212          0.1133          0.2727          0.3694          0.0489
 6213          0.0461          0.2884          0.3277          0.0574
 6214          0.0147          0.3025          0.2985          0.0588
 6215          0.0791          0.3089          0.2953          0.0541
 6216          0.0432          0.2960          0.3134          0.0576
 6217          0.1728          0.2726          0.3919          0.0353
 6218          0.0435          0.3049          0.2964          0.0575
 6219          0.0655          0.3089          0.2923          0.0557
 6220          0.1611          0.3212          0.3019          0.0384
 6221          0.0454          0.3045          0.2975          0.0574
 6222          0.1846          0.3025          0.3478          0.0319
 6223          0.0486          0.3154          0.2763          0.0572
 6224          0.0356          0.3052          0.2948          0.0580
 6225          0.2058          0.3207          0.3272          0.0253
 6226          0.0815          0.2906          0.3301          0.0538
 6227          0.0181          0.2960          0.3111          0.0588
 6228          0.0644          0.2908          0.3262          0.0558
 6229          0.1865          0.3447          0.2690          0.0313
 6230          0.1608          0.2721          0.3876          0.0385
 6231          0.1914          0.2640          0.4143          0.0298
 6232          0.1837          0.3191          0.3176          0.0321
 6233          0.0764          0.3117          0.2892          0.0544
 6234          0.1476          0.3192          0.2993          0.0418
 6235          0.1346          0.2611          0.3953          0.0447
 6236          0.0608          0.3185          0.2719          0.0561
 6237          0.1418          0.3160          0.3027          0.0431
 6238          0.0886          0.3218          0.2719          0.0529
 6239          0.0342          0.3013          0.3023          0.0581
 6240          0.1501          0.3205          0.2980          0.0412
 6241          0.1624          0.2769          0.3806          0.0381
 6242          0.1834          0.3320          0.2930          0.0322
 6243          0.1904          0.3741          0.2038          0.0301
 6244          0.0283          0.3022          0.3000          0.0584
 6245          0.0774          0.3151          0.2825          0.0543
 6246          0.1234          0.2798          0.3608          0.0470
 6247          0.1357          0.3002          0.3296          0.0445
 6248          0.1441          0.3356          0.2645          0.0426
 6249          0.0810          0.2769          0.3541          0.0539
 6250          0.1342          0.2911          0.3452          0.0448
 6251          0.1004          0.2911          0.3340          0.0511
 6252          0.0548          0.2932          0.3201          0.0567
 6253          0.0597          0.3089          0.2911          0.0562
 6254          0.1666          0.3172          0.3122          0.0370
 6255          0.0716          0.3099          0.2915          0.0550
 6256          0.2067          0.3564          0.2578          0.0250
 6257          0.1337          0.3115          0.3081          0.0449
 6258          0.1188          0.2682          0.3786          0.0479
 6259          0.1112          0.3024          0.3168          0.0493
 6260          0.0402          0.3035          0.2987          0.0578
 6261          0.0771          0.2883          0.3333          0.0544
 6262          0.1372          0.3106          0.3110          0.0441
 6263          0.1877          0.2994          0.3548          0.0310
 6264          0.0141          0.3024          0.2987          0.0589
 6265          0.0794          0.3158          0.2817          0.0541
 6266          0.1479          0.3391          0.2589          0.0417
 6267          0.1348          0.3477          0.2330          0.0447
 6268          0.1143          0.2928          0.3353          0.0487
 6269          0.2131          0.2713          0.4138          0.0228
 6270          0.1585          0.3123          0.3174          0.0391
 6271          0.0843          0.3080          0.2983          0.0534
 6272          0.0833          0.2962          0.3202          0.0536
 6273          0.1593          0.2820          0.3707          0.0389
 6274          0.1090          0.3003          0.3199          0.0497
 6275          0.1228          0.3202          0.2867          0.0471
 6276          0.0631          0.3233          0.2623          0.0559
 6277          0.0229          0.2948          0.3136          0.0586
 6278          0.1325          0.3159          0.2991          0.0451
 6279          0.1658          0.3529          0.2382          0.0372
 6280          0.0554          0.3142          0.2798          0.0566
 6281          0.0931          0.2873          0.3388          0.0522
 6282          0.1318          0.3511          0.2234          0.0453
 6283          0.0814          0.3078          0.2980          0.0538
 6284          0.1311          0.3317          0.2666          0.0455
 6285          0.0755          0.2959          0.3191          0.0546
 6286          0.1399          0.2809          0.3647          0.0435
 6287          0.1004          0.3300          0.2584          0.0511
 6288          0.1020          0.3126          0.2945          0.0508
 6289          0.0835          0.2984          0.3162          0.0536
 6290          0.1231          0.3362          0.2536          0.0471
 6291          0.1044          0.2701          0.3714          0.0505
 6292          0.2238          0.2863          0.3960          0.0191
 6293          0.2098          0.2547          0.4375          0.0239
 6294          0.1544          0.2806          0.3711          0.0401
 6295          0.0282          0.2928          0.3178          0.0584
 6296          0.1338          0.2841          0.3571          0.0449
 6297          0.0878          0.3337          0.2460          0.0530
 6298          0.1080          0.3246          0.2724          0.0498
 6299          0.2266          0.3869          0.2015          0.0181
 6300          0.1498          0.3416          0.2545          0.0412
 6301          0.1905          0.3454          0.2700          0.0301
 6302          0.1867          0.2835          0.3808          0.0313
 6303          0.1059          0.2701          0.3717          0.0502
 6304          0.1759          0.2552          0.4207          0.0344
 6305          0.1624          0.3213          0.3023          0.0381
 6306          0.1123          0.3366          0.2482          0.0491
 6307          0.1221          0.3387          0.2477          0.0473
 6308          0.0788          0.2774          0.3526          0.0541
 6309          0.1583          0.3451          0.2515          0.0391
 6310          0.1028          0.3240          0.2718          0.0507
 6311          0.1133          0.2965          0.3282          0.0489
 6312          0.0710          0.2890          0.3307          0.0551
 6313          0.1391          0.2932          0.3434          0.0437
 6314          0.0924          0.2722          0.3646          0.0523
 6315          0.1953          0.3508          0.2619          0.0286
 6316          0.1058          0.3233          0.2743          0.0502
 6317          0.2160          0.3445          0.2888          0.0218
 6318          0.1313          0.2849          0.3549          0.0454
 6319          0.1907          0.2569          0.4248          0.0301
 6320          0.1864          0.3599          0.2355          0.0314
 6321          0.0524          0.2905          0.3248          0.0569
 6322          0.1886          0.3697          0.2134          0.0307
 6323          0.1222          0.3256          0.2757          0.0472
 6324          0.1992          0.3485          0.2694          0.0274
 6325          0.1215          0.2795          0.3606          0.0474
 6326          0.1461          0.2843          0.3615          0.0421
 6327          0.1155          0.2734          0.3690          0.0485
 6328          0.1020          0.3364          0.2447          0.0508
 6329          0.0647          0.2986          0.3118          0.0557
 6330          0.1383          0.3428          0.2460          0.0439
 6331          0.1349          0.2702          0.3807          0.0446
 6332          0.1968          0.3636          0.2343          0.0282
 6333          0.1169          0.3333          0.2573          0.0482
 6334          0.1629          0.2860          0.3656          0.0380
 6335          0.0865          0.2947          0.3239          0.0532
 6336          0.1161          0.2938          0.3340          0.0484
 6337          0.0893          0.2783          0.3535          0.0528
 6338          0.1720          0.3004          0.3452          0.0355
 6339          0.0580          0.3175          0.2735          0.0564
 6340          0.1713          0.3430          0.2635          0.0357
 6341          0.0796          0.3151          0.2831          0.0540
 6342          0.0973          0.2769          0.3579          0.0516
 6343          0.0698          0.2856          0.3365          0.0552
 6344          0.1112          0.3269          0.2687          0.0493
 6345          0.2171          0.2824          0.3984          0.0215
 6346          0.0477          0.2926          0.3202          0.0572
 6347          0.1553          0.2660          0.3952          0.0399
 6348          0.1822          0.2849          0.3764          0.0326
 6349          0.0328          0.3070          0.2910          0.0582
 6350          0.1414          0.3264          0.2823          0.0432
 6351          0.1155          0.3240          0.2763          0.0485
 6352          0.0415          0.2931          0.3186          0.0577
 6353          0.0394          0.3125          0.2809          0.0578
 6354          0.2058          0.2654          0.4191          0.0253
 6355          0.0825          0.2912          0.3293          0.0537
 6356          0.1305          0.3178          0.2947          0.0456
 6357          0.0382          0.3057          0.2943          0.0579
 6358          0.1011          0.3294          0.2599          0.0510
 6359          0.0755          0.2799          0.3477          0.0546
 6360          0.0437          0.3093          0.2878          0.0575
 6361          0.1419          0.3234          0.2885          0.0431
 6362          0.1278          0.3194          0.2904          0.0461
 6363          0.0416          0.2993          0.3069          0.0577
 6364          0.0928          0.2761          0.3581          0.0523
 6365          0.1995          0.3229          0.3195          0.0273
 6366          0.1233          0.3274          0.2724          0.0470
 6367          0.2225          0.3327          0.3158          0.0196
 6368          0.1496          0.3349          0.2688          0.0413
 6369          0.2093          0.2539          0.4385          0.0241
 6370          0.0747          0.3265          0.2583          0.0546
 6371          0.1176          0.3038          0.3164          0.0481
 6372          0.1868          0.3113          0.3335          0.0312
 6373          0.1696          0.3158          0.3163          0.0362
 6374          0.1780          0.3243          0.3048          0.0338
 6375          0.1130          0.3159          0.2917          0.0490
 6376          0.0860          0.3267          0.2608          0.0532
 6377          0.1813          0.2695          0.4009          0.0329
 6378          0.1512          0.3491          0.2385          0.0409
 6379          0.1229          0.3046          0.3168          0.0471
 6380          0.1801          0.2624          0.4114          0.0332
 6381          0.2306          0.2717          0.4227          0.0167
 6382          0.1141          0.3283          0.2670          0.0488
 6383          0.1478          0.2915          0.3498          0.0417
 6384          0.0496          0.3183          0.2704          0.0571
 6385          0.0670          0.2809          0.3443          0.0555
 6386          0.1471          0.2936          0.3459          0.0419
 6387          0.0440          0.2998          0.3062          0.0575
 6388          0.0396          0.2948          0.3152          0.0578
 6389          0.1434          0.3228          0.2904          0.0427
 6390          0.2231          0.3003          0.3728          0.0194
 6391          0.1776          0.2571          0.4185          0.0339
 6392          0.1127          0.3041          0.3142          0.0490
 6393          0.1919          0.3062          0.3452          0.0297
 6394          0.1255          0.3375          0.2517          0.0466
 6395          0.0922          0.3120          0.2927          0.0524
 6396          0.1365          0.3121          0.3081          0.0443
 6397          0.0460          0.3163          0.2739          0.0574
 6398          0.1191          0.2842          0.3520          0.0478
 6399          0.2032          0.3393          0.2906          0.0261
 6400          0.0861          0.2959          0.3215          0.0532
 6401          0.1769          0.3413          0.2704          0.0341
 6402          0.1799          0.3314          0.2920          0.0333
 6403          0.1277          0.2943          0.3371          0.0462
 6404          0.2317          0.2679          0.4290          0.0163
 6405          0.0955          0.3189          0.2800          0.0519
 6406          0.1067          0.3144          0.2925          0.0501
 6407          0.1734          0.2794          0.3813          0.0351
 6408          0.0670          0.2921          0.3244          0.0555
 6409          0.0471          0.3173          0.2722          0.0573
 6410          0.1205          0.3349          0.2553          0.0476
 6411          0.2128          0.3882          0.1848          0.0229
 6412          0.2218          0.3301          0.3200          0.0198
 6413          0.1213          0.3250          0.2765          0.0474
 6414          0.0959          0.3358          0.2441          0.0518
 6415          0.1955          0.3527          0.2578          0.0286
 6416          0.1060          0.3086          0.3034          0.0502
 6417          0.0852          0.3117          0.2914          0.0533
 6418          0.0995          0.3058          0.3068          0.0512
 6419          0.0804          0.3287          0.2549          0.0540
 6420          0.0399          0.2985          0.3083          0.0578
 6421          0.1632          0.2982          0.3448          0.0379
 6422          0.1246          0.3321          0.2632          0.0468
 6423          0.1408          0.2842          0.3596          0.0433
 6424          0.1086          0.3253          0.2711          0.0497
 6425          0.2207          0.2750          0.4121          0.0202
 6426          0.0491          0.3086          0.2900          0.0571
 6427          0.0093          0.3029          0.2975          0.0589
 6428          0.0748          0.2787          0.3497          0.0546
 6429          0.0834          0.2996          0.3140          0.0536
 6430          0.1225          0.2782          0.3632          0.0472
 6431          0.0486          0.2991          0.3083          0.0572
 6432          0.1107          0.3352          0.2507          0.0494
 6433          0.1064          0.3089          0.3030          0.0501
 6434          0.2150          0.3408          0.2954          0.0222
 6435          0.0846          0.3105          0.2935          0.0534
 6436          0.0175          0.3016          0.3004          0.0588
 6437          0.1128          0.3434          0.2330          0.0490
 6438          0.1113          0.2709          0.3719          0.0493
 6439          0.0874          0.2896          0.3334          0.0530
 6440          0.1276          0.3376          0.2525          0.0462
 6441          0.2146          0.3171          0.3389          0.0223
 6442          0.2355          0.3250          0.3382          0.0149
 6443          0.0497          0.2925          0.3207          0.0571
 6444          0.0334          0.2924          0.3189          0.0581
 6445          0.1505          0.3293          0.2807          0.0411
 6446          0.1764          0.3510          0.2492          0.0343
 6447          0.1375          0.2788          0.3674          0.0441
 6448          0.1394          0.3298          0.2745          0.0436
 6449          0.1325          0.2787          0.3657          0.0451
 6450          0.1581          0.3024          0.3351          0.0392
 6451          0.0724          0.2782          0.3500          0.0549
 6452          0.1077          0.3418          0.2347          0.0499
 6453          0.0920          0.2818          0.3481          0.0524
 6454          0.0871          0.3212          0.2727          0.0531
 6455          0.1998          0.3162          0.3319          0.0272
 6456          0.1873          0.3330          0.2931          0.0311
 6457          0.0273          0.3019          0.3005          0.0584
 6458          0.1773          0.3506          0.2507          0.0340
 6459          0.2322          0.3731          0.2404          0.0161
 6460          0.0830          0.2929          0.3263          0.0536
 6461          0.1145          0.3446          0.2309          0.0487
 6462          0.2348          0.3183          0.3494          0.0151
 6463          0.1737          0.3561          0.2360          0.0350
 6464          0.1548          0.3620          0.2093          0.0400
 6465          0.0885          0.3008          0.3131          0.0529
 6466          0.2258          0.2663          0.4283          0.0184
 6467          0.0996          0.3031          0.3119          0.0512
 6468          0.1728          0.2842          0.3732          0.0353
 6469          0.0713          0.3112          0.2890          0.0550
 6470          0.1120          0.3281          0.2665          0.0491
 6471          0.0081          0.3026          0.2981          0.0590
 6472          0.0075          0.3001          0.3030          0.0590
 6473          0.1224          0.3110          0.3046          0.0472
 6474          0.0106          0.3024          0.2986          0.0589
 6475          0.1220          0.3458          0.2314          0.0473
 6476          0.1993          0.3086          0.3451          0.0274
 6477          0.2321          0.3581          0.2727          0.0161
 6478          0.1374          0.2742          0.3751          0.0441
 6479          0.1773          0.3381          0.2771          0.0340
 6480          0.2451          0.3899          0.2116          0.0113
 6481          0.1020          0.2868          0.3421          0.0508
 6482          0.0958          0.3116          0.2945          0.0518
 6483          0.0785          0.2862          0.3372          0.0542
 6484          0.0816          0.2856          0.3389          0.0538
 6485          0.0494          0.3166          0.2739          0.0571
 6486          0.1631          0.2993          0.3429          0.0379
 6487          0.1767          0.2672          0.4023          0.0342
 6488          0.0490          0.2955          0.3149          0.0571
 6489          0.0166          0.2995          0.3044          0.0588
 6490          0.0645          0.2991          0.3109          0.0558
 6491          0.0586          0.2928          0.3215          0.0563
 6492          0.1086          0.3214          0.2791          0.0497
 6493          0.1348          0.2662          0.3872          0.0446
 6494          0.0934          0.2766          0.3575          0.0522
 6495          0.0570          0.3030          0.3021          0.0565
 6496          0.0501          0.2902          0.3249          0.0571
 6497          0.1752          0.3471          0.2570          0.0346
 6498          0.0842          0.2857          0.3394          0.0535
 6499          0.0456          0.3079          0.2908          0.0574
 6500          0.2091          0.2963          0.3715          0.0242
 6501          0.2105          0.3695          0.2311          0.0237
 6502          0.1673          0.2771          0.3823          0.0368
 6503          0.1842          0.2510          0.4309          0.0320
 6504          0.0566          0.3015          0.3050          0.0565
 6505          0.0974          0.3133          0.2916          0.0516
 6506          0.2088          0.2969          0.3703          0.0243
 6507          0.2308          0.3432          0.3015          0.0166
 6508          0.0825          0.3048          0.3040          0.0537
 6509          0.0939          0.2917          0.3311          0.0521
 6510          0.1790          0.3522          0.2482          0.0335
 6511          0.2071          0.3722          0.2219          0.0249
 6512          0.1547          0.2720          0.3854          0.0400
 6513          0.1685          0.2884          0.3642          0.0364
 6514          0.2003          0.3152          0.3339          0.0271
 6515          0.1949          0.3351          0.2936          0.0288
 6516          0.1445          0.3097          0.3159          0.0425
 6517          0.1336          0.2680          0.3839          0.0449
 6518          0.0656          0.3160          0.2780          0.0556
 6519          0.0738          0.3172          0.2774          0.0548
 6520          0.0476          0.3085          0.2900          0.0572
 6521          0.0817          0.3110          0.2919          0.0538
 6522          0.1503          0.3596          0.2127          0.0411
 6523          0.1346          0.3030          0.3242          0.0447
 6524          0.1462          0.3322          0.2728          0.0421
 6525          0.2066          0.2450          0.4505          0.0250
 6526          0.0922          0.3177          0.2814          0.0523
 6527          0.0553          0.3041          0.2997          0.0566
 6528          0.0146          0.2980          0.3072          0.0588
 6529          0.1178          0.2882          0.3444          0.0481
 6530          0.1876          0.3426          0.2740          0.0310
 6531          0.1994          0.2873          0.3810          0.0273
 6532          0.0998          0.2936          0.3294          0.0512
 6533          0.1514          0.3238          0.2922          0.0408
 6534          0.1175          0.3430          0.2359          0.0481
 6535          0.0975          0.2855          0.3432          0.0516
 6536          0.1225          0.3253          0.2764          0.0472
 6537          0.1851          0.3732          0.2016          0.0318
 6538          0.1959          0.2696          0.4077          0.0285
 6539          0.0822          0.3291          0.2546          0.0537
 6540          0.1599          0.3624          0.2116          0.0387
 6541          0.1096          0.2794          0.3571          0.0496
 6542          0.1509          0.2948          0.3454          0.0410
 6543          0.1051          0.3207          0.2793          0.0503
 6544          0.1060          0.2883          0.3406          0.0502
 6545          0.1565          0.2727          0.3849          0.0396
 6546          0.0089          0.2981          0.3068          0.0589
 6547          0.1222          0.3282          0.2703          0.0473
 6548          0.1251          0.3105          0.3065          0.0467
 6549          0.1923          0.3325          0.2972          0.0296
 6550          0.1794          0.3567          0.2383          0.0334
 6551          0.1774          0.2915          0.3630          0.0340
 6552          0.1461          0.2655          0.3924          0.0421
 6553          0.1392          0.2788          0.3681          0.0437
 6554          0.2138          0.2789          0.4021          0.0226
 6555          0.1251          0.3203          0.2874          0.0467
 6556          0.1473          0.2963          0.3413          0.0418
 6557          0.0945          0.3362          0.2426          0.0520
 6558          0.0460          0.2862          0.3315          0.0574
 6559          0.0617          0.2958          0.3166          0.0560
 6560          0.2218          0.3141          0.3486          0.0198
 6561          0.1762          0.3307          0.2914          0.0343
 6562          0.1894          0.2557          0.4261          0.0305
 6563          0.1887          0.2517          0.4319          0.0307
 6564          0.0908          0.2927          0.3286          0.0525
 6565          0.2412          0.2399          0.4758          0.0128
 6566          0.1933          0.3543          0.2530          0.0293
 6567          0.0859          0.3016          0.3109          0.0532
 6568          0.1275          0.3478          0.2292          0.0462
 6569          0.0249          0.3081          0.2882          0.0585
 6570          0.0619          0.2929          0.3219          0.0560
 6571          0.0851          0.3116          0.2916          0.0533
 6572          0.1562          0.2845          0.3652          0.0397
 6573          0.1583          0.3214          0.3000          0.0391
 6574          0.0900          0.3033          0.3087          0.0527
 6575          0.0943          0.2829          0.3468          0.0520
 6576          0.0729          0.3152          0.2814          0.0549
 6577          0.1237          0.3365          0.2531          0.0469
 6578          0.2184          0.3801          0.2117          0.0210
 6579          0.1946          0.3382          0.2873          0.0289
 6580          0.2328          0.3873          0.2065          0.0159
 6581          0.1721          0.3669          0.2086          0.0355
 6582          0.0851          0.3078          0.2989          0.0533
 6583          0.1856          0.2514          0.4309          0.0316
 6584          0.1541          0.2880          0.3585          0.0402
 6585          0.1313          0.3108          0.3084          0.0454
 6586          0.0809          0.3173          0.2790          0.0539
 6587          0.1283          0.2827          0.3575          0.0460
 6588          0.1068          0.3316          0.2571          0.0501
 6589          0.2393          0.3835          0.2220          0.0134
 6590          0.0900          0.3173          0.2816          0.0527
 6591          0.0567          0.2984          0.3108          0.0565
 6592          0.1380          0.2909          0.3470          0.0440
 6593          0.1065          0.3338          0.2523          0.0501
 6594          0.1098          0.3331          0.2551          0.0495
 6595          0.1802          0.2670          0.4043          0.0332
 6596          0.0602          0.3111          0.2869          0.0562
 6597          0.1371          0.2659          0.3885          0.0442
 6598          0.0935          0.3124          0.2922          0.0522
 6599          0.1880          0.2877          0.3745          0.0309
 6600          0.1152          0.2925          0.3361          0.0486
 6601          0.1975          0.2753          0.3995          0.0279
 6602          0.1635          0.2724          0.3883          0.0378
 6603          0.1415          0.3144          0.3058          0.0432
 6604          0.1347          0.3304          0.2711          0.0447
 6605          0.1587          0.2629          0.4015          0.0390
 6606          0.2230          0.2556          0.4430          0.0194
 6607          0.1536          0.2721          0.3846          0.0403
 6608          0.1405          0.2627          0.3949          0.0434
 6609          0.1728          0.3655          0.2126          0.0353
 6610          0.1845          0.3686          0.2133          0.0319
 6611          0.0880          0.2737          0.3610          0.0529
 6612          0.1154          0.3338          0.2557          0.0485
 6613          0.0720          0.2836          0.3405          0.0550
 6614          0.1337          0.3041          0.3217          0.0449
 6615          0.1701          0.2943          0.3548          0.0360
 6616          0.0527          0.3005          0.3063          0.0568
 6617          0.1026          0.2888          0.3388          0.0508
 6618          0.1123          0.3059          0.3106          0.0491
 6619          0.1156          0.2774          0.3623          0.0485
 6620          0.0093          0.3005          0.3022          0.0589
 6621          0.1608          0.3587          0.2216          0.0385
 6622          0.1945          0.2556          0.4286          0.0289
 6623          0.0966          0.3000          0.3168          0.0517
 6624          0.0844          0.2926          0.3272          0.0534
 6625          0.1202          0.3055          0.3142          0.0476
 6626          0.0798          0.2835          0.3424          0.0540
 6627          0.0689          0.3186          0.2735          0.0553
 6628          0.1114          0.3306          0.2609          0.0493
 6629          0.0426          0.2897          0.3249          0.0576
 6630          0.1756          0.2854          0.3724          0.0345
 6631          0.1368          0.3315          0.2697          0.0442
 6632          0.1922          0.2836          0.3833          0.0296
 6633          0.1509          0.3545          0.2257          0.0410
 6634          0.0151          0.3032          0.2972          0.0588
 6635          0.1887          0.3569          0.2440          0.0307
 6636          0.1033          0.3355          0.2472          0.0506
 6637          0.2352          0.3391          0.3123          0.0150
 6638          0.0699          0.3189          0.2731          0.0552
 6639          0.0385          0.2893          0.3251          0.0579
 6640          0.1249          0.3424          0.2406          0.0467
 6641          0.1262          0.3450          0.2350          0.0465
 6642          0.1556          0.2571          0.4094          0.0398
 6643          0.1575          0.3615          0.2124          0.0393
 6644          0.0652          0.2952          0.3183          0.0557
 6645          0.0388          0.3112          0.2833          0.0578
 6646          0.0556          0.3111          0.2860          0.0566
 6647          0.1693          0.3282          0.2925          0.0362
 6648          0.1087          0.3007          0.3191          0.0497
 6649          0.0855          0.3301          0.2534          0.0533
 6650          0.1984          0.2467          0.4439          0.0277
 6651          0.1551          0.2585          0.4070          0.0400
 6652          0.1063          0.2952          0.3284          0.0501
 6653          0.1708          0.2978          0.3491          0.0358
 6654          0.1466          0.2737          0.3793          0.0420
 6655          0.0585          0.2889          0.3285          0.0563
 6656          0.1717          0.2540          0.4208          0.0356
 6657          0.0702          0.3199          0.2711          0.0552
 6658          0.0946          0.3139          0.2896          0.0520
 6659          0.1470          0.2888          0.3542          0.0419
 6660          0.1480          0.3486          0.2378          0.0417
 6661          0.1641          0.3016          0.3393          0.0376
 6662          0.1309          0.3400          0.2486          0.0455
 6663          0.1425          0.3034          0.3266          0.0429
 6664          0.0618          0.3169          0.2755          0.0560
 6665          0.1177          0.3070          0.3104          0.0481
 6666          0.1112          0.3320          0.2579          0.0493
 6667          0.0620          0.2833          0.3392          0.0560
 6668          0.0966          0.2800          0.3524          0.0517
 6669          0.1335          0.2871          0.3519          0.0449
 6670          0.1668          0.3137          0.3187          0.0369
 6671          0.1366          0.2942          0.3407          0.0443
 6672          0.1493          0.3515          0.2317          0.0414
 6673          0.0611          0.2876          0.3313          0.0561
 6674          0.1637          0.2960          0.3489          0.0377
 6675          0.0696          0.2808          0.3449          0.0552
 6676          0.0059          0.3015          0.3001          0.0590
 6677          0.1480          0.2709          0.3845          0.0417
 6678          0.0180          0.3047          0.2944          0.0588
 6679          0.0842          0.2924          0.3274          0.0535
 6680          0.0945          0.3063          0.3043          0.0520
 6681          0.1271          0.2871          0.3496          0.0463
 6682          0.0368          0.2933          0.3175          0.0580
 6683          0.2219          0.2460          0.4566          0.0198
 6684          0.1656          0.3279          0.2912          0.0372
 6685          0.1818          0.3357          0.2845          0.0327
 6686          0.0781          0.3245          0.2634          0.0542
 6687          0.2216          0.3330          0.3145          0.0199
 6688          0.0130          0.3015          0.3004          0.0589
 6689          0.1661          0.3390          0.2688          0.0371
 6690          0.0766          0.3113          0.2899          0.0544
 6691          0.1417          0.3342          0.2663          0.0431
 6692          0.1074          0.3342          0.2516          0.0499
 6693          0.1684          0.3477          0.2515          0.0365
 6694          0.0877          0.2934          0.3265          0.0530
 6695          0.1810          0.3449          0.2652          0.0330
 6696          0.1338          0.3254          0.2810          0.0449
 6697          0.1600          0.3084          0.3252          0.0387
 6698          0.1192          0.3002          0.3235          0.0478
 6699          0.1838          0.3721          0.2036          0.0321
 6700          0.0728          0.3134          0.2849          0.0549
 6701          0.1635          0.3410          0.2632          0.0378
 6702          0.0942          0.2869          0.3398          0.0521
 6703          0.0641          0.2991          0.3109          0.0558
 6704          0.1618          0.2704          0.3908          0.0382
 6705          0.1536          0.2843          0.3645          0.0403
 6706          0.1757          0.3006          0.3466          0.0345
 6707          0.1148          0.2760          0.3645          0.0486
 6708          0.2105          0.3143          0.3414          0.0237
 6709          0.0454          0.2890          0.3264          0.0574
 6710          0.0097          0.3015          0.3004          0.0589
 6711          0.0323          0.2953          0.3134          0.0582
 6712          0.1037          0.3035          0.3124          0.0506
 6713          0.0295          0.3066          0.2915          0.0583
 6714          0.2039          0.3577          0.2528          0.0259
 6715          0.1431          0.2666          0.3895          0.0428
 6716          0.2203          0.3508          0.2791          0.0204
 6717          0.0867          0.2777          0.3539          0.0531
 6718          0.2166          0.3478          0.2826          0.0216
 6719          0.1218          0.2750          0.3683          0.0473
 6720          0.0976          0.3054          0.3070          0.0515
 6721          0.1186          0.3271          0.2711          0.0479
 6722          0.1694          0.2830          0.3736          0.0362
 6723          0.0586          0.2925          0.3221          0.0563
 6724          0.0992          0.3182          0.2825          0.0513
 6725          0.0183          0.3049          0.2941          0.0587
 6726          0.1791          0.2879          0.3698          0.0335
 6727          0.2029          0.3756          0.2100          0.0262
 6728          0.1077          0.2957          0.3280          0.0499
 6729          0.1178          0.3280          0.2689          0.0481
 6730          0.0710          0.3093          0.2926          0.0551
 6731          0.0831          0.3145          0.2852          0.0536
 6732          0.1636          0.3018          0.3388          0.0378
 6733          0.1342          0.2816          0.3615          0.0448
 6734          0.0912          0.3143          0.2879          0.0525
 6735          0.1037          0.3235          0.2731          0.0506
 6736          0.2191          0.3836          0.2032          0.0208
 6737          0.0462          0.3083          0.2901          0.0573
 6738          0.0899          0.2886          0.3357          0.0527
 6739          0.1797          0.3483          0.2571          0.0333
 6740          0.0357          0.3122          0.2810          0.0580
 6741          0.1114          0.3059          0.3103          0.0493
 6742          0.0831          0.3096          0.2950          0.0536
 6743          0.2465          0.2522          0.4608          0.0107
 6744          0.0863          0.2989          0.3161          0.0532
 6745          0.1465          0.2912          0.3498          0.0420
 6746          0.0532          0.3087          0.2905          0.0568
 6747          0.0820          0.2822          0.3451          0.0537
 6748          0.1782          0.2982          0.3519          0.0338
 6749          0.0887          0.3085          0.2986          0.0529
 6750          0.0431          0.3040          0.2981          0.0576
 6751          0.1022          0.2997          0.3190          0.0508
 6752          0.1804          0.2835          0.3778          0.0331
 6753          0.2268          0.3657          0.2526          0.0181
 6754          0.0604          0.2846          0.3366          0.0562
 6755          0.0310          0.2953          0.3132          0.0583
 6756          0.1230          0.2891          0.3447          0.0471
 6757          0.1392          0.3358          0.2618          0.0437
 6758          0.1572          0.3050          0.3301          0.0394
 6759          0.2234          0.3727          0.2341          0.0193
 6760          0.1048          0.2712          0.3696          0.0504
 6761          0.0524          0.2875          0.3301          0.0569
 6762          0.0529          0.2888          0.3280          0.0568
 6763          0.0046          0.2995          0.3041          0.0590
 6764          0.1316          0.3115          0.3071          0.0453
 6765          0.0139          0.3012          0.3011          0.0589
 6766          0.0972          0.3027          0.3118          0.0516
 6767          0.2079          0.3601          0.2505          0.0246
 6768          0.1256          0.3187          0.2910          0.0466
 6769          0.0791          0.2814          0.3458          0.0541
 6770          0.1462          0.2872          0.3565          0.0421
 6771          0.1384          0.3437          0.2440          0.0439
 6772          0.1565          0.3389          0.2639          0.0396
 6773          0.0889          0.3326          0.2489          0.0528
 6774          0.2016          0.2622          0.4219          0.0266
 6775          0.1247          0.3174          0.2931          0.0468
 6776          0.0966          0.2920          0.3313          0.0517
 6777          0.0175          0.2956          0.3118          0.0588
 6778          0.1143          0.3341          0.2545          0.0487
 6779          0.0819          0.3156          0.2828          0.0538
 6780          0.1633          0.2697          0.3925          0.0379
 6781          0.0890          0.2861          0.3400          0.0528
 6782          0.0763          0.3125          0.2875          0.0545
 6783          0.2022          0.3819          0.1926          0.0265
 6784          0.1249          0.2780          0.3643          0.0467
 6785          0.1866          0.3038          0.3466          0.0313
 6786          0.1762          0.3149          0.3213          0.0343
 6787          0.1375          0.2937          0.3418          0.0441
 6788          0.1880          0.3051          0.3450          0.0309
 6789          0.2079          0.2968          0.3700          0.0246
 6790          0.0754          0.3263          0.2588          0.0546
 6791          0.0288          0.2939          0.3158          0.0584
 6792          0.1633          0.3142          0.3162          0.0378
 6793          0.1802          0.2846          0.3758          0.0332
 6794          0.0116          0.2986          0.3058          0.0589
 6795          0.2150          0.3773          0.2159          0.0222
 6796          0.0734          0.2950          0.3203          0.0548
 6797          0.1695          0.2822          0.3749          0.0362
 6798          0.0565          0.2889          0.3282          0.0565
 6799          0.1222          0.2969          0.3306          0.0472
 6800          0.1774          0.3257          0.3018          0.0340
 6801          0.1337          0.3165          0.2984          0.0449
 6802          0.0864          0.2905          0.3314          0.0532
 6803          0.0894          0.3161          0.2837          0.0527
 6804          0.1396          0.3449          0.2419          0.0436
 6805          0.0574          0.3089          0.2906          0.0564
 6806          0.0643          0.3065          0.2968          0.0558
 6807          0.1945          0.3435          0.2766          0.0289
 6808          0.2220          0.3652          0.2498          0.0198
 6809          0.1786          0.3055          0.3394          0.0336
 6810          0.0928          0.2989          0.3177          0.0523
 6811          0.1264          0.2935          0.3381          0.0464
 6812          0.2182          0.3540          0.2710          0.0211
 6813          0.0381          0.2978          0.3093          0.0579
 6814          0.0687          0.2877          0.3326          0.0553
 6815          0.1543          0.3357          0.2695          0.0401
 6816          0.1535          0.3041          0.3300          0.0403
 6817          0.0662          0.3123          0.2857          0.0556
 6818          0.2034          0.2751          0.4027          0.0260
 6819          0.1668          0.3398          0.2677          0.0369
 6820          0.1606          0.3251          0.2940          0.0385
 6821          0.0573          0.3197          0.2688          0.0565
 6822          0.1354          0.3344          0.2629          0.0445
 6823          0.0482          0.3068          0.2934          0.0572
 6824          0.1401          0.3394          0.2544          0.0435
 6825          0.1283          0.3022          0.3232          0.0460
 6826          0.0462          0.3148          0.2771          0.0573
 6827          0.1387          0.3502          0.2292          0.0438
 6828          0.0482          0.3082          0.2905          0.0572
 6829          0.0963          0.2871          0.3401          0.0517
 6830          0.0563          0.3033          0.3015          0.0565
 6831          0.1489          0.3099          0.3175          0.0414
 6832          0.0595          0.2845          0.3367          0.0562
 6833          0.2233          0.3869          0.1985          0.0193
 6834          0.2277          0.2921          0.3889          0.0177
 6835          0.1749          0.3388          0.2743          0.0347
 6836          0.1726          0.3473          0.2551          0.0353
 6837          0.1461          0.2924          0.3476          0.0421
 6838          0.0975          0.3214          0.2755          0.0515
 6839          0.1844          0.3647          0.2227          0.0320
 6840          0.0078          0.2988          0.3053          0.0590
 6841          0.0888          0.3169          0.2820          0.0528
 6842          0.1444          0.3025          0.3289          0.0425
 6843          0.1589          0.2700          0.3903          0.0390
 6844          0.0402          0.3000          0.3055          0.0578
 6845          0.2064          0.3070          0.3518          0.0251
 6846          0.1240          0.3417          0.2418          0.0469
 6847          0.1686          0.2606          0.4093          0.0364
 6848          0.1067          0.2716          0.3695          0.0501
 6849          0.1480          0.3289          0.2803          0.0417
 6850          0.1391          0.2638          0.3925          0.0437
 6851          0.1093          0.2683          0.3757          0.0496
 6852          0.0795          0.2807          0.3472          0.0541
 6853          0.1513          0.3197          0.3001          0.0409
 6854          0.1705          0.3250          0.2993          0.0359
 6855          0.1420          0.3419          0.2498          0.0431
 6856          0.0606          0.2847          0.3364          0.0561
 6857          0.0971          0.3082          0.3014          0.0516
 6858          0.2113          0.2657          0.4215          0.0234
 6859          0.0764          0.2835          0.3415          0.0545
 6860          0.2328          0.2694          0.4275          0.0159
 6861          0.1416          0.3299          0.2752          0.0432
 6862          0.0572          0.3194          0.2695          0.0565
 6863          0.1440          0.2942          0.3436          0.0426
 6864          0.1665          0.2760          0.3837          0.0370
 6865          0.0424          0.2892          0.3258          0.0576
 6866          0.1274          0.3155          0.2978          0.0462
 6867          0.0902          0.2921          0.3295          0.0526
 6868          0.1739          0.2993          0.3479          0.0350
 6869          0.1796          0.3355          0.2837          0.0333
 6870          0.0447          0.2946          0.3160          0.0575
 6871          0.1134          0.2956          0.3299          0.0489
 6872          0.1188          0.2748          0.3678          0.0479
 6873          0.1349          0.3231          0.2861          0.0446
 6874          0.0464          0.2997          0.3068          0.0573
 6875          0.0342          0.2988          0.3070          0.0581
 6876          0.1801          0.3318          0.2914          0.0332
 6877          0.1084          0.2970          0.3258          0.0498
 6878          0.1241          0.3121          0.3032          0.0469
 6879          0.0541          0.3161          0.2758          0.0567
 6880          0.1986          0.3664          0.2291          0.0276
 6881          0.0676          0.3159          0.2787          0.0554
 6882          0.1985          0.3082          0.3453          0.0276
 6883          0.1746          0.3683          0.2066          0.0348
 6884          0.0251          0.2965          0.3106          0.0585
 6885          0.1378          0.3220          0.2893          0.0440
 6886          0.1141          0.3371          0.2478          0.0488
 6887          0.1169          0.3359          0.2516          0.0482
 6888          0.1644          0.3484          0.2476          0.0376
 6889          0.0514          0.3185          0.2704          0.0570
 6890          0.0513          0.3171          0.2731          0.0570
 6891          0.1809          0.3421          0.2711          0.0330
 6892          0.0634          0.2893          0.3287          0.0559
 6893          0.1448          0.3537          0.2242          0.0424
 6894          0.0353          0.2994          0.3061          0.0580
 6895          0.0527          0.3104          0.2870          0.0568
 6896          0.1970          0.2999          0.3587          0.0281
 6897          0.2209          0.2433          0.4600          0.0202
 6898          0.1401          0.2813          0.3642          0.0435
 6899          0.1732          0.3064          0.3352          0.0352
 6900          0.1125          0.2794          0.3580          0.0490
 6901          0.0845          0.2825          0.3451          0.0534
 6902          0.1391          0.3268          0.2804          0.0437
 6903          0.1649          0.2644          0.4017          0.0374
 6904          0.1594          0.3293          0.2851          0.0389
 6905          0.1020          0.2815          0.3513          0.0508
 6906          0.2244          0.2872          0.3950          0.0189
 6907          0.0926          0.3143          0.2883          0.0523
 6908          0.1841          0.3350          0.2874          0.0320
 6909          0.0965          0.2962          0.3238          0.0517
 6910          0.0883          0.3270          0.2609          0.0529
 6911          0.2318          0.2991          0.3800          0.0162
 6912          0.2321          0.3593          0.2703          0.0161
 6913          0.0215          0.3008          0.3022          0.0586
 6914          0.0871          0.3028          0.3090          0.0531
 6915          0.1894          0.3333          0.2938          0.0305
 6916          0.1528          0.3130          0.3135          0.0405
 6917          0.1274          0.2890          0.3463          0.0462
 6918          0.1558          0.2877          0.3596          0.0398
 6919          0.1101          0.3161          0.2902          0.0495
 6920          0.0729          0.3154          0.2809          0.0549
 6921          0.0238          0.3094          0.2856          0.0586
 6922          0.1813          0.3750          0.1940          0.0329
 6923          0.1904          0.3362          0.2888          0.0301
 6924          0.1384          0.3085          0.3156          0.0439
 6925          0.1483          0.2967          0.3411          0.0416
 6926          0.0315          0.3068          0.2914          0.0582
 6927          0.0950          0.3172          0.2832          0.0519
 6928          0.1583          0.2962          0.3462          0.0391
 6929          0.1813          0.3525          0.2491          0.0329
 6930          0.0664          0.2914          0.3255          0.0556
 6931          0.0047          0.2999          0.3033          0.0590
 6932          0.1561          0.3262          0.2897          0.0397
 6933          0.1254          0.2783          0.3640          0.0466
 6934          0.0675          0.3044          0.3013          0.0555
 6935          0.1781          0.2734          0.3931          0.0338
 6936          0.1685          0.2644          0.4032          0.0364
 6937          0.1154          0.3204          0.2836          0.0485
 6938          0.1313          0.3427          0.2428          0.0454
 6939          0.0352          0.2924          0.3190          0.0580
 6940          0.0564          0.2962          0.3149          0.0565
 6941          0.0439          0.3086          0.2893          0.0575
 6942          0.1596          0.2628          0.4020          0.0388
 6943          0.1102          0.3395          0.2409          0.0495
 6944          0.1977          0.3762          0.2042          0.0279
 6945          0.1234          0.3252          0.2769          0.0470
 6946          0.1651          0.3227          0.3010          0.0374
 6947          0.1194          0.3146          0.2965          0.0478
 6948          0.1932          0.3800          0.1900          0.0293
 6949          0.0090          0.3006          0.3021          0.0589
 6950          0.1437          0.2593          0.4014          0.0427
 6951          0.2118          0.3120          0.3463          0.0233
 6952          0.0742          0.3035          0.3046          0.0547
 6953          0.1623          0.3018          0.3381          0.0381
 6954          0.1180          0.2973          0.3283          0.0481
 6955          0.0272          0.3063          0.2920          0.0584
 6956          0.1607          0.3272          0.2901          0.0385
 6957          0.1485          0.3032          0.3295          0.0416
 6958          0.1256          0.2689          0.3796          0.0466
 6959          0.1167          0.3305          0.2633          0.0483
 6960          0.1411          0.3102          0.3134          0.0433
 6961          0.1726          0.3412          0.2680          0.0353
 6962          0.0390          0.3066          0.2924          0.0578
 6963          0.1565          0.2638          0.3992          0.0396
 6964          0.1834          0.3422          0.2724          0.0322
 6965          0.0540          0.3046          0.2985          0.0567
 6966          0.1659          0.3077          0.3292          0.0372
 6967          0.2249          0.3451          0.2937          0.0187
 6968          0.1127          0.2797          0.3574          0.0490
 6969          0.1907          0.3341          0.2930          0.0301
 6970          0.0545          0.3149          0.2782          0.0567
 6971          0.0695          0.2848          0.3378          0.0552
 6972          0.0385          0.2934          0.3176          0.0579
 6973          0.1346          0.3045          0.3215          0.0447
 6974          0.0647          0.2866          0.3338          0.0557
 6975          0.0727          0.3204          0.2707          0.0549
 6976          0.1041          0.2974          0.3238          0.0505
 6977          0.0907          0.2940          0.3262          0.0526
 6978          0.1696          0.3143          0.3190          0.0362
 6979          0.2109          0.2774          0.4030          0.0236
 6980          0.0750          0.2849          0.3388          0.0546
 6981          0.1508          0.3416          0.2550          0.0410
 6982          0.0805          0.2865          0.3371          0.0539
 6983          0.1307          0.3395          0.2496          0.0455
 6984          0.0542          0.3149          0.2781          0.0567
 6985          0.1918          0.3343          0.2934          0.0297
 6986          0.0901          0.3135          0.2891          0.0526
 6987          0.2253          0.3780          0.2229          0.0186
 6988          0.1854          0.3033          0.3467          0.0316
 6989          0.0724          0.3106          0.2905          0.0549
 6990          0.1528          0.2571          0.4083          0.0405
 6991          0.1246          0.2973          0.3306          0.0468
 6992          0.1435          0.3482          0.2365          0.0427
 6993          0.2354          0.3579          0.2757          0.0149
 6994          0.1751          0.3504          0.2497          0.0346
 6995          0.1456          0.2716          0.3824          0.0422
 6996          0.0604          0.3219          0.2647          0.0562
 6997          0.0579          0.3184          0.2717          0.0564
 6998          0.0574          0.2893          0.3276          0.0564
 6999          0.1496          0.3067          0.3236          0.0413
 7000          0.1760          0.2763          0.3875          0.0344
 7001          0.0646          0.2831          0.3399          0.0558
 7002          0.0981          0.3189          0.2807          0.0515
 7003          0.0202          0.3045          0.2950          0.0587
 7004          0.1946          0.2859          0.3808          0.0289
 7005          0.2397          0.3736          0.2455          0.0133
 7006          0.2130          0.3332          0.3086          0.0229
 7007          0.1013          0.3195          0.2806          0.0510
 7008          0.0563          0.3078          0.2928          0.0565
 7009          0.1154          0.2966          0.3288          0.0485
 7010          0.0752          0.2930          0.3243          0.0546
 7011          0.0247          0.3029          0.2984          0.0585
 7012          0.1872          0.3485          0.2614          0.0311
 7013          0.0785          0.2852          0.3390          0.0542
 7014          0.1082          0.2935          0.3320          0.0498
 7015          0.2279          0.3976          0.1728          0.0177
 7016          0.0959          0.2851          0.3434          0.0518
 7017          0.2015          0.2520          0.4375          0.0267
 7018          0.1693          0.2969          0.3499          0.0362
 7019          0.1129          0.3116          0.3000          0.0490
 7020          0.2272          0.2458          0.4596          0.0179
 7021          0.1634          0.2770          0.3807          0.0378
 7022          0.1846          0.2518          0.4298          0.0319
 7023          0.0849          0.3284          0.2568          0.0534
 7024          0.1144          0.2916          0.3374          0.0487
 7025          0.1532          0.3201          0.3001          0.0404
 7026          0.0749          0.2796          0.3481          0.0546
 7027          0.2140          0.3124          0.3469          0.0225
 7028          0.0048          0.3021          0.2990          0.0590
 7029          0.1437          0.3207          0.2946          0.0427
 7030          0.1472          0.3047          0.3262          0.0418
 7031          0.2166          0.3374          0.3031          0.0216
 7032          0.1188          0.2913          0.3394          0.0479
 7033          0.0444          0.3074          0.2917          0.0575
 7034          0.1014          0.3239          0.2716          0.0509
 7035          0.1118          0.3229          0.2773          0.0492
 7036          0.1600          0.3429          0.2572          0.0387
 7037          0.1970          0.2723          0.4039          0.0281
 7038          0.1424          0.2641          0.3933          0.0430
 7039          0.1097          0.2797          0.3567          0.0495
 7040          0.1377          0.2812          0.3634          0.0440
 7041          0.1331          0.2945          0.3388          0.0450
 7042          0.1088          0.2962          0.3274          0.0497
 7043          0.0631          0.3066          0.2962          0.0559
 7044          0.0819          0.3265          0.2601          0.0538
 7045          0.0316          0.3043          0.2963          0.0582
 7046          0.0551          0.2946          0.3176          0.0566
 7047          0.1744          0.2544          0.4214          0.0348
 7048          0.0867          0.3126          0.2899          0.0531
 7049          0.0488          0.2913          0.3227          0.0572
 7050          0.1134          0.3241          0.2753          0.0489
 7051          0.0609          0.3162          0.2766          0.0561
 7052          0.0203          0.3067          0.2907          0.0587
 7053          0.1476          0.2775          0.3734          0.0417
 7054          0.1490          0.3306          0.2773          0.0414
 7055          0.0823          0.2867          0.3372          0.0537
 7056          0.1307          0.2965          0.3343          0.0455
 7057          0.0811          0.3191          0.2754          0.0539
 7058          0.2027          0.2597          0.4263          0.0263
 7059          0.0767          0.3018          0.3083          0.0544
 7060          0.0554          0.3134          0.2814          0.0566
 7061          0.1695          0.3100          0.3269          0.0362
 7062          0.1577          0.3405          0.2612          0.0393
 7063          0.0729          0.3145          0.2828          0.0549
 7064          0.1009          0.3270          0.2648          0.0510
 7065          0.1097          0.3228          0.2766          0.0496
 7066          0.1191          0.3421          0.2387          0.0478
 7067          0.0862          0.2992          0.3156          0.0532
 7068          0.1765          0.2532          0.4240          0.0342
 7069          0.2076          0.3297          0.3117          0.0247
 7070          0.0163          0.2977          0.3078          0.0588
 7071          0.0386          0.3061          0.2935          0.0578
 7072          0.0850          0.3117          0.2913          0.0534
 7073          0.1329          0.3123          0.3062          0.0451
 7074          0.1382          0.2630          0.3935          0.0439
 7075          0.2242          0.3184          0.3426          0.0190
 7076          0.0743          0.2930          0.3242          0.0547
 7077          0.0238          0.2954          0.3126          0.0586
 7078          0.1011          0.2907          0.3349          0.0510
 7079          0.0854          0.3007          0.3124          0.0533
 7080          0.1579          0.3505          0.2391          0.0392
 7081          0.0720          0.3239          0.2632          0.0550
 7082          0.1875          0.3685          0.2157          0.0310
 7083          0.1406          0.2766          0.3723          0.0434
 7084          0.0778          0.2929          0.3250          0.0543
 7085          0.1078          0.2840          0.3487          0.0499
 7086          0.0400          0.3105          0.2849          0.0578
 7087          0.1500          0.3372          0.2641          0.0412
 7088          0.1407          0.2980          0.3355          0.0433
 7089          0.0904          0.2850          0.3421          0.0526
 7090          0.1151          0.3010          0.3207          0.0486
 7091          0.1525          0.2757          0.3783          0.0406
 7092          0.2077          0.2990          0.3661          0.0246
 7093          0.1356          0.2819          0.3615          0.0445
 7094          0.0768          0.3107          0.2911          0.0544
 7095          0.0620          0.2917          0.3241          0.0560
 7096          0.1656          0.3075          0.3295          0.0372
 7097          0.0572          0.3075          0.2934          0.0565
 7098          0.1758          0.3614          0.2247          0.0344
 7099          0.0736          0.3026          0.3061          0.0548
 7100          0.0308          0.3099          0.2851          0.0583
 7101          0.1222          0.3477          0.2268          0.0472
 7102          0.0518          0.3006          0.3059          0.0569
 7103          0.0765          0.3281          0.2551          0.0544
 7104          0.1923          0.3200          0.3207          0.0296
 7105          0.0389          0.2916          0.3210          0.0578
 7106          0.0534          0.3049          0.2979          0.0568
 7107          0.1443          0.3021          0.3297          0.0425
 7108          0.0788          0.2808          0.3469          0.0542
 7109          0.0822          0.2944          0.3233          0.0537
 7110          0.2088          0.3624          0.2460          0.0243
 7111          0.2308          0.2441          0.4641          0.0166
 7112          0.0572          0.3131          0.2823          0.0565
 7113          0.1338          0.3002          0.3289          0.0449
 7114          0.1730          0.2953          0.3544          0.0352
 7115          0.0404          0.2959          0.3131          0.0577
 7116          0.0855          0.2884          0.3350          0.0533
 7117          0.2096          0.3663          0.2378          0.0240
 7118          0.0680          0.3012          0.3076          0.0554
 7119          0.1058          0.3094          0.3019          0.0502
 7120          0.0823          0.2841          0.3419          0.0537
 7121          0.0525          0.2942          0.3179          0.0569
 7122          0.0478          0.3043          0.2982          0.0572
 7123          0.1689          0.2933          0.3559          0.0363
 7124          0.1479          0.2860          0.3594          0.0417
 7125          0.1522          0.2810          0.3694          0.0406
 7126          0.1386          0.3144          0.3045          0.0438
 7127          0.2354          0.2899          0.3969          0.0149
 7128          0.1889          0.3184          0.3218          0.0306
 7129          0.2065          0.3538          0.2632          0.0250
 7130          0.1539          0.3358          0.2691          0.0402
 7131          0.1570          0.2981          0.3423          0.0395
 7132          0.0913          0.2791          0.3527          0.0525
 7133          0.0607          0.3029          0.3031          0.0561
 7134          0.1318          0.3092          0.3116          0.0453
 7135          0.1654          0.3038          0.3360          0.0373
 7136          0.1972          0.2617          0.4205          0.0280
 7137          0.0757          0.2909          0.3282          0.0545
 7138          0.1954          0.2750          0.3989          0.0286
 7139          0.1818          0.3393          0.2773          0.0327
 7140          0.1598          0.2855          0.3652          0.0388
 7141          0.1610          0.2755          0.3822          0.0384
 7142          0.1572          0.2675          0.3936          0.0394
 7143          0.1555          0.3150          0.3109          0.0398
 7144          0.2086          0.3240          0.3230          0.0243
 7145          0.1074          0.3070          0.3071          0.0499
 7146          0.1146          0.2692          0.3758          0.0487
 7147          0.1867          0.3459          0.2666          0.0313
 7148          0.1724          0.3069          0.3339          0.0354
 7149          0.0938          0.2934          0.3281          0.0521
 7150          0.0421          0.2993          0.3070          0.0576
 7151          0.0757          0.2867          0.3358          0.0545
 7152          0.0453          0.3030          0.3003          0.0574
 7153          0.2126          0.3478          0.2798          0.0230
 7154          0.0968          0.2799          0.3527          0.0517
 7155          0.0550          0.3134          0.2813          0.0567
 7156          0.1080          0.2789          0.3574          0.0498
 7157          0.1758          0.3005          0.3469          0.0344
 7158          0.0440          0.2903          0.3239          0.0575
 7159          0.0230          0.3018          0.3004          0.0586
 7160          0.1206          0.3004          0.3237          0.0475
 7161          0.1141          0.2828          0.3527          0.0488
 7162          0.2390          0.2733          0.4250          0.0136
 7163          0.0593          0.2921          0.3230          0.0563
 7164          0.1241          0.3065          0.3137          0.0469
 7165          0.1169          0.3165          0.2920          0.0482
 7166          0.1792          0.3113          0.3294          0.0335
 7167          0.1444          0.2996          0.3341          0.0425
 7168          0.1335          0.3174          0.2965          0.0449
 7169          0.1959          0.3287          0.3066          0.0284
 7170          0.0165          0.2958          0.3115          0.0588
 7171          0.2303          0.2733          0.4200          0.0168
 7172          0.1289          0.3166          0.2963          0.0459
 7173          0.1415          0.2936          0.3436          0.0432
 7174          0.1633          0.3524          0.2379          0.0378
 7175          0.2029          0.2735          0.4050          0.0262
 7176          0.1475          0.3511          0.2317          0.0418
 7177          0.1910          0.2842          0.3818          0.0300
 7178          0.0162          0.2971          0.3089          0.0588
 7179          0.1183          0.3041          0.3160          0.0480
 7180          0.0687          0.3100          0.2908          0.0553
 7181          0.1389          0.2732          0.3772          0.0438
 7182          0.1586          0.3170          0.3087          0.0391
 7183          0.0363          0.3099          0.2856          0.0580
 7184          0.0160          0.2984          0.3065          0.0588
 7185          0.0359          0.3137          0.2780          0.0580
 7186          0.0631          0.2972          0.3142          0.0559
 7187          0.1123          0.3100          0.3028          0.0491
 7188          0.0464          0.3053          0.2960          0.0573
 7189          0.0324          0.3100          0.2851          0.0582
 7190          0.2216          0.3866          0.1975          0.0199
 7191          0.0498          0.2897          0.3259          0.0571
 7192          0.1584          0.2811          0.3718          0.0391
 7193          0.2203          0.2448          0.4575          0.0204
 7194          0.0549          0.2857          0.3338          0.0567
 7195          0.1136          0.3258          0.2719          0.0489
 7196          0.0409          0.3155          0.2748          0.0577
 7197          0.1329          0.3289          0.2734          0.0451
 7198          0.1393          0.3324          0.2690          0.0437
 7199          0.1168          0.3101          0.3042          0.0483
 7200          0.1518          0.2763          0.3770          0.0408
 7201          0.1053          0.2939          0.3304          0.0503
 7202          0.0560          0.3013          0.3052          0.0566
 7203          0.1020          0.2806          0.3528          0.0508
 7204          0.1201          0.3200          0.2862          0.0476
 7205          0.1933          0.3510          0.2602          0.0293
 7206          0.1555          0.3436          0.2532          0.0398
 7207          0.0025          0.3003          0.3025          0.0590
 7208          0.1867          0.3247          0.3089          0.0313
 7209          0.1615          0.2634          0.4019          0.0383
 7210          0.0971          0.2818          0.3494          0.0516
 7211          0.0510          0.3008          0.3053          0.0570
 7212          0.1272          0.3279          0.2730          0.0462
 7213          0.0779          0.2989          0.3141          0.0543
 7214          0.0937          0.2981          0.3194          0.0521
 7215          0.1350          0.2840          0.3578          0.0446
 7216          0.1266          0.3279          0.2727          0.0464
 7217          0.1568          0.2870          0.3612          0.0395
 7218          0.1235          0.2726          0.3729          0.0470
 7219          0.1611          0.2965          0.3469          0.0384
 7220          0.1851          0.2565          0.4229          0.0318
 7221          0.1382          0.3097          0.3131          0.0439
 7222          0.0584          0.2927          0.3217          0.0564
 7223          0.1182          0.2691          0.3769          0.0480
 7224          0.0682          0.2835          0.3400          0.0554
 7225          0.0164          0.3003          0.3028          0.0588
 7226          0.0365          0.2913          0.3213          0.0580
 7227          0.1818          0.3615          0.2287          0.0327
 7228          0.2126          0.3327          0.3093          0.0230
 7229          0.1470          0.3388          0.2590          0.0419
 7230          0.2116          0.3007          0.3655          0.0233
 7231          0.1152          0.2782          0.3608          0.0486
 7232          0.2194          0.3787          0.2160          0.0207
 7233          0.0348          0.3052          0.2949          0.0581
 7234          0.1812          0.2717          0.3972          0.0329
 7235          0.0568          0.3156          0.2771          0.0565
 7236          0.1367          0.2629          0.3932          0.0442
 7237          0.0648          0.2803          0.3449          0.0557
 7238          0.0644          0.2853          0.3361          0.0558
 7239          0.1150          0.3063          0.3107          0.0486
 7240          0.0632          0.3143          0.2811          0.0559
 7241          0.1925          0.3036          0.3501          0.0295
 7242          0.0784          0.2964          0.3188          0.0542
 7243          0.1667          0.3155          0.3154          0.0369
 7244          0.1010          0.2931          0.3306          0.0510
 7245          0.2214          0.3879          0.1938          0.0200
 7246          0.1710          0.2959          0.3524          0.0358
 7247          0.1507          0.3099          0.3182          0.0410
 7248          0.1727          0.3358          0.2791          0.0353
 7249          0.0535          0.3132          0.2816          0.0568
 7250          0.1247          0.2682          0.3805          0.0467
 7251          0.1685          0.3483          0.2504          0.0365
 7252          0.2145          0.3107          0.3501          0.0224
 7253          0.0185          0.2995          0.3044          0.0587
 7254          0.1048          0.2779          0.3583          0.0504
 7255          0.0857          0.2973          0.3190          0.0533
 7256          0.0572          0.3197          0.2688          0.0565
 7257          0.1856          0.3314          0.2953          0.0316
 7258          0.0304          0.3081          0.2888          0.0583
 7259          0.0449          0.3100          0.2865          0.0574
 7260          0.0888          0.3049          0.3055          0.0528
 7261          0.2056          0.3794          0.2024          0.0253
 7262          0.2456          0.2415          0.4760          0.0111
 7263          0.2064          0.3428          0.2858          0.0251
 7264          0.1120          0.2866          0.3454          0.0491
 7265          0.1070          0.3189          0.2836          0.0500
 7266          0.0824          0.3266          0.2600          0.0537
 7267          0.0772          0.3172          0.2782          0.0543
 7268          0.1929          0.2638          0.4153          0.0294
 7269          0.1851          0.2657          0.4086          0.0317
 7270          0.0135          0.2983          0.3066          0.0589
 7271          0.0648          0.2959          0.3169          0.0557
 7272          0.1401          0.3266          0.2812          0.0435
 7273          0.1859          0.2554          0.4248          0.0315
 7274          0.0909          0.3040          0.3077          0.0525
 7275          0.1062          0.2886          0.3401          0.0502
 7276          0.2302          0.3623          0.2625          0.0168
 7277          0.1776          0.3150          0.3219          0.0339
 7278          0.0931          0.3248          0.2671          0.0522
 7279          0.1515          0.2657          0.3943          0.0408
 7280          0.0884          0.3060          0.3032          0.0529
 7281          0.0732          0.2905          0.3285          0.0548
 7282          0.2041          0.3334          0.3026          0.0258
 7283          0.1382          0.3513          0.2263          0.0439
 7284          0.1128          0.2903          0.3391          0.0490
 7285          0.1539          0.3167          0.3070          0.0402
 7286          0.0333          0.3082          0.2889          0.0581
 7287          0.1509          0.2835          0.3648          0.0410
 7288          0.0024          0.3005          0.3022          0.0590
 7289          0.1319          0.2920          0.3428          0.0453
 7290          0.0556          0.3052          0.2977          0.0566
 7291          0.1217          0.3129          0.3006          0.0473
 7292          0.2285          0.2610          0.4378          0.0174
 7293          0.1096          0.2808          0.3547          0.0496
 7294          0.1866          0.3031          0.3477          0.0313
 7295          0.1575          0.2560          0.4118          0.0393
 7296          0.0935          0.2840          0.3446          0.0522
 7297          0.1659          0.3356          0.2757          0.0372
 7298          0.0805          0.2798          0.3489          0.0539
 7299          0.2004          0.3172          0.3304          0.0270
 7300          0.1215          0.2859          0.3497          0.0474
 7301          0.1694          0.3678          0.2043          0.0362
 7302          0.1914          0.3795          0.1899          0.0298
 7303          0.0999          0.3203          0.2784          0.0512
 7304          0.1321          0.2648          0.3885          0.0452
 7305          0.1474          0.3232          0.2915          0.0418
 7306          0.0112          0.2981          0.3069          0.0589
 7307          0.1746          0.3457          0.2597          0.0348
 7308          0.0532          0.3092          0.2894          0.0568
 7309          0.0830          0.2756          0.3567          0.0536
 7310          0.0932          0.2869          0.3396          0.0522
 7311          0.1938          0.2634          0.4163          0.0291
 7312          0.1804          0.3306          0.2940          0.0331
 7313          0.1091          0.3227          0.2768          0.0496
 7314          0.1003          0.3180          0.2832          0.0511
 7315          0.1698          0.2873          0.3665          0.0361
 7316          0.1919          0.2852          0.3807          0.0297
 7317          0.1140          0.2818          0.3543          0.0488
 7318          0.1629          0.3347          0.2760          0.0380
 7319          0.0478          0.2907          0.3238          0.0572
 7320          0.0452          0.2973          0.3112          0.0574
 7321          0.1481          0.2587          0.4040          0.0416
 7322          0.1638          0.2756          0.3832          0.0377
 7323          0.1275          0.3468          0.2314          0.0462
 7324          0.1799          0.2939          0.3602          0.0333
 7325          0.1504          0.3069          0.3236          0.0411
 7326          0.1232          0.3101          0.3066          0.0471
 7327          0.1263          0.3236          0.2814          0.0464
 7328          0.0672          0.2877          0.3324          0.0555
 7329          0.1067          0.3047          0.3110          0.0501
 7330          0.0984          0.3285          0.2608          0.0514
 7331          0.0021          0.3016          0.2999          0.0590
 7332          0.0639          0.3208          0.2678          0.0558
 7333          0.1992          0.2869          0.3816          0.0274
 7334          0.2098          0.3673          0.2357          0.0239
 7335          0.1235          0.2875          0.3476          0.0470
 7336          0.0716          0.3022          0.3065          0.0550
 7337          0.1398          0.3542          0.2202          0.0435
 7338          0.2351          0.3418          0.3072          0.0150
 7339          0.1788          0.3587          0.2333          0.0336
 7340          0.1088          0.3111          0.2995          0.0497
 7341          0.1283          0.3455          0.2349          0.0460
 7342          0.0340          0.2938          0.3164          0.0581
 7343          0.1548          0.3097          0.3204          0.0400
 7344          0.0523          0.2928          0.3204          0.0569
 7345          0.1415          0.3474          0.2371          0.0432
 7346          0.1624          0.3474          0.2486          0.0381
 7347          0.1382          0.3543          0.2189          0.0439
 7348          0.0555          0.2861          0.3332          0.0566
 7349          0.1381          0.2911          0.3467          0.0439
 7350          0.1812          0.2998          0.3508          0.0329
 7351          0.0877          0.3230          0.2692          0.0530
 7352          0.1834          0.3533          0.2486          0.0322
 7353          0.0874          0.2862          0.3393          0.0530
 7354          0.1096          0.3154          0.2914          0.0496
 7355          0.1697          0.3096          0.3277          0.0361
 7356          0.1905          0.3528          0.2544          0.0301
 7357          0.1957          0.2860          0.3813          0.0285
 7358          0.0898          0.3178          0.2804          0.0527
 7359          0.0387          0.3120          0.2817          0.0578
 7360          0.2331          0.3322          0.3236          0.0158
 7361          0.1450          0.2648          0.3932          0.0424
 7362          0.0410          0.2994          0.3066          0.0577
 7363          0.0486          0.3091          0.2889          0.0572
 7364          0.1579          0.3437          0.2543          0.0392
 7365          0.1230          0.2728          0.3724          0.0471
 7366          0.1175          0.2965          0.3296          0.0481
 7367          0.0990          0.3171          0.2846          0.0513
 7368          0.1044          0.3244          0.2715          0.0504
 7369          0.0493          0.2855          0.3332          0.0571
 7370          0.1432          0.3453          0.2428          0.0428
 7371          0.1274          0.2750          0.3701          0.0462
 7372          0.1490          0.3390          0.2598          0.0414
 7373          0.1530          0.2787          0.3736          0.0405
 7374          0.1410          0.3523          0.2253          0.0433
 7375          0.1059          0.2830          0.3499          0.0502
 7376          0.1791          0.3050          0.3405          0.0335
 7377          0.1494          0.3029          0.3303          0.0413
 7378          0.2037          0.3122          0.3413          0.0259
 7379          0.1115          0.2937          0.3328          0.0492
 7380          0.2274          0.2436          0.4630          0.0178
 7381          0.1757          0.2974          0.3522          0.0345
 7382          0.0950          0.2738          0.3627          0.0519
 7383          0.0892          0.3285          0.2579          0.0528
 7384          0.0710          0.3137          0.2839          0.0551
 7385          0.1753          0.3650          0.2155          0.0346
 7386          0.1999          0.2799          0.3932          0.0272
 7387          0.0865          0.3159          0.2833          0.0532
 7388          0.0742          0.2844          0.3395          0.0547
 7389          0.0673          0.3213          0.2676          0.0555
 7390          0.0598          0.2980          0.3121          0.0562
 7391          0.1340          0.3411          0.2477          0.0448
 7392          0.1678          0.2650          0.4019          0.0366
 7393          0.1320          0.3226          0.2858          0.0453
 7394          0.1986          0.3112          0.3401          0.0276
 7395          0.1485          0.2740          0.3795          0.0415
 7396          0.2239          0.3764          0.2256          0.0191
 7397          0.0399          0.3051          0.2955          0.0578
 7398          0.1479          0.2694          0.3869          0.0417
 7399          0.1625          0.2608          0.4063          0.0380
 7400          0.1934          0.3641          0.2307          0.0292
 7401          0.0356          0.2995          0.3058          0.0580
 7402          0.1928          0.3181          0.3244          0.0294
 7403          0.0919          0.3031          0.3096          0.0524
 7404          0.1819          0.2697          0.4008          0.0327
 7405          0.1187          0.2865          0.3478          0.0479
 7406          0.0488          0.2870          0.3304          0.0572
 7407          0.1280          0.2915          0.3422          0.0461
 7408          0.1345          0.2987          0.3318          0.0447
 7409          0.0707          0.2943          0.3210          0.0551
 7410          0.0213          0.2983          0.3069          0.0587
 7411          0.0829          0.2951          0.3222          0.0536
 7412          0.0879          0.2918          0.3294          0.0530
 7413          0.1446          0.3111          0.3133          0.0425
 7414          0.1155          0.2731          0.3695          0.0485
 7415          0.1411          0.2901          0.3496          0.0433
 7416          0.1049          0.3100          0.3004          0.0504
 7417          0.1152          0.3004          0.3218          0.0486
 7418          0.1222          0.2863          0.3492          0.0472
 7419          0.0720          0.3120          0.2876          0.0550
 7420          0.1736          0.3148          0.3202          0.0350
 7421          0.1613          0.3644          0.2074          0.0384
 7422          0.2454          0.3027          0.3824          0.0111
 7423          0.1653          0.3221          0.3023          0.0373
 7424          0.1022          0.3349          0.2482          0.0508
 7425          0.0192          0.2992          0.3050          0.0587
 7426          0.1064          0.3276          0.2655          0.0501
 7427          0.1968          0.3320          0.3008          0.0282
 7428          0.1386          0.3473          0.2358          0.0438
 7429          0.0943          0.3003          0.3155          0.0520
 7430          0.1417          0.2849          0.3588          0.0431
 7431          0.2276          0.3422          0.3011          0.0178
 7432          0.1627          0.2768          0.3809          0.0380
 7433          0.0759          0.2932          0.3240          0.0545
 7434          0.0751          0.3124          0.2874          0.0546
 7435          0.2356          0.3791          0.2294          0.0148
 7436          0.0936          0.2804          0.3509          0.0521
 7437          0.1215          0.3075          0.3109          0.0474
 7438          0.1085          0.3213          0.2793          0.0497
 7439          0.1456          0.2995          0.3348          0.0422
 7440          0.0360          0.3085          0.2885          0.0580
 7441          0.1409          0.2994          0.3332          0.0433
 7442          0.2260          0.3345          0.3146          0.0183
 7443          0.2289          0.3440          0.2986          0.0173
 7444          0.0388          0.2907          0.3226          0.0578
 7445          0.1718          0.2980          0.3492          0.0355
 7446          0.0521          0.3153          0.2770          0.0569
 7447          0.1016          0.2761          0.3605          0.0509
 7448          0.1279          0.3308          0.2672          0.0461
 7449          0.0561          0.2944          0.3181          0.0566
 7450          0.0645          0.2811          0.3435          0.0558
 7451          0.1748          0.3540          0.2413          0.0347
 7452          0.0544          0.3131          0.2818          0.0567
 7453          0.1051          0.3232          0.2743          0.0503
 7454          0.1407          0.2613          0.3971          0.0434
 7455          0.1760          0.3039          0.3409          0.0344
 7456          0.1459          0.3302          0.2766          0.0422
 7457          0.0800          0.2976          0.3169          0.0540
 7458          0.1478          0.3535          0.2262          0.0417
 7459          0.1173          0.3308          0.2628          0.0482
 7460          0.1505          0.3081          0.3214          0.0411
 7461          0.1441          0.3568          0.2160          0.0426
 7462          0.0335          0.2963          0.3117          0.0581
 7463          0.1685          0.3634          0.2148          0.0365
 7464          0.1513          0.3321          0.2754          0.0409
 7465          0.1464          0.2649          0.3935          0.0420
 7466          0.1107          0.3091          0.3041          0.0494
 7467          0.1416          0.2650          0.3915          0.0431
 7468          0.1970          0.3424          0.2803          0.0281
 7469          0.1504          0.2771          0.3752          0.0411
 7470          0.1042          0.3268          0.2664          0.0505
 7471          0.0477          0.2990          0.3083          0.0572
 7472          0.1319          0.3079          0.3140          0.0453
 7473          0.0570          0.3085          0.2915          0.0565
 7474          0.0764          0.3071          0.2982          0.0544
 7475          0.0848          0.2850          0.3408          0.0534
 7476          0.1153          0.3426          0.2359          0.0485
 7477          0.0879          0.2755          0.3579          0.0530
 7478          0.1048          0.2942          0.3297          0.0504
 7479          0.2059          0.3528          0.2648          0.0252
 7480          0.0774          0.2938          0.3234          0.0543
 7481          0.0974          0.2708          0.3682          0.0516
 7482          0.0978          0.2709          0.3682          0.0515
 7483          0.1600          0.2917          0.3547          0.0387
 7484          0.1624          0.3623          0.2137          0.0381
 7485          0.1310          0.3451          0.2371          0.0455
 7486          0.1011          0.3205          0.2784          0.0510
 7487          0.0941          0.3122          0.2929          0.0521
 7488          0.1548          0.2673          0.3929          0.0400
 7489          0.1692          0.3381          0.2726          0.0363
 7490          0.0452          0.2915          0.3220          0.0574
 7491          0.2055          0.3064          0.3523          0.0254
 7492          0.1397          0.3437          0.2447          0.0436
 7493          0.0898          0.3018          0.3117          0.0527
 7494          0.0852          0.2932          0.3263          0.0533
 7495          0.0159          0.3035          0.2967          0.0588
 7496          0.0522          0.2883          0.3287          0.0569
 7497          0.2002          0.3280          0.3105          0.0271
 7498          0.0372          0.3141          0.2773          0.0579
 7499          0.1066          0.3126          0.2960          0.0501
 7500          0.1532          0.3389          0.2621          0.0404
 7501          0.1304          0.3285          0.2730          0.0456
 7502          0.0194          0.2974          0.3086          0.0587
 7503          0.1511          0.3146          0.3096          0.0409
 7504          0.1094          0.3354          0.2498          0.0496
 7505          0.1668          0.2920          0.3572          0.0369
 7506          0.1578          0.2581          0.4088          0.0393
 7507          0.1222          0.2735          0.3709          0.0472
 7508          0.1385          0.3462          0.2384          0.0438
 7509          0.0773          0.3129          0.2870          0.0543
 7510          0.0782          0.3112          0.2906          0.0542
 7511          0.0307          0.2924          0.3186          0.0583
 7512          0.1058          0.3387          0.2410          0.0502
 7513          0.1466          0.3497          0.2345          0.0420
 7514          0.1941          0.3361          0.2911          0.0290
 7515          0.1161          0.3330          0.2577          0.0484
 7516          0.0809          0.2992          0.3141          0.0539
 7517          0.1938          0.3665          0.2253          0.0291
 7518          0.1555          0.2814          0.3701          0.0398
 7519          0.1476          0.3458          0.2441          0.0418
 7520          0.0735          0.3045          0.3025          0.0548
 7521          0.1136          0.3315          0.2600          0.0489
 7522          0.1009          0.3221          0.2750          0.0510
 7523          0.0604          0.3175          0.2740          0.0562
 7524          0.1760          0.2691          0.3991          0.0344
 7525          0.1878          0.3254          0.3080          0.0309
 7526          0.0452          0.2896          0.3254          0.0574
 7527          0.1353          0.3202          0.2920          0.0445
 7528          0.0820          0.3089          0.2960          0.0538
 7529          0.2435          0.2983          0.3883          0.0119
 7530          0.1248          0.3085          0.3102          0.0467
 7531          0.0610          0.2993          0.3099          0.0561
 7532          0.0987          0.2781          0.3563          0.0514
 7533          0.0891          0.2883          0.3360          0.0528
 7534          0.0990          0.3000          0.3175          0.0513
 7535          0.0171          0.3057          0.2925          0.0588
 7536          0.2048          0.3476          0.2749          0.0256
 7537          0.1064          0.3278          0.2652          0.0501
 7538          0.0531          0.2969          0.3130          0.0568
 7539          0.0803          0.3024          0.3081          0.0540
 7540          0.2394          0.3113          0.3642          0.0134
 7541          0.1699          0.2589          0.4125          0.0361
 7542          0.1106          0.3252          0.2721          0.0494
 7543          0.1012          0.3070          0.3050          0.0510
 7544          0.1369          0.2635          0.3924          0.0442
 7545          0.0661          0.3177          0.2748          0.0556
 7546          0.1425          0.3411          0.2519          0.0429
 7547          0.0266          0.2939          0.3155          0.0585
 7548          0.0938          0.3017          0.3128          0.0521
 7549          0.0763          0.3247          0.2624          0.0545
 7550          0.0573          0.2826          0.3397          0.0564
 7551          0.1301          0.3151          0.2998          0.0456
 7552          0.1077          0.2868          0.3437          0.0499
 7553          0.1077          0.2737          0.3662          0.0499
 7554          0.1523          0.3209          0.2981          0.0406
 7555          0.1395          0.3522          0.2249          0.0436
 7556          0.1278          0.3156          0.2977          0.0461
 7557          0.0700          0.3212          0.2682          0.0552
 7558          0.1211          0.2979          0.3284          0.0475
 7559          0.1980          0.3393          0.2873          0.0278
 7560          0.0874          0.2781          0.3534          0.0530
 7561          0.2440          0.2823          0.4139          0.0117
 7562          0.1560          0.2702          0.3888          0.0397
 7563          0.2094          0.3727          0.2225          0.0241
 7564          0.0719          0.3209          0.2693          0.0550
 7565          0.0538          0.2905          0.3250          0.0568
 7566          0.1522          0.3288          0.2825          0.0407
 7567          0.1241          0.3300          0.2673          0.0469
 7568          0.2450          0.2380          0.4806          0.0113
 7569          0.0980          0.3286          0.2604          0.0515
 7570          0.1427          0.2736          0.3780          0.0429
 7571          0.0742          0.3051          0.3016          0.0547
 7572          0.1599          0.2670          0.3954          0.0387
 7573          0.1887          0.3664          0.2217          0.0307
 7574          0.1259          0.3451          0.2347          0.0465
 7575          0.0722          0.3172          0.2772          0.0549
 7576          0.1545          0.2683          0.3911          0.0401
 7577          0.0203          0.3016          0.3006          0.0587
 7578          0.0728          0.3024          0.3064          0.0549
 7579          0.1483          0.3090          0.3188          0.0416
 7580          0.1537          0.3040          0.3304          0.0403
 7581          0.0576          0.3069          0.2948          0.0564
 7582          0.1340          0.3344          0.2623          0.0448
 7583          0.1044          0.2774          0.3590          0.0505
 7584          0.1253          0.3194          0.2893          0.0466
 7585          0.1488          0.2606          0.4013          0.0415
 7586          0.0891          0.2822          0.3467          0.0528
 7587          0.1998          0.3116          0.3401          0.0272
 7588          0.0455          0.3058          0.2950          0.0574
 7589          0.1586          0.3120          0.3179          0.0391
 7590          0.0102          0.3016          0.3002          0.0589
 7591          0.1007          0.2808          0.3522          0.0510
 7592          0.1941          0.3039          0.3504          0.0290
 7593          0.1305          0.2985          0.3307          0.0456
 7594          0.1721          0.3415          0.2670          0.0355
 7595          0.1172          0.3153          0.2944          0.0482
 7596          0.0856          0.2996          0.3146          0.0533
 7597          0.0788          0.2804          0.3476          0.0542
 7598          0.1028          0.3395          0.2381          0.0507
 7599          0.1799          0.3310          0.2929          0.0333
 7600          0.1508          0.2751          0.3787          0.0410
 7601          0.1034          0.3101          0.2997          0.0506
 7602          0.2305          0.2458          0.4615          0.0167
 7603          0.2121          0.3132          0.3443          0.0232
 7604          0.0942          0.2945          0.3263          0.0521
 7605          0.0910          0.3295          0.2563          0.0525
 7606          0.2107          0.3624          0.2474          0.0236
 7607          0.0660          0.3102          0.2897          0.0556
 7608          0.2018          0.2720          0.4068          0.0266
 7609          0.1583          0.2951          0.3480          0.0391
 7610          0.1506          0.2824          0.3664          0.0410
 7611          0.0823          0.2987          0.3155          0.0537
 7612          0.1579          0.2725          0.3857          0.0392
 7613          0.1055          0.3286          0.2631          0.0503
 7614          0.1956          0.3650          0.2303          0.0286
 7615          0.0437          0.3054          0.2954          0.0575
 7616          0.1071          0.3121          0.2971          0.0500
 7617          0.0882          0.3156          0.2845          0.0529
 7618          0.1455          0.3563          0.2182          0.0422
 7619          0.1881          0.3295          0.3004          0.0308
 7620          0.1877          0.3177          0.3223          0.0310
 7621          0.1053          0.3111          0.2984          0.0503
 7622          0.1604          0.3516          0.2381          0.0386
 7623          0.0048          0.3012          0.3008          0.0590
 7624          0.0909          0.2859          0.3407          0.0525
 7625          0.0681          0.2912          0.3262          0.0554
 7626          0.1362          0.2782          0.3680          0.0444
 7627          0.1231          0.2754          0.3681          0.0471
 7628          0.0960          0.2714          0.3668          0.0518
 7629          0.2007          0.2612          0.4231          0.0269
 7630          0.1875          0.2572          0.4229          0.0310
 7631          0.2419          0.3134          0.3623          0.0125
 7632          0.0858          0.2895          0.3330          0.0532
 7633          0.1073          0.3171          0.2874          0.0500
 7634          0.2032          0.2792          0.3961          0.0261
 7635          0.0556          0.3056          0.2969          0.0566
 7636          0.1186          0.3124          0.3005          0.0479
 7637          0.1784          0.3181          0.3166          0.0337
 7638          0.0459          0.3023          0.3018          0.0574
 7639          0.1822          0.3092          0.3348          0.0326
 7640          0.1297          0.2623          0.3918          0.0457
 7641          0.1248          0.3148          0.2982          0.0467
 7642          0.0672          0.3209          0.2683          0.0555
 7643          0.1180          0.2685          0.3779          0.0480
 7644          0.1932          0.3514          0.2592          0.0293
 7645          0.0383          0.3014          0.3026          0.0579
 7646          0.1431          0.3114          0.3122          0.0428
 7647          0.1761          0.2832          0.3763          0.0343
 7648          0.1946          0.3681          0.2221          0.0288
 7649          0.2260          0.2989          0.3768          0.0183
 7650          0.1471          0.3052          0.3252          0.0419
 7651          0.0350          0.2993          0.3062          0.0581
 7652          0.0802          0.2815          0.3459          0.0540
 7653          0.0836          0.3126          0.2891          0.0535
 7654          0.0650          0.2874          0.3324          0.0557
 7655          0.1327          0.3513          0.2233          0.0451
 7656          0.1118          0.2968          0.3273          0.0492
 7657          0.1104          0.2834          0.3504          0.0494
 7658          0.1613          0.2789          0.3767          0.0384
 7659          0.0298          0.3005          0.3034          0.0583
 7660          0.0640          0.3134          0.2831          0.0558
 7661          0.1249          0.3249          0.2781          0.0467
 7662          0.0850          0.3296          0.2542          0.0534
 7663          0.1578          0.2709          0.3884          0.0393
 7664          0.0865          0.2942          0.3248          0.0532
 7665          0.0207          0.3056          0.2928          0.0587
 7666          0.0292          0.2932          0.3171          0.0583
 7667          0.1751          0.3420          0.2679          0.0346
 7668          0.2125          0.2535          0.4407          0.0230
 7669          0.1982          0.2744          0.4013          0.0277
 7670          0.0763          0.2772          0.3525          0.0545
 7671          0.0285          0.3073          0.2901          0.0584
 7672          0.1097          0.3145          0.2933          0.0495
 7673          0.0819          0.3155          0.2830          0.0538
 7674          0.1867          0.3121          0.3319          0.0313
 7675          0.1770          0.3690          0.2065          0.0341
 7676          0.0342          0.2948          0.3145          0.0581
 7677          0.2380          0.3926          0.1976          0.0139
 7678          0.1130          0.3177          0.2880          0.0490
 7679          0.1840          0.3100          0.3342          0.0321
 7680          0.1318          0.3384          0.2526          0.0453
 7681          0.1891          0.2972          0.3593          0.0305
 7682          0.0781          0.3264          0.2592          0.0542
 7683          0.0970          0.3204          0.2773          0.0516
 7684          0.1584          0.2954          0.3476          0.0391
 7685          0.0640          0.2979          0.3130          0.0558
 7686          0.1394          0.3281          0.2780          0.0436
 7687          0.0373          0.2965          0.3117          0.0579
 7688          0.1015          0.2748          0.3626          0.0509
 7689          0.2329          0.3762          0.2337          0.0158
 7690          0.1098          0.3194          0.2836          0.0495
 7691          0.1322          0.2829          0.3586          0.0452
 7692          0.1394          0.3530          0.2227          0.0436
 7693          0.1831          0.3417          0.2733          0.0323
 7694          0.0582          0.2892          0.3279          0.0564
 7695          0.1726          0.3642          0.2158          0.0353
 7696          0.2098          0.3543          0.2643          0.0239
 7697          0.0760          0.3220          0.2681          0.0545
 7698          0.0828          0.3242          0.2651          0.0537
 7699          0.0408          0.3023          0.3011          0.0577
 7700          0.1221          0.3291          0.2684          0.0473
 7701          0.1310          0.2815          0.3605          0.0455
 7702          0.1173          0.3227          0.2797          0.0482
 7703          0.1909          0.3088          0.3401          0.0300
 7704          0.1754          0.2766          0.3867          0.0346
 7705          0.1330          0.3232          0.2850          0.0450
 7706          0.1408          0.3184          0.2978          0.0433
 7707          0.0637          0.2928          0.3224          0.0558
 7708          0.1262          0.3476          0.2291          0.0465
 7709          0.0997          0.3111          0.2967          0.0512
 7710          0.1093          0.3158          0.2906          0.0496
 7711          0.1467          0.2812          0.3669          0.0420
 7712          0.0958          0.3366          0.2421          0.0518
 7713          0.2031          0.2981          0.3651          0.0261
 7714          0.0776          0.3145          0.2839          0.0543
 7715          0.0417          0.3124          0.2814          0.0577
 7716          0.0881          0.3247          0.2658          0.0529
 7717          0.0804          0.3017          0.3094          0.0540
 7718          0.2344          0.3803          0.2253          0.0153
 7719          0.2460          0.2994          0.3881          0.0109
 7720          0.2351          0.3038          0.3742          0.0150
 7721          0.1607          0.3377          0.2687          0.0385
 7722          0.1119          0.2994          0.3226          0.0492
 7723          0.1333          0.3130          0.3050          0.0450
 7724          0.1412          0.2920          0.3463          0.0432
 7725          0.1500          0.3083          0.3209          0.0412
 7726          0.1170          0.2964          0.3297          0.0482
 7727          0.0878          0.3163          0.2830          0.0530
 7728          0.1917          0.3475          0.2664          0.0297
 7729          0.1747          0.2779          0.3843          0.0348
 7730          0.1919          0.2537          0.4303          0.0297
 7731          0.1891          0.2729          0.3991          0.0306
 7732          0.1964          0.3612          0.2397          0.0283
 7733          0.1323          0.3361          0.2579          0.0452
 7734          0.0713          0.3163          0.2787          0.0550
 7735          0.2038          0.3681          0.2291          0.0259
 7736          0.1794          0.3376          0.2794          0.0334
 7737          0.0810          0.3226          0.2681          0.0539
 7738          0.1315          0.2689          0.3816          0.0454
 7739          0.0353          0.3056          0.2942          0.0580
 7740          0.1554          0.2821          0.3690          0.0399
 7741          0.2215          0.3617          0.2571          0.0199
 7742          0.1409          0.2621          0.3960          0.0433
 7743          0.0768          0.3116          0.2895          0.0544
 7744          0.0415          0.2996          0.3063          0.0577
 7745          0.2167          0.2515          0.4457          0.0216
 7746          0.1791          0.3003          0.3489          0.0335
 7747          0.1777          0.2670          0.4032          0.0339
 7748          0.0703          0.3059          0.2990          0.0552
 7749          0.1532          0.3192          0.3018          0.0404
 7750          0.2015          0.2462          0.4461          0.0267
 7751          0.1023          0.3075          0.3045          0.0508
 7752          0.1748          0.2652          0.4048          0.0347
 7753          0.1733          0.2993          0.3478          0.0351
 7754          0.0878          0.3231          0.2690          0.0530
 7755          0.2149          0.3362          0.3042          0.0222
 7756          0.0577          0.2848          0.3359          0.0564
 7757          0.1875          0.3299          0.2993          0.0310
 7758          0.0949          0.3166          0.2843          0.0519
 7759          0.2007          0.3002          0.3602          0.0269
 7760          0.1190          0.2836          0.3529          0.0479
 7761          0.1746          0.3487          0.2531          0.0348
 7762          0.1562          0.3503          0.2386          0.0397
 7763          0.0366          0.2993          0.3063          0.0580
 7764          0.1482          0.2761          0.3759          0.0416
 7765          0.1585          0.2571          0.4105          0.0391
 7766          0.1570          0.3359          0.2704          0.0395
 7767          0.0978          0.3066          0.3047          0.0515
 7768          0.1379          0.2911          0.3466          0.0440
 7769          0.1737          0.3521          0.2450          0.0350
 7770          0.0698          0.3115          0.2880          0.0552
 7771          0.1161          0.2793          0.3593          0.0484
 7772          0.0982          0.3050          0.3078          0.0514
 7773          0.0605          0.3165          0.2759          0.0562
 7774          0.1593          0.3632          0.2092          0.0389
 7775          0.1415          0.3113          0.3117          0.0432
 7776          0.0714          0.3090          0.2933          0.0550
 7777          0.1666          0.3182          0.3103          0.0370
 7778          0.0523          0.3004          0.3064          0.0569
 7779          0.2090          0.2507          0.4431          0.0242
 7780          0.0345          0.3057          0.2938          0.0581
 7781          0.0843          0.3311          0.2508          0.0534
 7782          0.1405          0.3008          0.3304          0.0434
 7783          0.1421          0.2944          0.3424          0.0430
 7784          0.0876          0.2824          0.3460          0.0530
 7785          0.0427          0.3004          0.3050          0.0576
 7786          0.1036          0.3189          0.2825          0.0506
 7787          0.0264          0.3071          0.2902          0.0585
 7788          0.1574          0.2719          0.3866          0.0394
 7789          0.1610          0.2669          0.3961          0.0384
 7790          0.1475          0.3003          0.3343          0.0418
 7791          0.0907          0.3191          0.2780          0.0526
 7792          0.1674          0.3207          0.3060          0.0368
 7793          0.1426          0.3000          0.3327          0.0429
 7794          0.1886          0.2835          0.3817          0.0307
 7795          0.2024          0.2881          0.3814          0.0264
 7796          0.1721          0.3551          0.2373          0.0355
 7797          0.2047          0.3588          0.2510          0.0256
 7798          0.1867          0.3522          0.2531          0.0313
 7799          0.0834          0.2892          0.3330          0.0536
 7800          0.0495          0.3124          0.2824          0.0571
 7801          0.0794          0.2788          0.3503          0.0541
 7802          0.0266          0.3000          0.3041          0.0585
 7803          0.1986          0.2737          0.4025          0.0276
 7804          0.1006          0.3302          0.2579          0.0511
 7805          0.1572          0.3228          0.2969          0.0394
 7806          0.2154          0.2703          0.4166          0.0221
 7807          0.1139          0.3321          0.2588          0.0488
 7808          0.1971          0.3667          0.2275          0.0281
 7809          0.1609          0.3328          0.2788          0.0385
 7810          0.0913          0.3152          0.2861          0.0525
 7811          0.1583          0.2943          0.3494          0.0391
 7812          0.1236          0.3044          0.3174          0.0470
 7813          0.0890          0.3108          0.2941          0.0528
 7814          0.0583          0.3154          0.2779          0.0564
 7815          0.1735          0.2686          0.3988          0.0351
 7816          0.1218          0.2890          0.3445          0.0473
 7817          0.0703          0.2895          0.3296          0.0552
 7818          0.1140          0.2867          0.3459          0.0488
 7819          0.0951          0.3212          0.2751          0.0519
 7820          0.0846          0.2959          0.3213          0.0534
 7821          0.1849          0.2659          0.4082          0.0318
 7822          0.0882          0.2801          0.3501          0.0529
 7823          0.2120          0.2610          0.4291          0.0232
 7824          0.0518          0.3187          0.2699          0.0569
 7825          0.1930          0.3512          0.2595          0.0294
 7826          0.1007          0.3008          0.3164          0.0511
 7827          0.2393          0.3989          0.1812          0.0135
 7828          0.1574          0.2783          0.3761          0.0394
 7829          0.1521          0.3294          0.2812          0.0407
 7830          0.0540          0.2935          0.3195          0.0567
 7831          0.1555          0.3360          0.2694          0.0398
 7832          0.0497          0.3155          0.2762          0.0571
 7833          0.0039          0.3010          0.3012          0.0590
 7834          0.1977          0.3113          0.3394          0.0279
 7835          0.1453          0.3147          0.3068          0.0423
 7836          0.1417          0.3225          0.2902          0.0431
 7837          0.1528          0.3546          0.2265          0.0405
 7838          0.0637          0.2948          0.3187          0.0558
 7839          0.1297          0.3408          0.2463          0.0457
 7840          0.1390          0.3552          0.2173          0.0437
 7841          0.0655          0.2952          0.3183          0.0557
 7842          0.0988          0.2744          0.3626          0.0514
 7843          0.1067          0.3021          0.3159          0.0501
 7844          0.1220          0.3317          0.2629          0.0473
 7845          0.0541          0.2942          0.3183          0.0567
 7846          0.0271          0.2975          0.3088          0.0584
 7847          0.0462          0.2979          0.3102          0.0573
 7848          0.1265          0.2946          0.3362          0.0464
 7849          0.1994          0.3090          0.3444          0.0273
 7850          0.0532          0.3105          0.2868          0.0568
 7851          0.0493          0.2873          0.3301          0.0571
 7852          0.2216          0.3211          0.3362          0.0199
 7853          0.0796          0.2900          0.3307          0.0541
 7854          0.1776          0.2831          0.3771          0.0339
 7855          0.1807          0.2744          0.3928          0.0330
 7856          0.1993          0.2680          0.4118          0.0274
 7857          0.0339          0.3053          0.2945          0.0581
 7858          0.1206          0.3325          0.2605          0.0476
 7859          0.1819          0.3082          0.3364          0.0327
 7860          0.0925          0.2838          0.3449          0.0523
 7861          0.1732          0.3280          0.2950          0.0352
 7862          0.1045          0.2940          0.3300          0.0504
 7863          0.1710          0.2866          0.3682          0.0358
 7864          0.1523          0.3314          0.2773          0.0406
 7865          0.1841          0.2787          0.3873          0.0320
 7866          0.1071          0.3056          0.3094          0.0500
 7867          0.1871          0.2632          0.4135          0.0311
 7868          0.1381          0.3270          0.2796          0.0439
 7869          0.0834          0.3318          0.2489          0.0536
 7870          0.0825          0.3146          0.2849          0.0537
 7871          0.1193          0.3274          0.2709          0.0478
 7872          0.2084          0.3038          0.3584          0.0244
 7873          0.2088          0.2847          0.3902          0.0243
 7874          0.0984          0.2707          0.3686          0.0514
 7875          0.0418          0.3055          0.2951          0.0577
 7876          0.1895          0.3561          0.2463          0.0304
 7877          0.1055          0.2900          0.3375          0.0503
 7878          0.1604          0.2582          0.4096          0.0386
 7879          0.0689          0.2861          0.3354          0.0553
 7880          0.1126          0.2913          0.3373          0.0490
 7881          0.0153          0.2968          0.3095          0.0588
 7882          0.1371          0.3307          0.2716          0.0441
 7883          0.1414          0.2883          0.3528          0.0432
 7884          0.1600          0.3351          0.2737          0.0387
 7885          0.1120          0.3218          0.2796          0.0491
 7886          0.0637          0.3129          0.2840          0.0558
 7887          0.2133          0.2917          0.3813          0.0228
 7888          0.2422          0.2382          0.4788          0.0124
 7889          0.0380          0.2896          0.3245          0.0579
 7890          0.0432          0.3154          0.2754          0.0576
 7891          0.1185          0.3107          0.3038          0.0480
 7892          0.1480          0.3106          0.3157          0.0417
 7893          0.1653          0.2901          0.3597          0.0373
 7894          0.1591          0.3239          0.2957          0.0389
 7895          0.0294          0.2959          0.3120          0.0583
 7896          0.0757          0.2975          0.3161          0.0545
 7897          0.1744          0.3519          0.2460          0.0348
 7898          0.2183          0.2991          0.3720          0.0211
 7899          0.1591          0.2596          0.4069          0.0389
 7900          0.2066          0.2785          0.3989          0.0250
 7901          0.0163          0.3009          0.3017          0.0588
 7902          0.0553          0.2941          0.3186          0.0566
 7903          0.1412          0.2636          0.3938          0.0432
 7904          0.1965          0.3654          0.2299          0.0283
 7905          0.1494          0.3340          0.2706          0.0413
 7906          0.2254          0.2810          0.4053          0.0185
 7907          0.0626          0.2921          0.3235          0.0559
 7908          0.0595          0.2861          0.3337          0.0562
 7909          0.0331          0.3025          0.2999          0.0582
 7910          0.0682          0.2887          0.3306          0.0554
 7911          0.2010          0.3149          0.3349          0.0268
 7912          0.1671          0.3273          0.2931          0.0368
 7913          0.0249          0.3039          0.2965          0.0585
 7914          0.1230          0.2716          0.3744          0.0471
 7915          0.1580          0.2926          0.3523          0.0392
 7916          0.0564          0.3023          0.3034          0.0565
 7917          0.2064          0.2732          0.4073          0.0251
 7918          0.2202          0.2670          0.4242          0.0204
 7919          0.1345          0.2623          0.3934          0.0447
 7920          0.0968          0.3019          0.3132          0.0517
 7921          0.0678          0.3077          0.2951          0.0554
 7922          0.1726          0.2738          0.3900          0.0353
 7923          0.1649          0.2677          0.3965          0.0374
 7924          0.0791          0.3280          0.2560          0.0541
 7925          0.1649          0.2919          0.3566          0.0374
 7926          0.1242          0.3352          0.2561          0.0469
 7927          0.0386          0.3109          0.2839          0.0579
 7928          0.0974          0.2889          0.3371          0.0516
 7929          0.1056          0.3110          0.2987          0.0502
 7930          0.1783          0.3166          0.3193          0.0337
 7931          0.1779          0.2791          0.3839          0.0338
 7932          0.2104          0.3775          0.2114          0.0237
 7933          0.1545          0.3209          0.2993          0.0401
 7934          0.1225          0.3058          0.3143          0.0472
 7935          0.1521          0.2633          0.3982          0.0407
 7936          0.0274          0.2970          0.3099          0.0584
 7937          0.2152          0.2817          0.3985          0.0221
 7938          0.2009          0.3602          0.2452          0.0269
 7939          0.0350          0.2952          0.3138          0.0581
 7940          0.1581          0.2935          0.3508          0.0392
 7941          0.0651          0.3209          0.2678          0.0557
 7942          0.0680          0.3204          0.2696          0.0554
 7943          0.1446          0.3483          0.2368          0.0425
 7944          0.1376          0.2914          0.3460          0.0440
 7945          0.1655          0.3498          0.2453          0.0373
 7946          0.0831          0.2821          0.3454          0.0536
 7947          0.0933          0.2817          0.3486          0.0522
 7948          0.1042          0.3279          0.2642          0.0505
 7949          0.1413          0.3330          0.2686          0.0432
 7950          0.1640          0.2714          0.3902          0.0376
 7951          0.1090          0.2928          0.3335          0.0497
 7952          0.2096          0.3010          0.3639          0.0240
 7953          0.0909          0.2791          0.3526          0.0525
 7954          0.2013          0.3418          0.2844          0.0267
 7955          0.0846          0.3260          0.2618          0.0534
 7956          0.1057          0.2958          0.3270          0.0502
 7957          0.1493          0.3238          0.2911          0.0414
 7958          0.0913          0.3073          0.3015          0.0525
 7959          0.2351          0.2761          0.4184          0.0150
 7960          0.0500          0.3124          0.2825          0.0571
 7961          0.1883          0.3175          0.3231          0.0308
 7962          0.1474          0.3128          0.3114          0.0418
 7963          0.1154          0.3383          0.2457          0.0485
 7964          0.0721          0.2995          0.3117          0.0549
 7965          0.0204          0.2971          0.3092          0.0587
 7966          0.0428          0.3139          0.2784          0.0576
 7967          0.1277          0.3360          0.2561          0.0461
 7968          0.1695          0.3666          0.2073          0.0362
 7969          0.0908          0.3176          0.2811          0.0526
 7970          0.1743          0.3063          0.3358          0.0349
 7971          0.1889          0.3639          0.2279          0.0306
 7972          0.0983          0.3328          0.2515          0.0514
 7973          0.1178          0.3402          0.2424          0.0481
 7974          0.1084          0.2679          0.3760          0.0498
 7975          0.1082          0.2696          0.3733          0.0498
 7976          0.1981          0.2753          0.3997          0.0277
 7977          0.0393          0.2884          0.3268          0.0578
 7978          0.1237          0.2912          0.3412          0.0469
 7979          0.1986          0.3649          0.2327          0.0276
 7980          0.2182          0.2772          0.4073          0.0211
 7981          0.0933          0.3263          0.2639          0.0522
 7982          0.0867          0.3183          0.2786          0.0531
 7983          0.1265          0.3184          0.2918          0.0464
 7984          0.1017          0.2776          0.3579          0.0509
 7985          0.2404          0.3805          0.2303          0.0130
 7986          0.2210          0.3577          0.2654          0.0201
 7987          0.0840          0.3170          0.2803          0.0535
 7988          0.1620          0.3553          0.2305          0.0382
 7989          0.0900          0.2904          0.3324          0.0527
 7990          0.1917          0.2545          0.4290          0.0297
 7991          0.1578          0.3306          0.2816          0.0393
 7992          0.0827          0.2769          0.3543          0.0537
 7993          0.0959          0.3075          0.3024          0.0518
 7994          0.1552          0.2750          0.3805          0.0399
 7995          0.0710          0.3186          0.2739          0.0551
 7996          0.0505          0.3042          0.2987          0.0570
 7997          0.1743          0.2524          0.4244          0.0348
 7998          0.1475          0.3228          0.2922          0.0418
 7999          0.1000          0.2994          0.3188          0.0512
 8000          0.0981          0.3034          0.3110          0.0515
 8001          0.1602          0.3479          0.2464          0.0387
 8002          0.1333          0.3111          0.3086          0.0450
 8003          0.1565          0.2716          0.3867          0.0396
 8004          0.0417          0.3124          0.2813          0.0577
 8005          0.0771          0.3221          0.2681          0.0544
 8006          0.0370          0.2981          0.3087          0.0579
 8007          0.2202          0.3722          0.2326          0.0204
 8008          0.0855          0.2984          0.3168          0.0533
 8009          0.0734          0.3173          0.2771          0.0548
 8010          0.1378          0.2684          0.3847          0.0440
 8011          0.0217          0.3016          0.3007          0.0586
 8012          0.2102          0.2887          0.3845          0.0238
 8013          0.0891          0.2757          0.3580          0.0528
 8014          0.0700          0.2976          0.3147          0.0552
 8015          0.0291          0.3112          0.2823          0.0583
 8016          0.1283          0.2655          0.3862          0.0460
 8017          0.1366          0.3295          0.2738          0.0443
 8018          0.2291          0.3001          0.3767          0.0172
 8019          0.1703          0.3304          0.2887          0.0360
 8020          0.1095          0.2849          0.3476          0.0496
 8021          0.1090          0.3207          0.2808          0.0497
 8022          0.1578          0.3061          0.3283          0.0393
 8023          0.1204          0.2807          0.3582          0.0476
 8024          0.2184          0.2451          0.4562          0.0210
 8025          0.1081          0.3397          0.2396          0.0498
 8026          0.1386          0.2604          0.3978          0.0438
 8027          0.0514          0.2901          0.3252          0.0570
 8028          0.1551          0.2902          0.3551          0.0399
 8029          0.1179          0.3088          0.3072          0.0481
 8030          0.0538          0.3131          0.2818          0.0568
 8031          0.1651          0.3464          0.2525          0.0374
 8032          0.1411          0.3438          0.2451          0.0433
 8033          0.0595          0.3198          0.2691          0.0562
 8034          0.1304          0.2890          0.3475          0.0456
 8035          0.0909          0.2855          0.3414          0.0525
 8036          0.1795          0.2522          0.4270          0.0334
 8037          0.0464          0.3177          0.2712          0.0573
 8038          0.1165          0.3014          0.3204          0.0483
 8039          0.2287          0.2596          0.4400          0.0174
 8040          0.1409          0.2954          0.3403          0.0433
 8041          0.1687          0.3563          0.2323          0.0364
 8042          0.1700          0.3177          0.3129          0.0361
 8043          0.0984          0.2833          0.3472          0.0514
 8044          0.0564          0.2947          0.3177          0.0565
 8045          0.1768          0.3600          0.2288          0.0341
 8046          0.1037          0.2857          0.3445          0.0506
 8047          0.0613          0.2947          0.3185          0.0561
 8048          0.1422          0.3105          0.3133          0.0430
 8049          0.1957          0.3294          0.3051          0.0285
 8050          0.1010          0.3121          0.2952          0.0510
 8051          0.1826          0.2946          0.3604          0.0325
 8052          0.0834          0.3025          0.3087          0.0536
 8053          0.2394          0.3490          0.2965          0.0134
 8054          0.0418          0.3018          0.3022          0.0576
 8055          0.1423          0.3024          0.3284          0.0430
 8056          0.0215          0.3054          0.2934          0.0586
 8057          0.1614          0.3442          0.2552          0.0383
 8058          0.0382          0.2957          0.3132          0.0579
 8059          0.1428          0.2661          0.3902          0.0429
 8060          0.1647          0.3305          0.2855          0.0375
 8061          0.1595          0.3626          0.2109          0.0388
 8062          0.0992          0.2819          0.3499          0.0513
 8063          0.0997          0.2872          0.3408          0.0512
 8064          0.0849          0.3065          0.3014          0.0534
 8065          0.1145          0.3365          0.2494          0.0487
 8066          0.0551          0.2956          0.3157          0.0566
 8067          0.1277          0.3474          0.2301          0.0462
 8068          0.0649          0.2944          0.3197          0.0557
 8069          0.1175          0.3174          0.2903          0.0481
 8070          0.1188          0.2775          0.3632          0.0479
 8071          0.0716          0.3218          0.2674          0.0550
 8072          0.1285          0.2796          0.3628          0.0460
 8073          0.0461          0.2875          0.3292          0.0574
 8074          0.1684          0.2789          0.3798          0.0365
 8075          0.0562          0.3149          0.2784          0.0565
 8076          0.1331          0.3339          0.2629          0.0450
 8077          0.1802          0.2707          0.3984          0.0332
 8078          0.1181          0.3206          0.2842          0.0480
 8079          0.0374          0.3120          0.2816          0.0579
 8080          0.1874          0.2514          0.4317          0.0310
 8081          0.2184          0.3467          0.2861          0.0210
 8082          0.0726          0.3215          0.2683          0.0549
 8083          0.1483          0.3214          0.2953          0.0416
 8084          0.0349          0.2917          0.3203          0.0581
 8085          0.1488          0.2640          0.3958          0.0415
 8086          0.1336          0.2660          0.3871          0.0449
 8087          0.1232          0.2856          0.3508          0.0470
 8088          0.1387          0.3473          0.2359          0.0438
 8089          0.0871          0.3165          0.2823          0.0531
 8090          0.0331          0.2949          0.3143          0.0582
 8091          0.1413          0.2662          0.3896          0.0432
 8092          0.1617          0.3477          0.2477          0.0383
 8093          0.1484          0.3233          0.2916          0.0416
 8094          0.1636          0.3377          0.2703          0.0378
 8095          0.1093          0.2813          0.3537          0.0496
 8096          0.1598          0.3408          0.2617          0.0388
 8097          0.0958          0.3318          0.2529          0.0518
 8098          0.1797          0.2619          0.4121          0.0333
 8099          0.0971          0.3262          0.2652          0.0516
 8100          0.0619          0.3023          0.3043          0.0560
 8101          0.0140          0.3043          0.2949          0.0589
 8102          0.1104          0.2754          0.3641          0.0494
 8103          0.0460          0.3067          0.2933          0.0574
 8104          0.1387          0.2892          0.3502          0.0438
 8105          0.0333          0.2962          0.3119          0.0581
 8106          0.0737          0.3200          0.2718          0.0548
 8107          0.0690          0.2915          0.3257          0.0553
 8108          0.0082          0.2992          0.3046          0.0590
 8109          0.1000          0.2930          0.3306          0.0512
 8110          0.1466          0.2695          0.3861          0.0420
 8111          0.0991          0.2883          0.3386          0.0513
 8112          0.0797          0.2760          0.3553          0.0540
 8113          0.0318          0.3036          0.2977          0.0582
 8114          0.1385          0.3446          0.2420          0.0439
 8115          0.0643          0.2882          0.3308          0.0558
 8116          0.1734          0.2596          0.4129          0.0351
 8117          0.1818          0.3191          0.3165          0.0327
 8118          0.1762          0.3459          0.2602          0.0343
 8119          0.1462          0.2690          0.3869          0.0421
 8120          0.1188          0.3452          0.2314          0.0479
 8121          0.0141          0.3036          0.2964          0.0589
 8122          0.2175          0.3843          0.1999          0.0213
 8123          0.0841          0.2939          0.3247          0.0535
 8124          0.0488          0.2877          0.3293          0.0572
 8125          0.1882          0.3386          0.2827          0.0308
 8126          0.1097          0.3410          0.2373          0.0495
 8127          0.2090          0.2607          0.4279          0.0242
 8128          0.2404          0.3188          0.3521          0.0130
 8129          0.1530          0.2843          0.3643          0.0405
 8130          0.1956          0.2972          0.3625          0.0285
 8131          0.1907          0.2626          0.4160          0.0300
 8132          0.1401          0.3412          0.2504          0.0435
 8133          0.1031          0.3052          0.3090          0.0507
 8134          0.0488          0.3180          0.2708          0.0572
 8135          0.1567          0.2647          0.3979          0.0395
 8136          0.0179          0.3054          0.2930          0.0588
 8137          0.1465          0.3033          0.3285          0.0420
 8138          0.0838          0.2831          0.3439          0.0535
 8139          0.1461          0.3224          0.2923          0.0421
 8140          0.1002          0.3244          0.2700          0.0511
 8141          0.0519          0.3185          0.2704          0.0569
 8142          0.2021          0.3106          0.3431          0.0265
 8143          0.1187          0.3465          0.2283          0.0479
 8144          0.1992          0.2860          0.3831          0.0274
 8145          0.0564          0.3135          0.2813          0.0565
 8146          0.1078          0.3148          0.2920          0.0499
 8147          0.1654          0.3233          0.3000          0.0373
 8148          0.1228          0.2811          0.3584          0.0471
 8149          0.1072          0.3195          0.2825          0.0500
 8150          0.1305          0.3118          0.3062          0.0456
 8151          0.2027          0.2815          0.3921          0.0263
 8152          0.0462          0.3103          0.2861          0.0573
 8153          0.1462          0.3192          0.2987          0.0421
 8154          0.1728          0.3357          0.2795          0.0353
 8155          0.0373          0.2998          0.3054          0.0579
 8156          0.1335          0.3520          0.2220          0.0449
 8157          0.0772          0.3186          0.2754          0.0544
 8158          0.1716          0.3665          0.2091          0.0356
 8159          0.1679          0.2984          0.3466          0.0366
 8160          0.1013          0.2756          0.3612          0.0510
 8161          0.1354          0.3245          0.2834          0.0445
 8162          0.1121          0.2756          0.3643          0.0491
 8163          0.1143          0.3272          0.2693          0.0487
 8164          0.1421          0.2865          0.3561          0.0430
 8165          0.1960          0.3292          0.3057          0.0284
 8166          0.2250          0.3520          0.2800          0.0187
 8167          0.1356          0.3004          0.3292          0.0445
 8168          0.1404          0.3493          0.2320          0.0434
 8169          0.1328          0.2698          0.3807          0.0451
 8170          0.0632          0.2997          0.3096          0.0559
 8171          0.0770          0.3218          0.2687          0.0544
 8172          0.0737          0.2832          0.3416          0.0548
 8173          0.0957          0.3286          0.2598          0.0518
 8174          0.0865          0.2859          0.3396          0.0531
 8175          0.2034          0.2973          0.3666          0.0261
 8176          0.0928          0.2734          0.3628          0.0523
 8177          0.0515          0.2987          0.3094          0.0569
 8178          0.1770          0.2714          0.3958          0.0341
 8179          0.1233          0.2921          0.3395          0.0470
 8180          0.0828          0.2898          0.3319          0.0536
 8181          0.2135          0.3793          0.2096          0.0227
 8182          0.0578          0.3068          0.2949          0.0564
 8183          0.1131          0.3069          0.3091          0.0489
 8184          0.1005          0.2842          0.3463          0.0511
 8185          0.2058          0.3632          0.2421          0.0253
 8186          0.1230          0.2735          0.3713          0.0471
 8187          0.0993          0.3049          0.3083          0.0513
 8188          0.0530          0.3088          0.2902          0.0568
 8189          0.1529          0.3458          0.2470          0.0405
 8190          0.2189          0.3525          0.2746          0.0208
 8191          0.1930          0.2571          0.4256          0.0293
 8192          0.1085          0.2857          0.3459          0.0498
 8193          0.0957          0.3116          0.2946          0.0518
 8194          0.1192          0.3316          0.2620          0.0478
 8195          0.0603          0.2868          0.3326          0.0562
 8196          0.1184          0.2694          0.3766          0.0480
 8197          0.0398          0.2948          0.3151          0.0578
 8198          0.1382          0.3279          0.2778          0.0439
 8199          0.0530          0.2923          0.3215          0.0568
 8200          0.2270          0.2411          0.4664          0.0180
 8201          0.1059          0.2964          0.3261          0.0502
 8202          0.1089          0.3090          0.3037          0.0497
 8203          0.0779          0.3266          0.2587          0.0543
 8204          0.1601          0.2922          0.3539          0.0387
 8205          0.2040          0.3198          0.3278          0.0259
 8206          0.1851          0.2806          0.3848          0.0317
 8207          0.1449          0.2761          0.3746          0.0424
 8208          0.0794          0.3199          0.2733          0.0541
 8209          0.0621          0.2883          0.3303          0.0560
 8210          0.0566          0.3168          0.2746          0.0565
 8211          0.0980          0.2803          0.3523          0.0515
 8212          0.0702          0.2881          0.3322          0.0552
 8213          0.1326          0.2685          0.3828          0.0451
 8214          0.0961          0.3324          0.2517          0.0518
 8215          0.0726          0.2865          0.3355          0.0549
 8216          0.1832          0.3273          0.3019          0.0323
 8217          0.0296          0.2954          0.3131          0.0583
 8218          0.0685          0.3221          0.2662          0.0554
 8219          0.1826          0.3272          0.3018          0.0325
 8220          0.0567          0.3202          0.2677          0.0565
 8221          0.1441          0.3012          0.3312          0.0426
 8222          0.1422          0.3225          0.2905          0.0430
 8223          0.1357          0.3477          0.2336          0.0445
 8224          0.1735          0.2632          0.4073          0.0351
 8225          0.0429          0.2912          0.3222          0.0576
 8226          0.1763          0.3446          0.2629          0.0343
 8227          0.0573          0.3103          0.2880          0.0564
 8228          0.1148          0.3093          0.3050          0.0486
 8229          0.0959          0.3065          0.3045          0.0518
 8230          0.0883          0.2997          0.3151          0.0529
 8231          0.0428          0.2950          0.3152          0.0576
 8232          0.0223          0.3046          0.2949          0.0586
 8233          0.0921          0.2823          0.3473          0.0524
 8234          0.1022          0.2854          0.3446          0.0508
 8235          0.1846          0.3100          0.3346          0.0319
 8236          0.1503          0.3041          0.3286          0.0411
 8237          0.2289          0.2542          0.4482          0.0173
 8238          0.0153          0.3015          0.3004          0.0588
 8239          0.2046          0.3304          0.3086          0.0257
 8240          0.0471          0.2909          0.3233          0.0573
 8241          0.1553          0.3625          0.2084          0.0399
 8242          0.0871          0.2738          0.3607          0.0531
 8243          0.1074          0.2797          0.3560          0.0499
 8244          0.0606          0.3079          0.2933          0.0561
 8245          0.1817          0.3053          0.3414          0.0328
 8246          0.1643          0.2706          0.3916          0.0376
 8247          0.2132          0.2943          0.3769          0.0228
 8248          0.1651          0.3245          0.2976          0.0374
 8249          0.0316          0.2921          0.3193          0.0582
 8250          0.1737          0.3491          0.2518          0.0350
 8251          0.2127          0.2738          0.4097          0.0230
 8252          0.2134          0.2844          0.3932          0.0227
 8253          0.1806          0.2776          0.3875          0.0331
 8254          0.0245          0.2960          0.3115          0.0585
 8255          0.1302          0.3376          0.2537          0.0456
 8256          0.0739          0.3082          0.2954          0.0547
 8257          0.2305          0.3087          0.3632          0.0167
 8258          0.0122          0.3007          0.3019          0.0589
 8259          0.0725          0.3149          0.2818          0.0549
 8260          0.0656          0.3036          0.3026          0.0557
 8261          0.0350          0.2907          0.3222          0.0581
 8262          0.1556          0.3102          0.3198          0.0398
 8263          0.1854          0.2611          0.4159          0.0317
 8264          0.0913          0.2842          0.3437          0.0525
 8265          0.1526          0.3551          0.2252          0.0406
 8266          0.0331          0.2937          0.3165          0.0582
 8267          0.0683          0.3148          0.2811          0.0554
 8268          0.0679          0.2913          0.3259          0.0554
 8269          0.1593          0.3184          0.3063          0.0389
 8270          0.1084          0.3267          0.2682          0.0498
 8271          0.0220          0.2953          0.3126          0.0586
 8272          0.1710          0.3153          0.3179          0.0358
 8273          0.1155          0.3110          0.3021          0.0485
 8274          0.1744          0.3377          0.2763          0.0348
 8275          0.0969          0.3284          0.2606          0.0516
 8276          0.0495          0.2862          0.3320          0.0571
 8277          0.1557          0.3558          0.2253          0.0398
 8278          0.1011          0.3139          0.2917          0.0510
 8279          0.1164          0.3187          0.2873          0.0483
 8280          0.1251          0.2939          0.3369          0.0467
 8281          0.1587          0.3554          0.2282          0.0390
 8282          0.0722          0.2949          0.3201          0.0549
 8283          0.1885          0.2581          0.4219          0.0307
 8284          0.1304          0.2926          0.3412          0.0456
 8285          0.0543          0.3050          0.2978          0.0567
 8286          0.0857          0.3260          0.2622          0.0533
 8287          0.1125          0.2684          0.3765          0.0491
 8288          0.1550          0.2886          0.3578          0.0400
 8289          0.0535          0.3050          0.2977          0.0568
 8290          0.1768          0.3229          0.3066          0.0342
 8291          0.1157          0.3087          0.3065          0.0485
 8292          0.1085          0.2865          0.3445          0.0498
 8293          0.1385          0.3381          0.2565          0.0439
 8294          0.1337          0.3157          0.2999          0.0449
 8295          0.0994          0.3182          0.2826          0.0512
 8296          0.0957          0.2981          0.3200          0.0518
 8297          0.0670          0.3010          0.3077          0.0555
 8298          0.0487          0.3104          0.2862          0.0572
 8299          0.0139          0.3039          0.2957          0.0589
 8300          0.1437          0.2981          0.3366          0.0427
 8301          0.2099          0.2853          0.3900          0.0239
 8302          0.0947          0.3357          0.2438          0.0520
 8303          0.1274          0.3206          0.2878          0.0462
 8304          0.1252          0.3012          0.3238          0.0466
 8305          0.0735          0.3035          0.3044          0.0548
 8306          0.1177          0.2720          0.3720          0.0481
 8307          0.1321          0.2907          0.3451          0.0452
 8308          0.1116          0.3353          0.2509          0.0492
 8309          0.1272          0.2897          0.3450          0.0462
 8310          0.1467          0.3477          0.2392          0.0420
 8311          0.1091          0.3298          0.2618          0.0497
 8312          0.2368          0.2509          0.4574          0.0144
 8313          0.0763          0.2804          0.3469          0.0545
 8314          0.1790          0.3036          0.3431          0.0335
 8315          0.0614          0.2963          0.3156          0.0561
 8316          0.1184          0.2948          0.3330          0.0480
 8317          0.1458          0.3481          0.2378          0.0422
 8318          0.1208          0.3391          0.2461          0.0475
 8319          0.0110          0.2983          0.3065          0.0589
 8320          0.2017          0.2771          0.3987          0.0266
 8321          0.1084          0.3392          0.2408          0.0498
 8322          0.1460          0.3353          0.2661          0.0421
 8323          0.1288          0.3117          0.3056          0.0459
 8324          0.0403          0.3071          0.2917          0.0577
 8325          0.0952          0.2813          0.3498          0.0519
 8326          0.0249          0.3035          0.2971          0.0585
 8327          0.1273          0.2846          0.3539          0.0462
 8328          0.1583          0.3472          0.2467          0.0391
 8329          0.1858          0.2869          0.3748          0.0315
 8330          0.1194          0.2720          0.3726          0.0478
 8331          0.0950          0.2841          0.3450          0.0519
 8332          0.1226          0.3239          0.2792          0.0472
 8333          0.1412          0.3254          0.2843          0.0432
 8334          0.0725          0.3161          0.2794          0.0549
 8335          0.0688          0.3141          0.2827          0.0553
 8336          0.1161          0.2994          0.3240          0.0484
 8337          0.0514          0.2972          0.3123          0.0569
 8338          0.0726          0.3264          0.2579          0.0549
 8339          0.2134          0.2582          0.4340          0.0227
 8340          0.1686          0.3175          0.3127          0.0364
 8341          0.1415          0.2975          0.3368          0.0432
 8342          0.2125          0.3109          0.3485          0.0230
 8343          0.1569          0.2631          0.4005          0.0395
 8344          0.1798          0.2993          0.3509          0.0333
 8345          0.1867          0.2728          0.3982          0.0313
 8346          0.1463          0.2739          0.3789          0.0421
 8347          0.1506          0.2582          0.4057          0.0411
 8348          0.1004          0.2978          0.3219          0.0511
 8349          0.1039          0.3081          0.3037          0.0505
 8350          0.2350          0.2906          0.3956          0.0150
 8351          0.0460          0.3144          0.2779          0.0574
 8352          0.0577          0.3145          0.2796          0.0564
 8353          0.0287          0.3022          0.3000          0.0584
 8354          0.1165          0.2726          0.3706          0.0483
 8355          0.1649          0.3505          0.2432          0.0374
 8356          0.0422          0.2942          0.3165          0.0576
 8357          0.1493          0.2803          0.3694          0.0413
 8358          0.1908          0.2777          0.3922          0.0300
 8359          0.1799          0.2748          0.3917          0.0333
 8360          0.0813          0.2796          0.3494          0.0538
 8361          0.0419          0.3102          0.2857          0.0576
 8362          0.0115          0.2976          0.3078          0.0589
 8363          0.0673          0.3028          0.3043          0.0555
 8364          0.1161          0.3268          0.2708          0.0484
 8365          0.0419          0.2939          0.3170          0.0576
 8366          0.1738          0.3472          0.2559          0.0350
 8367          0.0727          0.2991          0.3125          0.0549
 8368          0.0602          0.3036          0.3015          0.0562
 8369          0.0624          0.2933          0.3212          0.0560
 8370          0.1927          0.2489          0.4380          0.0294
 8371          0.0847          0.2895          0.3327          0.0534
 8372          0.0977          0.3058          0.3062          0.0515
 8373          0.2295          0.3462          0.2947          0.0171
 8374          0.1425          0.3223          0.2909          0.0429
 8375          0.1567          0.2883          0.3590          0.0395
 8376          0.1738          0.2755          0.3878          0.0350
 8377          0.1391          0.3544          0.2191          0.0437
 8378          0.0982          0.2915          0.3328          0.0514
 8379          0.2141          0.2994          0.3692          0.0225
 8380          0.1482          0.3202          0.2976          0.0416
 8381          0.1375          0.2676          0.3860          0.0441
 8382          0.0706          0.3110          0.2891          0.0551
 8383          0.1661          0.2851          0.3685          0.0371
 8384          0.1855          0.2710          0.4004          0.0316
 8385          0.1884          0.2631          0.4142          0.0308
 8386          0.1285          0.2854          0.3530          0.0460
 8387          0.1145          0.3396          0.2425          0.0487
 8388          0.1871          0.2959          0.3604          0.0311
 8389          0.1758          0.2840          0.3749          0.0344
 8390          0.1236          0.2780          0.3639          0.0470
 8391          0.1263          0.3088          0.3102          0.0464
 8392          0.2066          0.3391          0.2931          0.0250
 8393          0.1748          0.3376          0.2767          0.0347
 8394          0.0419          0.3015          0.3028          0.0576
 8395          0.0700          0.2961          0.3175          0.0552
 8396          0.1547          0.3333          0.2747          0.0400
 8397          0.1025          0.2871          0.3418          0.0508
 8398          0.0455          0.3102          0.2862          0.0574
 8399          0.0347          0.2912          0.3212          0.0581
 8400          0.1164          0.2672          0.3795          0.0483
 8401          0.1453          0.2895          0.3522          0.0423
 8402          0.1705          0.3639          0.2151          0.0359
 8403          0.1540          0.2828          0.3671          0.0402
 8404          0.1905          0.3446          0.2718          0.0301
 8405          0.1762          0.3700          0.2035          0.0343
 8406          0.0865          0.2864          0.3388          0.0532
 8407          0.0621          0.2816          0.3421          0.0560
 8408          0.1329          0.2695          0.3812          0.0451
 8409          0.0277          0.2961          0.3115          0.0584
 8410          0.1798          0.3161          0.3211          0.0333
 8411          0.1709          0.3218          0.3057          0.0358
 8412          0.1049          0.3085          0.3033          0.0504
 8413          0.0503          0.3003          0.3063          0.0570
 8414          0.1704          0.3312          0.2871          0.0359
 8415          0.1582          0.3027          0.3346          0.0392
 8416          0.1078          0.2906          0.3372          0.0499
 8417          0.0306          0.2952          0.3135          0.0583
 8418          0.0614          0.3012          0.3063          0.0561
 8419          0.0343          0.3023          0.3004          0.0581
 8420          0.1432          0.3486          0.2352          0.0428
 8421          0.1334          0.3404          0.2489          0.0449
 8422          0.1933          0.2645          0.4144          0.0293
 8423          0.1720          0.2910          0.3613          0.0355
 8424          0.1208          0.3310          0.2639          0.0475
 8425          0.1271          0.3355          0.2568          0.0463
 8426          0.1424          0.3515          0.2280          0.0430
 8427          0.1772          0.3030          0.3431          0.0340
 8428          0.0798          0.3046          0.3037          0.0540
 8429          0.1027          0.3337          0.2511          0.0507
 8430          0.0897          0.2891          0.3347          0.0527
 8431          0.1993          0.2907          0.3754          0.0274
 8432          0.1102          0.3105          0.3013          0.0495
 8433          0.1951          0.2739          0.4005          0.0287
 8434          0.0816          0.2844          0.3410          0.0538
 8435          0.0756          0.3207          0.2707          0.0545
 8436          0.1914          0.2651          0.4125          0.0298
 8437          0.0542          0.2944          0.3178          0.0567
 8438          0.1594          0.3479          0.2459          0.0389
 8439          0.2074          0.2931          0.3758          0.0247
 8440          0.1116          0.3380          0.2449          0.0492
 8441          0.1785          0.3558          0.2398          0.0337
 8442          0.1026          0.3062          0.3069          0.0507
 8443          0.0533          0.3090          0.2898          0.0568
 8444          0.1777          0.3186          0.3154          0.0339
 8445          0.1810          0.3292          0.2969          0.0329
 8446          0.2334          0.2824          0.4076          0.0156
 8447          0.1119          0.2980          0.3251          0.0492
 8448          0.1564          0.2946          0.3481          0.0396
 8449          0.1235          0.3412          0.2427          0.0470
 8450          0.1334          0.3485          0.2304          0.0450
 8451          0.1191          0.3225          0.2807          0.0478
 8452          0.1745          0.3189          0.3130          0.0348
 8453          0.1608          0.2558          0.4134          0.0385
 8454          0.0891          0.2775          0.3548          0.0528
 8455          0.0525          0.2944          0.3175          0.0569
 8456          0.0934          0.3325          0.2506          0.0522
 8457          0.0372          0.3025          0.3002          0.0579
 8458          0.0420          0.2957          0.3137          0.0576
 8459          0.1474          0.3201          0.2975          0.0418
 8460          0.1691          0.3425          0.2632          0.0363
 8461          0.1121          0.2722          0.3699          0.0491
 8462          0.1612          0.2651          0.3990          0.0384
 8463          0.2255          0.3028          0.3701          0.0185
 8464          0.2062          0.3028          0.3589          0.0251
 8465          0.1808          0.3091          0.3342          0.0330
 8466          0.1164          0.3301          0.2640          0.0483
 8467          0.1329          0.2891          0.3482          0.0451
 8468          0.2198          0.2959          0.3781          0.0205
 8469          0.2199          0.3247          0.3287          0.0205
 8470          0.1581          0.2999          0.3395          0.0392
 8471          0.1624          0.3433          0.2577          0.0381
 8472          0.0740          0.3214          0.2689          0.0547
 8473          0.0284          0.3102          0.2842          0.0584
 8474          0.1188          0.2659          0.3824          0.0479
 8475          0.0875          0.3033          0.3081          0.0530
 8476          0.2064          0.2760          0.4029          0.0251
 8477          0.1414          0.2725          0.3794          0.0432
 8478          0.2169          0.2602          0.4329          0.0215
 8479          0.0836          0.2912          0.3294          0.0535
 8480          0.2429          0.3377          0.3204          0.0121
 8481          0.0761          0.2852          0.3384          0.0545
 8482          0.2179          0.2672          0.4227          0.0212
 8483          0.0684          0.3108          0.2892          0.0554
 8484          0.1741          0.2603          0.4120          0.0349
 8485          0.0931          0.2957          0.3237          0.0522
 8486          0.1889          0.2683          0.4062          0.0306
 8487          0.1060          0.2721          0.3684          0.0502
 8488          0.1919          0.2668          0.4101          0.0297
 8489          0.2047          0.2517          0.4394          0.0256
 8490          0.1389          0.3201          0.2936          0.0438
 8491          0.1844          0.2668          0.4066          0.0319
 8492          0.1823          0.3506          0.2539          0.0326
 8493          0.1495          0.3046          0.3274          0.0413
 8494          0.1379          0.3084          0.3154          0.0440
 8495          0.0815          0.3016          0.3098          0.0538
 8496          0.2166          0.2445          0.4562          0.0216
 8497          0.1292          0.2809          0.3609          0.0458
 8498          0.2102          0.3684          0.2335          0.0238
 8499          0.1743          0.3326          0.2867          0.0349
 8500          0.0967          0.2960          0.3242          0.0517
 8501          0.1502          0.2936          0.3472          0.0411
 8502          0.1432          0.2709          0.3826          0.0428
 8503          0.1291          0.2742          0.3721          0.0459
 8504          0.0166          0.3015          0.3005          0.0588
 8505          0.1546          0.3503          0.2377          0.0401
 8506          0.1555          0.2612          0.4029          0.0398
 8507          0.1770          0.3223          0.3080          0.0341
 8508          0.1087          0.3342          0.2522          0.0497
 8509          0.1099          0.3044          0.3126          0.0495
 8510          0.1881          0.3085          0.3390          0.0309
 8511          0.0580          0.2830          0.3389          0.0564
 8512          0.1298          0.3433          0.2408          0.0457
 8513          0.1064          0.3023          0.3155          0.0501
 8514          0.0990          0.3109          0.2969          0.0513
 8515          0.0456          0.2916          0.3218          0.0574
 8516          0.1155          0.2924          0.3363          0.0485
 8517          0.1815          0.3141          0.3255          0.0328
 8518          0.1084          0.3186          0.2848          0.0498
 8519          0.2114          0.3233          0.3259          0.0234
 8520          0.1313          0.2888          0.3480          0.0454
 8521          0.0767          0.3203          0.2719          0.0544
 8522          0.0141          0.2995          0.3043          0.0589
 8523          0.1195          0.2894          0.3430          0.0478
 8524          0.1281          0.3483          0.2283          0.0461
 8525          0.1309          0.3362          0.2571          0.0455
 8526          0.1697          0.2678          0.3984          0.0361
 8527          0.0398          0.2984          0.3085          0.0578
 8528          0.1994          0.3450          0.2767          0.0273
 8529          0.1340          0.2673          0.3851          0.0448
 8530          0.1338          0.3109          0.3091          0.0449
 8531          0.1771          0.3690          0.2067          0.0341
 8532          0.0854          0.2923          0.3279          0.0533
 8533          0.2339          0.3555          0.2795          0.0155
 8534          0.1473          0.3282          0.2815          0.0418
 8535          0.2079          0.2900          0.3811          0.0246
 8536          0.1111          0.2857          0.3468          0.0493
 8537          0.1151          0.3239          0.2764          0.0486
 8538          0.0510          0.2986          0.3095          0.0570
 8539          0.1672          0.3316          0.2846          0.0368
 8540          0.0365          0.3105          0.2845          0.0580
 8541          0.1887          0.3450          0.2697          0.0307
 8542          0.1597          0.2666          0.3960          0.0388
 8543          0.1414          0.3293          0.2764          0.0432
 8544          0.1222          0.3179          0.2911          0.0472
 8545          0.0531          0.3113          0.2852          0.0568
 8546          0.0400          0.2971          0.3110          0.0578
 8547          0.2256          0.2770          0.4117          0.0185
 8548          0.1793          0.2731          0.3942          0.0334
 8549          0.2102          0.3693          0.2312          0.0238
 8550          0.0705          0.3215          0.2679          0.0551
 8551          0.0969          0.3233          0.2714          0.0516
 8552          0.2187          0.3399          0.2996          0.0209
 8553          0.1687          0.3064          0.3330          0.0364
 8554          0.0519          0.3043          0.2987          0.0569
 8555          0.0713          0.3089          0.2935          0.0550
 8556          0.2014          0.2728          0.4053          0.0267
 8557          0.1180          0.3189          0.2875          0.0480
 8558          0.1345          0.3290          0.2739          0.0447
 8559          0.1319          0.2665          0.3857          0.0453
 8560          0.1080          0.3323          0.2561          0.0498
 8561          0.1346          0.2732          0.3756          0.0447
 8562          0.1557          0.3035          0.3322          0.0398
 8563          0.2046          0.2811          0.3938          0.0257
 8564          0.1080          0.2838          0.3491          0.0498
 8565          0.0620          0.2854          0.3354          0.0560
 8566          0.1328          0.3328          0.2651          0.0451
 8567          0.1202          0.3036          0.3176          0.0476
 8568          0.0788          0.3042          0.3042          0.0542
 8569          0.1100          0.3320          0.2574          0.0495
 8570          0.1231          0.2969          0.3308          0.0471
 8571          0.1732          0.3451          0.2600          0.0352
 8572          0.1150          0.2970          0.3279          0.0486
 8573          0.1819          0.2517          0.4288          0.0327
 8574          0.1770          0.2706          0.3972          0.0341
 8575          0.0240          0.3091          0.2862          0.0586
 8576          0.1163          0.2731          0.3697          0.0484
 8577          0.0896          0.3273          0.2607          0.0527
 8578          0.0654          0.2925          0.3232          0.0557
 8579          0.1062          0.2752          0.3633          0.0502
 8580          0.0416          0.3041          0.2978          0.0577
 8581          0.2208          0.3042          0.3648          0.0202
 8582          0.0683          0.3131          0.2845          0.0554
 8583          0.1286          0.3261          0.2773          0.0460
 8584          0.1619          0.2612          0.4055          0.0382
 8585          0.1635          0.3212          0.3031          0.0378
 8586          0.0915          0.3075          0.3012          0.0524
 8587          0.2429          0.2452          0.4690          0.0121
 8588          0.1056          0.3231          0.2747          0.0502
 8589          0.1328          0.2869          0.3520          0.0451
 8590          0.2159          0.3281          0.3199          0.0219
 8591          0.1469          0.3113          0.3139          0.0419
 8592          0.0429          0.2875          0.3290          0.0576
 8593          0.1197          0.2989          0.3261          0.0477
 8594          0.0859          0.2918          0.3290          0.0532
 8595          0.0389          0.2892          0.3253          0.0578
 8596          0.1007          0.3255          0.2680          0.0511
 8597          0.1150          0.3185          0.2873          0.0486
 8598          0.1730          0.3204          0.3095          0.0352
 8599          0.2147          0.2841          0.3945          0.0223
 8600          0.0887          0.2886          0.3353          0.0529
 8601          0.2227          0.3494          0.2836          0.0195
 8602          0.1733          0.3647          0.2148          0.0352
 8603          0.1683          0.3482          0.2504          0.0365
 8604          0.1514          0.3283          0.2831          0.0408
 8605          0.1478          0.3318          0.2744          0.0417
 8606          0.2179          0.2941          0.3800          0.0212
 8607          0.1536          0.2740          0.3816          0.0403
 8608          0.1657          0.3375          0.2719          0.0372
 8609          0.2090          0.3197          0.3311          0.0242
 8610          0.0181          0.3066          0.2906          0.0588
 8611          0.1375          0.3001          0.3306          0.0441
 8612          0.0687          0.2898          0.3288          0.0553
 8613          0.0409          0.3053          0.2953          0.0577
 8614          0.1105          0.2839          0.3496          0.0494
 8615          0.0302          0.3054          0.2939          0.0583
 8616          0.0599          0.3219          0.2648          0.0562
 8617          0.2229          0.3058          0.3635          0.0194
 8618          0.1557          0.3062          0.3272          0.0398
 8619          0.0700          0.2958          0.3181          0.0552
 8620          0.2101          0.3603          0.2516          0.0238
 8621          0.1533          0.3302          0.2803          0.0404
 8622          0.1237          0.2985          0.3283          0.0469
 8623          0.0274          0.3026          0.2992          0.0584
 8624          0.1031          0.2879          0.3405          0.0507
 8625          0.0416          0.3102          0.2857          0.0577
 8626          0.1931          0.2917          0.3705          0.0293
 8627          0.0210          0.3048          0.2944          0.0587
 8628          0.1588          0.2994          0.3409          0.0390
 8629          0.0617          0.3099          0.2896          0.0560
 8630          0.2008          0.2958          0.3678          0.0269
 8631          0.1746          0.3585          0.2309          0.0348
 8632          0.0846          0.2934          0.3258          0.0534
 8633          0.0926          0.2942          0.3262          0.0523
 8634          0.0506          0.3071          0.2931          0.0570
 8635          0.0824          0.3080          0.2978          0.0537
 8636          0.0221          0.3009          0.3019          0.0586
 8637          0.1963          0.3356          0.2934          0.0283
 8638          0.1580          0.3252          0.2926          0.0392
 8639          0.0728          0.3236          0.2638          0.0549
 8640          0.1266          0.2930          0.3390          0.0464
 8641          0.0606          0.2902          0.3266          0.0561
 8642          0.2055          0.3709          0.2238          0.0254
 8643          0.1751          0.3487          0.2534          0.0346
 8644          0.1553          0.3397          0.2614          0.0399
 8645          0.1474          0.2613          0.3996          0.0418
 8646          0.1845          0.3053          0.3429          0.0319
 8647          0.0921          0.2976          0.3200          0.0524
 8648          0.1719          0.3419          0.2662          0.0355
 8649          0.0259          0.2990          0.3059          0.0585
 8650          0.1424          0.3008          0.3311          0.0430
 8651          0.1874          0.2739          0.3968          0.0311
 8652          0.2222          0.3712          0.2365          0.0197
 8653          0.2054          0.2779          0.3993          0.0254
 8654          0.1113          0.2899          0.3394          0.0493
 8655          0.1750          0.3545          0.2405          0.0347
 8656          0.0346          0.3018          0.3013          0.0581
 8657          0.0856          0.3317          0.2498          0.0533
 8658          0.1606          0.3513          0.2388          0.0385
 8659          0.2020          0.3128          0.3393          0.0265
 8660          0.1060          0.3101          0.3007          0.0502
 8661          0.0138          0.2992          0.3048          0.0589
 8662          0.2202          0.2582          0.4375          0.0204
 8663          0.1750          0.2558          0.4194          0.0347
 8664          0.1898          0.3134          0.3313          0.0303
 8665          0.1844          0.3151          0.3253          0.0320
 8666          0.1159          0.3359          0.2512          0.0484
 8667          0.1695          0.2845          0.3710          0.0362
 8668          0.2133          0.3196          0.3338          0.0228
 8669          0.1525          0.3118          0.3155          0.0406
 8670          0.1608          0.3205          0.3030          0.0385
 8671          0.0594          0.2928          0.3217          0.0563
 8672          0.1915          0.3152          0.3290          0.0298
 8673          0.1590          0.2969          0.3452          0.0389
 8674          0.0306          0.3006          0.3033          0.0583
 8675          0.1855          0.3529          0.2508          0.0316
 8676          0.1339          0.2981          0.3328          0.0448
 8677          0.2382          0.3656          0.2617          0.0139
 8678          0.0663          0.3098          0.2907          0.0556
 8679          0.1997          0.3021          0.3565          0.0272
 8680          0.1691          0.2615          0.4081          0.0363
 8681          0.0313          0.3058          0.2932          0.0582
 8682          0.2000          0.2806          0.3923          0.0271
 8683          0.0806          0.2770          0.3538          0.0539
 8684          0.0276          0.3104          0.2838          0.0584
 8685          0.2020          0.3718          0.2186          0.0265
 8686          0.0521          0.2995          0.3080          0.0569
 8687          0.0624          0.3002          0.3084          0.0560
 8688          0.0640          0.2998          0.3095          0.0558
 8689          0.1360          0.2860          0.3548          0.0444
 8690          0.1923          0.3557          0.2492          0.0296
 8691          0.0647          0.3151          0.2797          0.0557
 8692          0.1764          0.3611          0.2260          0.0343
 8693          0.0757          0.3222          0.2675          0.0545
 8694          0.1046          0.3242          0.2721          0.0504
 8695          0.1418          0.3499          0.2316          0.0431
 8696          0.0485          0.3015          0.3037          0.0572
 8697          0.1172          0.2912          0.3391          0.0482
 8698          0.1480          0.3369          0.2637          0.0417
 8699          0.1541          0.3423          0.2553          0.0402
 8700          0.2390          0.3111          0.3644          0.0136
 8701          0.2235          0.2870          0.3948          0.0192
 8702          0.0359          0.3129          0.2796          0.0580
 8703          0.1169          0.3424          0.2369          0.0483
 8704          0.0692          0.3104          0.2901          0.0553
 8705          0.0713          0.3192          0.2728          0.0550
 8706          0.1195          0.3223          0.2814          0.0478
 8707          0.0392          0.3137          0.2785          0.0578
 8708          0.0866          0.3006          0.3129          0.0531
 8709          0.2084          0.2768          0.4027          0.0244
 8710          0.0319          0.2928          0.3181          0.0582
 8711          0.0871          0.2826          0.3455          0.0531
 8712          0.1283          0.3014          0.3246          0.0460
 8713          0.2026          0.3055          0.3523          0.0263
 8714          0.2163          0.3629          0.2506          0.0217
 8715          0.1605          0.3089          0.3245          0.0386
 8716          0.1826          0.3025          0.3467          0.0325
 8717          0.0677          0.3190          0.2725          0.0554
 8718          0.1697          0.3566          0.2322          0.0361
 8719          0.0456          0.3015          0.3033          0.0574
 8720          0.1266          0.3302          0.2680          0.0464
 8721          0.0752          0.3155          0.2813          0.0546
 8722          0.0314          0.3009          0.3029          0.0582
 8723          0.0800          0.2814          0.3460          0.0540
 8724          0.0245          0.3000          0.3038          0.0585
 8725          0.1152          0.3389          0.2443          0.0486
 8726          0.1413          0.2714          0.3811          0.0432
 8727          0.0338          0.2982          0.3082          0.0581
 8728          0.2079          0.2770          0.4021          0.0246
 8729          0.1685          0.2941          0.3544          0.0365
 8730          0.1090          0.3150          0.2921          0.0497
 8731          0.1942          0.3514          0.2597          0.0290
 8732          0.0969          0.3163          0.2855          0.0516
 8733          0.1319          0.2944          0.3385          0.0453
 8734          0.0534          0.3161          0.2756          0.0568
 8735          0.1290          0.3082          0.3123          0.0459
 8736          0.0857          0.3137          0.2875          0.0533
 8737          0.0998          0.2800          0.3533          0.0512
 8738          0.1628          0.3459          0.2522          0.0380
 8739          0.0506          0.3092          0.2891          0.0570
 8740          0.1255          0.2653          0.3855          0.0466
 8741          0.1178          0.2963          0.3300          0.0481
 8742          0.2199          0.3126          0.3501          0.0205
 8743          0.1274          0.3038          0.3198          0.0462
 8744          0.1022          0.3392          0.2384          0.0508
 8745          0.1939          0.3399          0.2835          0.0291
 8746          0.0909          0.3215          0.2732          0.0525
 8747          0.1368          0.3188          0.2953          0.0442
 8748          0.0906          0.3126          0.2911          0.0526
 8749          0.0899          0.2788          0.3529          0.0527
 8750          0.1016          0.2715          0.3682          0.0509
 8751          0.1438          0.3499          0.2325          0.0426
 8752          0.0564          0.3134          0.2816          0.0565
 8753          0.1481          0.3496          0.2357          0.0416
 8754          0.0867          0.3228          0.2692          0.0531
 8755          0.1125          0.3022          0.3176          0.0491
 8756          0.0627          0.3009          0.3070          0.0559
 8757          0.0997          0.3027          0.3128          0.0512
 8758          0.0602          0.2932          0.3210          0.0562
 8759          0.1350          0.3155          0.3010          0.0446
 8760          0.1126          0.2934          0.3336          0.0490
 8761          0.1111          0.3273          0.2678          0.0493
 8762          0.1213          0.2777          0.3636          0.0474
 8763          0.0931          0.3125          0.2919          0.0522
 8764          0.0567          0.2888          0.3285          0.0565
 8765          0.0496          0.3081          0.2910          0.0571
 8766          0.2177          0.2758          0.4092          0.0213
 8767          0.1193          0.3170          0.2918          0.0478
 8768          0.0570          0.2890          0.3281          0.0565
 8769          0.0958          0.3083          0.3010          0.0518
 8770          0.1683          0.3041          0.3369          0.0365
 8771          0.1462          0.3348          0.2673          0.0421
 8772          0.1536          0.3267          0.2874          0.0403
 8773          0.1112          0.3362          0.2486          0.0493
 8774          0.1381          0.3121          0.3087          0.0439
 8775          0.1399          0.2686          0.3852          0.0435
 8776          0.0476          0.2901          0.3248          0.0572
 8777          0.1196          0.3171          0.2918          0.0477
 8778          0.1128          0.2908          0.3383          0.0490
 8779          0.0554          0.3082          0.2918          0.0566
 8780          0.1952          0.2851          0.3825          0.0287
 8781          0.2340          0.2525          0.4535          0.0154
 8782          0.1799          0.2645          0.4081          0.0333
 8783          0.2239          0.3576          0.2677          0.0191
 8784          0.0670          0.2926          0.3234          0.0555
 8785          0.1970          0.2669          0.4124          0.0281
 8786          0.1773          0.3498          0.2525          0.0340
 8787          0.1414          0.3480          0.2357          0.0432
 8788          0.0526          0.2960          0.3147          0.0569
 8789          0.1088          0.2729          0.3679          0.0497
 8790          0.0115          0.3049          0.2937          0.0589
 8791          0.1028          0.3201          0.2798          0.0507
 8792          0.1329          0.2935          0.3405          0.0451
 8793          0.1497          0.2893          0.3544          0.0413
 8794          0.2148          0.3105          0.3507          0.0222
 8795          0.1371          0.2845          0.3577          0.0441
 8796          0.0980          0.3290          0.2597          0.0515
 8797          0.2032          0.3331          0.3027          0.0261
 8798          0.2080          0.3853          0.1884          0.0245
 8799          0.1484          0.2865          0.3587          0.0416
 8800          0.1345          0.3497          0.2282          0.0447
 8801          0.2134          0.2674          0.4200          0.0227
 8802          0.1855          0.3017          0.3496          0.0316
 8803          0.1217          0.3125          0.3014          0.0473
 8804          0.1195          0.3419          0.2392          0.0478
 8805          0.2016          0.3216          0.3232          0.0266
 8806          0.1831          0.3714          0.2049          0.0323
 8807          0.1548          0.3124          0.3155          0.0400
 8808          0.1719          0.3133          0.3221          0.0355
 8809          0.0233          0.3043          0.2956          0.0586
 8810          0.1183          0.3221          0.2812          0.0480
 8811          0.0484          0.3166          0.2736          0.0572
 8812          0.2191          0.3879          0.1918          0.0208
 8813          0.2272          0.3791          0.2219          0.0179
 8814          0.1531          0.3228          0.2949          0.0404
 8815          0.1708          0.2835          0.3733          0.0358
 8816          0.1030          0.3113          0.2972          0.0507
 8817          0.0922          0.2921          0.3301          0.0523
 8818          0.0910          0.3024          0.3108          0.0525
 8819          0.2053          0.3752          0.2130          0.0254
 8820          0.0945          0.3319          0.2522          0.0520
 8821          0.0826          0.3095          0.2950          0.0537
 8822          0.1694          0.3476          0.2523          0.0362
 8823          0.1418          0.3292          0.2768          0.0431
 8824          0.0529          0.3023          0.3029          0.0568
 8825          0.2139          0.2621          0.4284          0.0225
 8826          0.2132          0.3448          0.2862          0.0228
 8827          0.1304          0.3058          0.3174          0.0456
 8828          0.1162          0.3060          0.3118          0.0484
 8829          0.1336          0.2973          0.3340          0.0449
 8830          0.0795          0.3118          0.2897          0.0541
 8831          0.1033          0.3099          0.3000          0.0506
 8832          0.1798          0.3195          0.3148          0.0333
 8833          0.0824          0.3060          0.3017          0.0537
 8834          0.0710          0.2867          0.3348          0.0551
 8835          0.1038          0.2863          0.3436          0.0506
 8836          0.2040          0.3238          0.3204          0.0259
 8837          0.0525          0.2979          0.3111          0.0569
 8838          0.2239          0.2499          0.4520          0.0191
 8839          0.1493          0.2613          0.4004          0.0414
 8840          0.2038          0.3739          0.2150          0.0259
 8841          0.0576          0.3167          0.2750          0.0564
 8842          0.0597          0.3210          0.2666          0.0562
 8843          0.1006          0.3250          0.2689          0.0511
 8844          0.1305          0.2844          0.3555          0.0456
 8845          0.0361          0.3023          0.3006          0.0580
 8846          0.0816          0.2754          0.3567          0.0538
 8847          0.0537          0.3149          0.2781          0.0568
 8848          0.1000          0.3279          0.2627          0.0512
 8849          0.0806          0.2843          0.3410          0.0539
 8850          0.0896          0.3026          0.3100          0.0527
 8851          0.1556          0.3423          0.2562          0.0398
 8852          0.1173          0.2764          0.3645          0.0482
 8853          0.0745          0.3097          0.2927          0.0547
 8854          0.1620          0.3273          0.2905          0.0382
 8855          0.1115          0.3378          0.2452          0.0492
 8856          0.1879          0.2897          0.3712          0.0309
 8857          0.0386          0.2991          0.3068          0.0579
 8858          0.0452          0.3109          0.2848          0.0574
 8859          0.1894          0.2829          0.3831          0.0305
 8860          0.1191          0.3113          0.3029          0.0478
 8861          0.1231          0.2877          0.3472          0.0471
 8862          0.0505          0.3059          0.2955          0.0570
 8863          0.1425          0.3413          0.2514          0.0429
 8864          0.1359          0.2931          0.3424          0.0444
 8865          0.0451          0.2996          0.3069          0.0574
 8866          0.0350          0.3100          0.2853          0.0581
 8867          0.0499          0.2878          0.3292          0.0571
 8868          0.0966          0.3349          0.2461          0.0517
 8869          0.1284          0.2626          0.3909          0.0460
 8870          0.0547          0.3059          0.2962          0.0567
 8871          0.1771          0.3180          0.3161          0.0341
 8872          0.0862          0.3199          0.2751          0.0532
 8873          0.0643          0.3205          0.2684          0.0558
 8874          0.1601          0.3190          0.3056          0.0387
 8875          0.1505          0.3342          0.2706          0.0411
 8876          0.1701          0.3667          0.2076          0.0360
 8877          0.0588          0.2915          0.3240          0.0563
 8878          0.0955          0.3091          0.2992          0.0519
 8879          0.0688          0.2954          0.3186          0.0553
 8880          0.0881          0.2975          0.3192          0.0529
 8881          0.1580          0.3474          0.2462          0.0392
 8882          0.1199          0.3311          0.2634          0.0477
 8883          0.2350          0.3463          0.2986          0.0151
 8884          0.1109          0.3345          0.2523          0.0493
 8885          0.2076          0.2871          0.3857          0.0247
 8886          0.1488          0.2778          0.3734          0.0415
 8887          0.0569          0.3184          0.2714          0.0565
 8888          0.1680          0.3314          0.2855          0.0366
 8889          0.1627          0.2818          0.3726          0.0380
 8890          0.0785          0.2973          0.3171          0.0542
 8891          0.1406          0.3507          0.2290          0.0434
 8892          0.1701          0.3174          0.3136          0.0360
 8893          0.1848          0.2558          0.4238          0.0318
 8894          0.1715          0.2694          0.3966          0.0356
 8895          0.1631          0.3110          0.3219          0.0379
 8896          0.1662          0.2753          0.3848          0.0371
 8897          0.0769          0.2853          0.3385          0.0544
 8898          0.1979          0.3223          0.3197          0.0278
 8899          0.0727          0.2941          0.3218          0.0549
 8900          0.1611          0.3614          0.2151          0.0384
 8901          0.0947          0.3133          0.2909          0.0520
 8902          0.1607          0.3415          0.2605          0.0385
 8903          0.1792          0.3095          0.3327          0.0335
 8904          0.1688          0.3071          0.3317          0.0364
 8905          0.0938          0.2844          0.3441          0.0521
 8906          0.0199          0.2991          0.3054          0.0587
 8907          0.2170          0.3341          0.3095          0.0215
 8908          0.0637          0.3170          0.2758          0.0558
 8909          0.0516          0.3116          0.2845          0.0569
 8910          0.1215          0.2673          0.3811          0.0474
 8911          0.0595          0.2966          0.3146          0.0562
 8912          0.0574          0.2981          0.3114          0.0564
 8913          0.0968          0.3334          0.2497          0.0517
 8914          0.0627          0.3124          0.2848          0.0559
 8915          0.1733          0.2833          0.3748          0.0351
 8916          0.1058          0.2992          0.3210          0.0502
 8917          0.0665          0.2934          0.3218          0.0556
 8918          0.1095          0.2804          0.3554          0.0496
 8919          0.1321          0.2717          0.3772          0.0452
 8920          0.0162          0.2958          0.3114          0.0588
 8921          0.1518          0.3097          0.3190          0.0407
 8922          0.1070          0.3135          0.2944          0.0500
 8923          0.1330          0.3367          0.2569          0.0450
 8924          0.2162          0.3343          0.3087          0.0218
 8925          0.0815          0.3224          0.2687          0.0538
 8926          0.0943          0.3334          0.2489          0.0520
 8927          0.1956          0.3435          0.2772          0.0286
 8928          0.1421          0.3344          0.2660          0.0430
 8929          0.1719          0.3267          0.2969          0.0355
 8930          0.1403          0.3490          0.2328          0.0434
 8931          0.1009          0.2732          0.3651          0.0510
 8932          0.1533          0.2623          0.4003          0.0404
 8933          0.1542          0.3001          0.3376          0.0402
 8934          0.0749          0.2858          0.3372          0.0546
 8935          0.1558          0.2882          0.3589          0.0398
 8936          0.0610          0.3140          0.2812          0.0561
 8937          0.1140          0.3208          0.2823          0.0488
 8938          0.1494          0.3013          0.3332          0.0413
 8939          0.0126          0.3044          0.2948          0.0589
 8940          0.1775          0.2815          0.3797          0.0340
 8941          0.1608          0.3302          0.2841          0.0385
 8942          0.1191          0.2734          0.3701          0.0478
 8943          0.0422          0.2926          0.3196          0.0576
 8944          0.0553          0.3187          0.2706          0.0566
 8945          0.1887          0.3147          0.3283          0.0307
 8946          0.1174          0.2800          0.3585          0.0482
 8947          0.2092          0.2702          0.4135          0.0241
 8948          0.1404          0.2603          0.3986          0.0434
 8949          0.0755          0.2826          0.3430          0.0546
 8950          0.1888          0.3348          0.2906          0.0306
 8951          0.0791          0.2948          0.3218          0.0541
 8952          0.1516          0.3360          0.2675          0.0408
 8953          0.1519          0.3382          0.2629          0.0407
 8954          0.1469          0.3101          0.3162          0.0419
 8955          0.0104          0.3011          0.3011          0.0589
 8956          0.2031          0.2904          0.3779          0.0262
 8957          0.0545          0.2930          0.3205          0.0567
 8958          0.1694          0.3618          0.2196          0.0362
 8959          0.2155          0.3238          0.3276          0.0220
 8960          0.1686          0.2818          0.3752          0.0364
 8961          0.1247          0.2669          0.3827          0.0468
 8962          0.1322          0.3466          0.2344          0.0452
 8963          0.0770          0.3276          0.2564          0.0544
 8964          0.1022          0.2828          0.3492          0.0508
 8965          0.2081          0.3811          0.2000          0.0245
 8966          0.2229          0.3210          0.3372          0.0194
 8967          0.1568          0.3428          0.2556          0.0395
 8968          0.1568          0.3453          0.2501          0.0395
 8969          0.1042          0.3237          0.2728          0.0505
 8970          0.1048          0.3000          0.3193          0.0504
 8971          0.1517          0.3372          0.2649          0.0408
 8972          0.1304          0.3245          0.2813          0.0456
 8973          0.1062          0.3330          0.2539          0.0502
 8974          0.0795          0.2910          0.3290          0.0541
 8975          0.1024          0.3316          0.2555          0.0508
 8976          0.1176          0.3159          0.2932          0.0481
 8977          0.0703          0.2817          0.3435          0.0552
 8978          0.1467          0.3194          0.2984          0.0420
 8979          0.0991          0.3180          0.2828          0.0513
 8980          0.2205          0.2452          0.4571          0.0203
 8981          0.1415          0.3350          0.2644          0.0432
 8982          0.1375          0.2844          0.3580          0.0441
 8983          0.0498          0.2858          0.3329          0.0571
 8984          0.1408          0.3013          0.3298          0.0433
 8985          0.1482          0.3193          0.2994          0.0416
 8986          0.0709          0.3187          0.2737          0.0551
 8987          0.0610          0.2993          0.3098          0.0561
 8988          0.1113          0.3434          0.2323          0.0493
 8989          0.2037          0.2996          0.3629          0.0260
 8990          0.1798          0.2987          0.3518          0.0333
 8991          0.1328          0.3278          0.2756          0.0451
 8992          0.2043          0.3112          0.3433          0.0257
 8993          0.2172          0.3881          0.1893          0.0214
 8994          0.1479          0.3048          0.3263          0.0417
 8995          0.0197          0.3052          0.2936          0.0587
 8996          0.0360          0.2924          0.3192          0.0580
 8997          0.1499          0.3156          0.3071          0.0412
 8998          0.1534          0.3523          0.2324          0.0404
 8999          0.0585          0.3095          0.2898          0.0563
 9000          0.2173          0.2933          0.3809          0.0214
 9001          0.2146          0.2907          0.3837          0.0223
 9002          0.1967          0.2932          0.3698          0.0282
 9003          0.1935          0.2564          0.4270          0.0292
 9004          0.1739          0.3317          0.2881          0.0350
 9005          0.1426          0.3090          0.3164          0.0429
 9006          0.0607          0.2941          0.3194          0.0561
 9007          0.0744          0.2823          0.3433          0.0547
 9008          0.1292          0.2780          0.3658          0.0458
 9009          0.1395          0.3195          0.2951          0.0436
 9010          0.0951          0.3199          0.2778          0.0519
 9011          0.0909          0.2902          0.3331          0.0525
 9012          0.1505          0.2613          0.4008          0.0411
 9013          0.1302          0.2778          0.3664          0.0456
 9014          0.2077          0.3498          0.2723          0.0246
 9015          0.1182          0.2748          0.3675          0.0480
 9016          0.1062          0.2940          0.3306          0.0501
 9017          0.0261          0.3016          0.3010          0.0585
 9018          0.0453          0.3139          0.2787          0.0574
 9019          0.0589          0.3090          0.2909          0.0563
 9020          0.1692          0.3416          0.2651          0.0363
 9021          0.1779          0.2526          0.4257          0.0339
 9022          0.1121          0.3224          0.2784          0.0491
 9023          0.1483          0.2682          0.3889          0.0416
 9024          0.1814          0.3569          0.2391          0.0328
 9025          0.1372          0.2970          0.3360          0.0441
 9026          0.2107          0.2810          0.3972          0.0236
 9027          0.2076          0.3606          0.2492          0.0247
 9028          0.0311          0.3091          0.2868          0.0583
 9029          0.1290          0.2796          0.3630          0.0459
 9030          0.0592          0.2836          0.3381          0.0563
 9031          0.0679          0.2995          0.3108          0.0554
 9032          0.1266          0.3457          0.2336          0.0464
 9033          0.1176          0.3213          0.2827          0.0481
 9034          0.0647          0.3207          0.2681          0.0557
 9035          0.0884          0.2783          0.3533          0.0529
 9036          0.1598          0.2727          0.3863          0.0388
 9037          0.0683          0.3255          0.2587          0.0554
 9038          0.1822          0.2963          0.3573          0.0326
 9039          0.1045          0.2760          0.3615          0.0504
 9040          0.0621          0.2860          0.3344          0.0560
 9041          0.0868          0.3241          0.2665          0.0531
 9042          0.1454          0.3406          0.2544          0.0423
 9043          0.1591          0.3007          0.3386          0.0389
 9044          0.1199          0.3314          0.2627          0.0477
 9045          0.0937          0.3311          0.2536          0.0521
 9046          0.0712          0.2800          0.3467          0.0550
 9047          0.1909          0.2564          0.4258          0.0300
 9048          0.1047          0.3358          0.2471          0.0504
 9049          0.2110          0.2793          0.4000          0.0235
 9050          0.2160          0.3097          0.3528          0.0218
 9051          0.1253          0.3010          0.3243          0.0466
 9052          0.0399          0.2923          0.3198          0.0578
 9053          0.1933          0.3079          0.3429          0.0293
 9054          0.1075          0.3252          0.2710          0.0499
 9055          0.1617          0.2935          0.3523          0.0383
 9056          0.1915          0.3208          0.3188          0.0298
 9057          0.1160          0.2891          0.3423          0.0484
 9058          0.2325          0.2642          0.4351          0.0160
 9059          0.0933          0.3328          0.2497          0.0522
 9060          0.0782          0.3004          0.3113          0.0542
 9061          0.1144          0.3182          0.2877          0.0487
 9062          0.1835          0.2558          0.4232          0.0322
 9063          0.0600          0.2840          0.3376          0.0562
 9064          0.1346          0.2908          0.3458          0.0447
 9065          0.1045          0.2840          0.3477          0.0504
 9066          0.1767          0.2878          0.3689          0.0342
 9067          0.1109          0.3133          0.2959          0.0493
 9068          0.0333          0.3061          0.2930          0.0581
 9069          0.1768          0.2959          0.3552          0.0342
 9070          0.1723          0.2715          0.3935          0.0354
 9071          0.2406          0.3414          0.3118          0.0130
 9072          0.2316          0.2571          0.4453          0.0163
 9073          0.1419          0.2754          0.3747          0.0431
 9074          0.1349          0.3369          0.2573          0.0446
 9075          0.1028          0.3310          0.2570          0.0507
 9076          0.1964          0.3807          0.1910          0.0283
 9077          0.1468          0.2695          0.3862          0.0420
 9078          0.0868          0.3199          0.2754          0.0531
 9079          0.0384          0.3011          0.3031          0.0579
 9080          0.0083          0.2987          0.3056          0.0590
 9081          0.0679          0.3018          0.3065          0.0554
 9082          0.1047          0.3298          0.2603          0.0504
 9083          0.1791          0.2611          0.4130          0.0335
 9084          0.0525          0.3142          0.2792          0.0569
 9085          0.0217          0.3012          0.3014          0.0586
 9086          0.0698          0.2843          0.3388          0.0552
 9087          0.1470          0.3414          0.2535          0.0419
 9088          0.0834          0.2781          0.3525          0.0536
 9089          0.0967          0.2783          0.3554          0.0517
 9090          0.1243          0.3139          0.2997          0.0468
 9091          0.1857          0.3658          0.2209          0.0316
 9092          0.1792          0.2867          0.3719          0.0335
 9093          0.1135          0.2970          0.3275          0.0489
 9094          0.1027          0.2920          0.3331          0.0507
 9095          0.0971          0.3099          0.2981          0.0516
 9096          0.1128          0.3073          0.3082          0.0490
 9097          0.1005          0.3312          0.2557          0.0511
 9098          0.1458          0.2793          0.3698          0.0422
 9099          0.1176          0.2794          0.3595          0.0481
 9100          0.1670          0.2712          0.3917          0.0369
 9101          0.1472          0.2983          0.3377          0.0419
 9102          0.0726          0.3168          0.2780          0.0549
 9103          0.1765          0.2958          0.3552          0.0342
 9104          0.1237          0.3285          0.2704          0.0469
 9105          0.2029          0.2459          0.4473          0.0262
 9106          0.1639          0.3661          0.2049          0.0377
 9107          0.1705          0.2796          0.3797          0.0359
 9108          0.0512          0.3175          0.2723          0.0570
 9109          0.1018          0.3123          0.2950          0.0509
 9110          0.1372          0.2683          0.3846          0.0441
 9111          0.1110          0.3390          0.2424          0.0493
 9112          0.1185          0.2781          0.3621          0.0480
 9113          0.1137          0.3325          0.2579          0.0488
 9114          0.1674          0.3193          0.3087          0.0367
 9115          0.2053          0.2760          0.4023          0.0254
 9116          0.1845          0.3319          0.2938          0.0319
 9117          0.2079          0.3877          0.1816          0.0246
 9118          0.0670          0.3009          0.3081          0.0555
 9119          0.2195          0.3391          0.3016          0.0206
 9120          0.1647          0.3343          0.2778          0.0375
 9121          0.1206          0.3345          0.2562          0.0476
 9122          0.1364          0.2877          0.3519          0.0443
 9123          0.1030          0.2820          0.3507          0.0507
 9124          0.0676          0.3123          0.2860          0.0554
 9125          0.1541          0.2691          0.3897          0.0402
 9126          0.2099          0.2837          0.3924          0.0239
 9127          0.1589          0.3108          0.3203          0.0390
 9128          0.2013          0.2804          0.3932          0.0267
 9129          0.0876          0.2870          0.3380          0.0530
 9130          0.0764          0.3124          0.2878          0.0544
 9131          0.0759          0.2853          0.3382          0.0545
 9132          0.1851          0.3286          0.3005          0.0318
 9133          0.0502          0.3187          0.2696          0.0570
 9134          0.0772          0.3182          0.2763          0.0544
 9135          0.1624          0.3488          0.2456          0.0381
 9136          0.2189          0.3478          0.2843          0.0208
 9137          0.1012          0.3115          0.2963          0.0510
 9138          0.1436          0.3127          0.3098          0.0427
 9139          0.1742          0.3285          0.2946          0.0349
 9140          0.0673          0.2885          0.3308          0.0555
 9141          0.1012          0.3044          0.3100          0.0510
 9142          0.1883          0.3617          0.2328          0.0308
 9143          0.1170          0.3248          0.2754          0.0482
 9144          0.2308          0.3900          0.1973          0.0166
 9145          0.1216          0.2710          0.3750          0.0474
 9146          0.1933          0.2999          0.3568          0.0292
 9147          0.1518          0.3335          0.2729          0.0407
 9148          0.0363          0.3032          0.2988          0.0580
 9149          0.1470          0.2759          0.3759          0.0419
 9150          0.1946          0.3337          0.2963          0.0289
 9151          0.1068          0.3112          0.2988          0.0501
 9152          0.0481          0.2854          0.3333          0.0572
 9153          0.1835          0.3493          0.2575          0.0322
 9154          0.0562          0.3012          0.3055          0.0565
 9155          0.1109          0.3258          0.2709          0.0493
 9156          0.1128          0.3249          0.2736          0.0490
 9157          0.0613          0.3089          0.2915          0.0561
 9158          0.1990          0.2992          0.3610          0.0275
 9159          0.1345          0.2736          0.3750          0.0447
 9160          0.1673          0.2876          0.3648          0.0368
 9161          0.0676          0.2883          0.3312          0.0554
 9162          0.1173          0.2953          0.3318          0.0482
 9163          0.1645          0.3263          0.2938          0.0375
 9164          0.0830          0.2897          0.3319          0.0536
 9165          0.2106          0.3289          0.3152          0.0237
 9166          0.0711          0.2920          0.3253          0.0551
 9167          0.0929          0.3227          0.2714          0.0522
 9168          0.1213          0.3268          0.2729          0.0474
 9169          0.2283          0.2794          0.4094          0.0175
 9170          0.0827          0.3270          0.2592          0.0537
 9171          0.0433          0.2955          0.3142          0.0575
 9172          0.1497          0.3516          0.2319          0.0412
 9173          0.0956          0.3344          0.2471          0.0518
 9174          0.1473          0.3330          0.2716          0.0418
 9175          0.0997          0.3147          0.2896          0.0512
 9176          0.2120          0.3650          0.2425          0.0232
 9177          0.2047          0.3460          0.2781          0.0256
 9178          0.0545          0.3160          0.2760          0.0567
 9179          0.1769          0.3699          0.2041          0.0341
 9180          0.2184          0.3633          0.2513          0.0210
 9181          0.0958          0.3229          0.2718          0.0518
 9182          0.1928          0.2747          0.3980          0.0294
 9183          0.0782          0.3049          0.3028          0.0542
 9184          0.0882          0.3129          0.2897          0.0529
 9185          0.0177          0.3018          0.3000          0.0588
 9186          0.1648          0.2724          0.3889          0.0374
 9187          0.1362          0.2935          0.3418          0.0443
 9188          0.1273          0.2942          0.3371          0.0462
 9189          0.0624          0.2824          0.3408          0.0560
 9190          0.0893          0.2848          0.3422          0.0528
 9191          0.0458          0.2896          0.3254          0.0574
 9192          0.1441          0.2930          0.3457          0.0426
 9193          0.0794          0.3063          0.3005          0.0541
 9194          0.2247          0.2762          0.4125          0.0188
 9195          0.0624          0.3175          0.2744          0.0560
 9196          0.1099          0.2691          0.3745          0.0495
 9197          0.0430          0.2986          0.3084          0.0576
 9198          0.1450          0.2753          0.3760          0.0424
 9199          0.1771          0.2978          0.3520          0.0341
 9200          0.0865          0.2801          0.3497          0.0531
 9201          0.1354          0.3093          0.3129          0.0445
 9202          0.1574          0.3473          0.2460          0.0394
 9203          0.1932          0.3323          0.2981          0.0293
 9204          0.1895          0.2482          0.4376          0.0304
 9205          0.0603          0.3001          0.3083          0.0562
 9206          0.2126          0.2791          0.4013          0.0230
 9207          0.0712          0.3126          0.2862          0.0551
 9208          0.0646          0.3098          0.2903          0.0558
 9209          0.1369          0.2818          0.3622          0.0442
 9210          0.1338          0.2686          0.3829          0.0449
 9211          0.1681          0.3129          0.3209          0.0366
 9212          0.1057          0.2980          0.3232          0.0502
 9213          0.0895          0.3022          0.3107          0.0527
 9214          0.1661          0.3520          0.2405          0.0371
 9215          0.0749          0.2981          0.3148          0.0546
 9216          0.2061          0.3286          0.3129          0.0252
 9217          0.0838          0.2826          0.3447          0.0535
 9218          0.1688          0.3101          0.3264          0.0364
 9219          0.1359          0.3058          0.3196          0.0444
 9220          0.1310          0.3479          0.2306          0.0455
 9221          0.0905          0.3197          0.2767          0.0526
 9222          0.1764          0.3422          0.2681          0.0343
 9223          0.1777          0.2579          0.4174          0.0339
 9224          0.0977          0.3000          0.3171          0.0515
 9225          0.1768          0.3677          0.2097          0.0341
 9226          0.0797          0.3122          0.2889          0.0540
 9227          0.1622          0.2703          0.3912          0.0381
 9228          0.1218          0.2701          0.3764          0.0473
 9229          0.2170          0.3254          0.3256          0.0215
 9230          0.0499          0.2855          0.3333          0.0571
 9231          0.1913          0.3438          0.2740          0.0299
 9232          0.1093          0.2895          0.3395          0.0496
 9233          0.1189          0.3320          0.2609          0.0479
 9234          0.1204          0.3040          0.3169          0.0476
 9235          0.0520          0.3034          0.3005          0.0569
 9236          0.1251          0.3058          0.3153          0.0467
 9237          0.2008          0.3157          0.3333          0.0269
 9238          0.1764          0.2747          0.3902          0.0343
 9239          0.0256          0.3056          0.2932          0.0585
 9240          0.0344          0.2937          0.3166          0.0581
 9241          0.2104          0.3730          0.2226          0.0237
 9242          0.0818          0.3043          0.3048          0.0538
 9243          0.1297          0.3440          0.2392          0.0457
 9244          0.1227          0.3334          0.2594          0.0471
 9245          0.2303          0.2697          0.4256          0.0168
 9246          0.2071          0.3172          0.3343          0.0248
 9247          0.0733          0.3145          0.2829          0.0548
 9248          0.1103          0.3270          0.2681          0.0494
 9249          0.0851          0.2982          0.3171          0.0533
 9250          0.0383          0.2951          0.3144          0.0579
 9251          0.2157          0.2833          0.3962          0.0219
 9252          0.0694          0.3158          0.2793          0.0552
 9253          0.1005          0.3042          0.3101          0.0511
 9254          0.1246          0.3380          0.2504          0.0468
 9255          0.1252          0.3191          0.2899          0.0466
 9256          0.1524          0.3477          0.2423          0.0406
 9257          0.1179          0.3193          0.2868          0.0481
 9258          0.0730          0.3241          0.2630          0.0548
 9259          0.0800          0.2936          0.3243          0.0540
 9260          0.1594          0.2675          0.3944          0.0388
 9261          0.1315          0.3346          0.2607          0.0454
 9262          0.0808          0.3194          0.2747          0.0539
 9263          0.1298          0.3208          0.2884          0.0457
 9264          0.0173          0.3060          0.2919          0.0588
 9265          0.0725          0.2991          0.3124          0.0549
 9266          0.0864          0.3121          0.2909          0.0532
 9267          0.1368          0.2736          0.3758          0.0442
 9268          0.0506          0.2867          0.3313          0.0570
 9269          0.0935          0.2747          0.3607          0.0522
 9270          0.0520          0.2873          0.3304          0.0569
 9271          0.0702          0.3047          0.3014          0.0552
 9272          0.2332          0.3606          0.2684          0.0157
 9273          0.1344          0.3387          0.2533          0.0447
 9274          0.1288          0.3130          0.3033          0.0459
 9275          0.1230          0.2674          0.3812          0.0471
 9276          0.1652          0.3624          0.2151          0.0373
 9277          0.1373          0.2817          0.3624          0.0441
 9278          0.1973          0.3195          0.3246          0.0280
 9279          0.0687          0.3228          0.2647          0.0553
 9280          0.1108          0.3014          0.3186          0.0494
 9281          0.0889          0.3055          0.3044          0.0528
 9282          0.0677          0.3086          0.2933          0.0554
 9283          0.1831          0.3754          0.1944          0.0323
 9284          0.2067          0.3829          0.1939          0.0250
 9285          0.0645          0.3058          0.2981          0.0558
 9286          0.1494          0.2587          0.4045          0.0413
 9287          0.1887          0.3561          0.2458          0.0307
 9288          0.1540          0.3402          0.2599          0.0402
 9289          0.1458          0.2772          0.3733          0.0422
 9290          0.0802          0.3064          0.3004          0.0540
 9291          0.1359          0.3394          0.2523          0.0444
 9292          0.1715          0.2524          0.4232          0.0356
 9293          0.1160          0.2974          0.3275          0.0484
 9294          0.1404          0.3265          0.2816          0.0434
 9295          0.1207          0.2841          0.3525          0.0475
 9296          0.1622          0.3600          0.2192          0.0381
 9297          0.1282          0.3098          0.3091          0.0460
 9298          0.1796          0.3698          0.2064          0.0333
 9299          0.1508          0.2683          0.3897          0.0410
 9300          0.0909          0.3292          0.2570          0.0525
 9301          0.1377          0.2908          0.3471          0.0440
 9302          0.0122          0.3025          0.2984          0.0589
 9303          0.1193          0.2911          0.3400          0.0478
 9304          0.1849          0.3686          0.2135          0.0318
 9305          0.0798          0.2904          0.3300          0.0540
 9306          0.1400          0.2969          0.3371          0.0435
 9307          0.1751          0.2593          0.4140          0.0346
 9308          0.1158          0.3147          0.2951          0.0485
 9309          0.2040          0.3285          0.3118          0.0259
 9310          0.1529          0.2815          0.3689          0.0405
 9311          0.1608          0.3356          0.2731          0.0385
 9312          0.1681          0.3332          0.2819          0.0366
 9313          0.1791          0.3325          0.2894          0.0335
 9314          0.1096          0.3248          0.2725          0.0496
 9315          0.1781          0.3235          0.3062          0.0338
 9316          0.1189          0.2688          0.3777          0.0479
 9317          0.1455          0.3003          0.3334          0.0423
 9318          0.1491          0.3459          0.2447          0.0414
 9319          0.0451          0.3001          0.3059          0.0574
 9320          0.1160          0.3018          0.3196          0.0484
 9321          0.0683          0.3158          0.2790          0.0554
 9322          0.1229          0.2870          0.3483          0.0471
 9323          0.1634          0.2664          0.3979          0.0378
 9324          0.0547          0.3151          0.2779          0.0567
 9325          0.1980          0.2775          0.3962          0.0278
 9326          0.1173          0.2877          0.3452          0.0482
 9327          0.1785          0.2550          0.4222          0.0337
 9328          0.0642          0.3019          0.3055          0.0558
 9329          0.1220          0.3334          0.2591          0.0473
 9330          0.0862          0.3185          0.2780          0.0532
 9331          0.2074          0.3307          0.3098          0.0247
 9332          0.0871          0.3158          0.2838          0.0531
 9333          0.0806          0.3239          0.2653          0.0539
 9334          0.0806          0.3227          0.2678          0.0539
 9335          0.0786          0.2833          0.3423          0.0542
 9336          0.1760          0.3355          0.2817          0.0344
 9337          0.1191          0.2949          0.3331          0.0478
 9338          0.0402          0.3095          0.2871          0.0578
 9339          0.2134          0.3023          0.3638          0.0227
 9340          0.1784          0.3090          0.3332          0.0337
 9341          0.1008          0.3311          0.2561          0.0510
 9342          0.1068          0.3294          0.2619          0.0501
 9343          0.1647          0.2965          0.3484          0.0375
 9344          0.1584          0.2893          0.3581          0.0391
 9345          0.0739          0.3245          0.2622          0.0547
 9346          0.0880          0.2863          0.3392          0.0530
 9347          0.1510          0.3595          0.2135          0.0409
 9348          0.0837          0.3136          0.2871          0.0535
 9349          0.0437          0.3002          0.3054          0.0575
 9350          0.0562          0.3022          0.3034          0.0566
 9351          0.0026          0.3010          0.3012          0.0590
 9352          0.1902          0.3347          0.2916          0.0302
 9353          0.0707          0.3110          0.2891          0.0551
 9354          0.1726          0.2887          0.3655          0.0353
 9355          0.0663          0.2905          0.3270          0.0556
 9356          0.0862          0.3145          0.2861          0.0532
 9357          0.1668          0.3378          0.2719          0.0369
 9358          0.0894          0.2971          0.3202          0.0527
 9359          0.0864          0.2749          0.3586          0.0532
 9360          0.1676          0.2864          0.3670          0.0367
 9361          0.0825          0.3012          0.3108          0.0537
 9362          0.1092          0.3108          0.3003          0.0496
 9363          0.0875          0.3187          0.2779          0.0530
 9364          0.1812          0.2998          0.3506          0.0329
 9365          0.1003          0.3382          0.2401          0.0511
 9366          0.1319          0.2709          0.3785          0.0453
 9367          0.0316          0.3079          0.2892          0.0582
 9368          0.1254          0.3109          0.3060          0.0466
 9369          0.0465          0.2975          0.3109          0.0573
 9370          0.2181          0.3526          0.2737          0.0211
 9371          0.0370          0.3053          0.2949          0.0579
 9372          0.0864          0.3229          0.2690          0.0532
 9373          0.1032          0.2983          0.3218          0.0506
 9374          0.1245          0.2831          0.3555          0.0468
 9375          0.1225          0.3202          0.2866          0.0472
 9376          0.1590          0.3312          0.2811          0.0390
 9377          0.1170          0.3139          0.2971          0.0482
 9378          0.1745          0.3210          0.3092          0.0348
 9379          0.1806          0.3007          0.3489          0.0331
 9380          0.1937          0.2530          0.4322          0.0291
 9381          0.0466          0.2879          0.3287          0.0573
 9382          0.1456          0.3478          0.2385          0.0422
 9383          0.1951          0.3107          0.3391          0.0287
 9384          0.1617          0.2747          0.3838          0.0383
 9385          0.0429          0.3119          0.2826          0.0576
 9386          0.0826          0.2788          0.3511          0.0537
 9387          0.0735          0.3175          0.2768          0.0548
 9388          0.1848          0.3337          0.2904          0.0318
 9389          0.1992          0.2803          0.3924          0.0274
 9390          0.2058          0.3526          0.2651          0.0253
 9391          0.0933          0.3005          0.3149          0.0522
 9392          0.0042          0.2997          0.3036          0.0590
 9393          0.1202          0.3255          0.2750          0.0476
 9394          0.2441          0.3621          0.2738          0.0117
 9395          0.0574          0.2834          0.3381          0.0564
 9396          0.1866          0.2780          0.3897          0.0313
 9397          0.2095          0.3732          0.2213          0.0240
 9398          0.0068          0.3007          0.3017          0.0590
 9399          0.1556          0.3262          0.2894          0.0398
 9400          0.1704          0.3240          0.3013          0.0359
 9401          0.2050          0.2463          0.4477          0.0255
 9402          0.0977          0.3322          0.2526          0.0515
 9403          0.2225          0.2430          0.4613          0.0196
 9404          0.1397          0.2821          0.3628          0.0436
 9405          0.1517          0.2576          0.4070          0.0408
 9406          0.1286          0.3334          0.2621          0.0460
 9407          0.0987          0.3168          0.2852          0.0514
 9408          0.1908          0.3708          0.2124          0.0300
 9409          0.0591          0.2822          0.3406          0.0563
 9410          0.1191          0.2940          0.3346          0.0478
 9411          0.0382          0.3095          0.2867          0.0579
 9412          0.1351          0.3266          0.2790          0.0446
 9413          0.0771          0.2885          0.3328          0.0544
 9414          0.1235          0.2888          0.3453          0.0470
 9415          0.2273          0.2664          0.4289          0.0179
 9416          0.1488          0.2868          0.3582          0.0415
 9417          0.1357          0.3125          0.3069          0.0445
 9418          0.1449          0.3391          0.2574          0.0424
 9419          0.1157          0.3297          0.2645          0.0485
 9420          0.1901          0.3646          0.2270          0.0302
 9421          0.1046          0.2962          0.3261          0.0504
 9422          0.0948          0.2847          0.3438          0.0520
 9423          0.1451          0.3314          0.2738          0.0424
 9424          0.1120          0.2999          0.3216          0.0491
 9425          0.1428          0.3481          0.2362          0.0429
 9426          0.1336          0.2928          0.3420          0.0449
 9427          0.0237          0.3034          0.2973          0.0586
 9428          0.1925          0.2681          0.4084          0.0295
 9429          0.1204          0.2868          0.3477          0.0476
 9430          0.1544          0.2583          0.4070          0.0401
 9431          0.1692          0.3546          0.2364          0.0363
 9432          0.1592          0.2684          0.3930          0.0389
 9433          0.1932          0.3515          0.2590          0.0293
 9434          0.0650          0.3085          0.2929          0.0557
 9435          0.1500          0.3354          0.2679          0.0412
 9436          0.0510          0.2945          0.3171          0.0570
 9437          0.0776          0.2902          0.3300          0.0543
 9438          0.0497          0.3072          0.2929          0.0571
 9439          0.0445          0.3114          0.2838          0.0575
 9440          0.1963          0.3230          0.3175          0.0283
 9441          0.1884          0.2551          0.4266          0.0307
 9442          0.1192          0.3073          0.3104          0.0478
 9443          0.1604          0.2988          0.3426          0.0386
 9444          0.1481          0.3382          0.2610          0.0416
 9445          0.0578          0.3175          0.2734          0.0564
 9446          0.0729          0.3209          0.2696          0.0549
 9447          0.1842          0.2663          0.4071          0.0320
 9448          0.1389          0.2694          0.3835          0.0438
 9449          0.0229          0.2988          0.3061          0.0586
 9450          0.0706          0.2990          0.3122          0.0551
 9451          0.0880          0.3276          0.2594          0.0529
 9452          0.0667          0.2902          0.3278          0.0555
 9453          0.1508          0.2854          0.3615          0.0410
 9454          0.0135          0.3042          0.2952          0.0589
 9455          0.0285          0.3091          0.2866          0.0584
 9456          0.1228          0.2724          0.3731          0.0471
 9457          0.1805          0.2628          0.4110          0.0331
 9458          0.1510          0.2901          0.3536          0.0410
 9459          0.0779          0.2831          0.3425          0.0543
 9460          0.0586          0.3121          0.2845          0.0563
 9461          0.2082          0.3002          0.3644          0.0245
 9462          0.1506          0.3312          0.2769          0.0410
 9463          0.1258          0.3032          0.3203          0.0465
 9464          0.2008          0.2705          0.4086          0.0269
 9465          0.1422          0.3063          0.3212          0.0430
 9466          0.1063          0.3249          0.2711          0.0501
 9467          0.0968          0.2827          0.3478          0.0517
 9468          0.1224          0.3176          0.2917          0.0472
 9469          0.1738          0.3254          0.3004          0.0350
 9470          0.0667          0.3183          0.2736          0.0555
 9471          0.1649          0.3316          0.2833          0.0374
 9472          0.1556          0.2876          0.3598          0.0398
 9473          0.1406          0.2728          0.3785          0.0434
 9474          0.1202          0.2725          0.3719          0.0476
 9475          0.2154          0.3252          0.3250          0.0220
 9476          0.1546          0.2613          0.4024          0.0401
 9477          0.0722          0.2927          0.3243          0.0549
 9478          0.0448          0.2960          0.3136          0.0574
 9479          0.1150          0.3358          0.2511          0.0486
 9480          0.1775          0.2771          0.3868          0.0339
 9481          0.0718          0.3149          0.2816          0.0550
 9482          0.1515          0.2785          0.3733          0.0408
 9483          0.0322          0.3095          0.2860          0.0582
 9484          0.1110          0.2689          0.3751          0.0493
 9485          0.0533          0.3189          0.2698          0.0568
 9486          0.2485          0.3416          0.3170          0.0099
 9487          0.1465          0.3165          0.3040          0.0420
 9488          0.1241          0.3198          0.2881          0.0469
 9489          0.2164          0.2517          0.4453          0.0217
 9490          0.1711          0.3643          0.2144          0.0357
 9491          0.1486          0.2750          0.3779          0.0415
 9492          0.1606          0.3224          0.2993          0.0386
 9493          0.1775          0.2820          0.3789          0.0340
 9494          0.1040          0.3262          0.2676          0.0505
 9495          0.0662          0.3226          0.2645          0.0556
 9496          0.1127          0.2726          0.3695          0.0490
 9497          0.1743          0.2642          0.4060          0.0349
 9498          0.0920          0.2846          0.3432          0.0524
 9499          0.0929          0.3114          0.2941          0.0522
 9500          0.1310          0.2689          0.3816          0.0455
 9501          0.1391          0.3260          0.2820          0.0437
 9502          0.1966          0.2729          0.4028          0.0282
 9503          0.0539          0.3147          0.2786          0.0567
 9504          0.1119          0.3372          0.2468          0.0492
 9505          0.1233          0.3298          0.2673          0.0470
 9506          0.1985          0.3587          0.2468          0.0276
 9507          0.1515          0.2956          0.3443          0.0408
 9508          0.1122          0.2680          0.3770          0.0491
 9509          0.0921          0.2852          0.3422          0.0524
 9510          0.0872          0.3039          0.3069          0.0531
 9511          0.1110          0.3234          0.2760          0.0493
 9512          0.0662          0.2878          0.3319          0.0556
 9513          0.0547          0.3127          0.2828          0.0567
 9514          0.0843          0.3263          0.2613          0.0534
 9515          0.1047          0.2904          0.3365          0.0504
 9516          0.1922          0.3282          0.3053          0.0296
 9517          0.2265          0.2767          0.4126          0.0182
 9518          0.1077          0.2801          0.3554          0.0499
 9519          0.2175          0.3584          0.2612          0.0213
 9520          0.0269          0.3104          0.2839          0.0584
 9521          0.0729          0.3211          0.2692          0.0549
 9522          0.1747          0.2538          0.4224          0.0347
 9523          0.1796          0.3521          0.2488          0.0333
 9524          0.1157          0.3182          0.2881          0.0485
 9525          0.1094          0.3153          0.2915          0.0496
 9526          0.1075          0.3366          0.2464          0.0499
 9527          0.1213          0.3348          0.2560          0.0474
 9528          0.0839          0.2785          0.3519          0.0535
 9529          0.1095          0.3200          0.2823          0.0496
 9530          0.0616          0.3075          0.2943          0.0560
 9531          0.1578          0.2953          0.3475          0.0393
 9532          0.1148          0.3070          0.3094          0.0486
 9533          0.1181          0.3345          0.2552          0.0480
 9534          0.0727          0.2941          0.3218          0.0549
 9535          0.0446          0.3073          0.2919          0.0575
 9536          0.1168          0.3418          0.2384          0.0483
 9537          0.0704          0.3176          0.2759          0.0551
 9538          0.1430          0.3230          0.2898          0.0428
 9539          0.1706          0.2773          0.3835          0.0359
 9540          0.0303          0.2973          0.3095          0.0583
 9541          0.2088          0.3233          0.3243          0.0243
 9542          0.1171          0.3028          0.3180          0.0482
 9543          0.0744          0.3118          0.2885          0.0547
 9544          0.2276          0.3495          0.2870          0.0178
 9545          0.1243          0.2637          0.3877          0.0468
 9546          0.1025          0.2945          0.3285          0.0508
 9547          0.1331          0.2730          0.3755          0.0450
 9548          0.0787          0.3018          0.3088          0.0542
 9549          0.1909          0.2680          0.4077          0.0300
 9550          0.0292          0.3039          0.2968          0.0583
 9551          0.0616          0.3201          0.2689          0.0561
 9552          0.1413          0.2997          0.3327          0.0432
 9553          0.1850          0.2558          0.4239          0.0318
 9554          0.0817          0.2755          0.3566          0.0538
 9555          0.1503          0.3582          0.2162          0.0411
 9556          0.2146          0.2667          0.4217          0.0223
 9557          0.1030          0.3254          0.2690          0.0507
 9558          0.1029          0.3026          0.3139          0.0507
 9559          0.0902          0.3161          0.2840          0.0526
 9560          0.1216          0.3193          0.2882          0.0474
 9561          0.1850          0.3746          0.1981          0.0318
 9562          0.0782          0.2995          0.3130          0.0542
 9563          0.2432          0.3873          0.2163          0.0120
 9564          0.1984          0.2904          0.3754          0.0277
 9565          0.1603          0.3547          0.2307          0.0386
 9566          0.1261          0.3025          0.3219          0.0465
 9567          0.0377          0.3124          0.2809          0.0579
 9568          0.1962          0.2622          0.4194          0.0283
 9569          0.1872          0.3702          0.2111          0.0311
 9570          0.0940          0.3066          0.3036          0.0521
 9571          0.1376          0.3377          0.2569          0.0441
 9572          0.2332          0.3450          0.2996          0.0157
 9573          0.0536          0.2925          0.3212          0.0568
 9574          0.0891          0.2880          0.3366          0.0528
 9575          0.1857          0.2635          0.4124          0.0316
 9576          0.1746          0.2990          0.3488          0.0348
 9577          0.2294          0.3535          0.2803          0.0171
 9578          0.1435          0.3538          0.2232          0.0427
 9579          0.0804          0.2837          0.3421          0.0540
 9580          0.1821          0.3643          0.2221          0.0326
 9581          0.1250          0.3415          0.2426          0.0467
 9582          0.1519          0.3125          0.3140          0.0407
 9583          0.1121          0.2738          0.3673          0.0491
 9584          0.1877          0.3337          0.2921          0.0310
 9585          0.0347          0.3014          0.3021          0.0581
 9586          0.1332          0.2980          0.3326          0.0450
 9587          0.0679          0.3208          0.2686          0.0554
 9588          0.1671          0.2914          0.3583          0.0368
 9589          0.2015          0.3003          0.3606          0.0266
 9590          0.0505          0.2856          0.3332          0.0570
 9591          0.1391          0.3131          0.3072          0.0437
 9592          0.0743          0.2988          0.3134          0.0547
 9593          0.1639          0.3393          0.2671          0.0377
 9594          0.2089          0.3445          0.2840          0.0242
 9595          0.1273          0.3247          0.2796          0.0462
 9596          0.0718          0.2841          0.3396          0.0550
 9597          0.1753          0.3490          0.2528          0.0346
 9598          0.1446          0.2687          0.3868          0.0425
 9599          0.0698          0.2861          0.3356          0.0552
 9600          0.1488          0.2978          0.3393          0.0415
 9601          0.0950          0.2732          0.3636          0.0519
 9602          0.0465          0.3021          0.3022          0.0573
 9603          0.1631          0.2880          0.3623          0.0379
 9604          0.1682          0.3410          0.2659          0.0365
 9605          0.1606          0.3046          0.3323          0.0385
 9606          0.1738          0.3559          0.2365          0.0350
 9607          0.1874          0.3155          0.3262          0.0311
 9608          0.1137          0.2783          0.3602          0.0488
 9609          0.1015          0.3048          0.3093          0.0509
 9610          0.1254          0.3037          0.3193          0.0466
 9611          0.2026          0.2471          0.4453          0.0263
 9612          0.1847          0.3097          0.3352          0.0319
 9613          0.1432          0.3036          0.3265          0.0428
 9614          0.2008          0.3235          0.3192          0.0269
 9615          0.2001          0.2754          0.4007          0.0271
 9616          0.1118          0.2795          0.3575          0.0492
 9617          0.0886          0.3198          0.2761          0.0529
 9618          0.0607          0.2996          0.3093          0.0561
 9619          0.1413          0.2832          0.3614          0.0432
 9620          0.1686          0.3152          0.3169          0.0364
 9621          0.0827          0.3018          0.3098          0.0537
 9622          0.2070          0.3871          0.1823          0.0249
 9623          0.1399          0.2671          0.3876          0.0435
 9624          0.1319          0.3103          0.3095          0.0453
 9625          0.0529          0.2938          0.3188          0.0568
 9626          0.0658          0.2857          0.3355          0.0556
 9627          0.0270          0.2946          0.3143          0.0584
 9628          0.1365          0.3487          0.2316          0.0443
 9629          0.1083          0.3204          0.2811          0.0498
 9630          0.1515          0.2733          0.3820          0.0408
 9631          0.1708          0.2886          0.3649          0.0358
 9632          0.0771          0.2873          0.3349          0.0544
 9633          0.0893          0.2815          0.3481          0.0528
 9634          0.2257          0.3127          0.3534          0.0184
 9635          0.0956          0.2932          0.3290          0.0518
 9636          0.0867          0.2802          0.3496          0.0531
 9637          0.1313          0.3234          0.2839          0.0454
 9638          0.1646          0.2795          0.3771          0.0375
 9639          0.1342          0.3354          0.2602          0.0448
 9640          0.1234          0.2941          0.3360          0.0470
 9641          0.1020          0.2803          0.3534          0.0508
 9642          0.1369          0.3023          0.3264          0.0442
 9643          0.0736          0.2881          0.3328          0.0548
 9644          0.2411          0.2489          0.4626          0.0128
 9645          0.1088          0.3361          0.2480          0.0497
 9646          0.1893          0.3193          0.3204          0.0305
 9647          0.0333          0.2918          0.3201          0.0581
 9648          0.1805          0.2986          0.3525          0.0331
 9649          0.1623          0.2828          0.3707          0.0381
 9650          0.2050          0.2984          0.3656          0.0255
 9651          0.0780          0.3067          0.2993          0.0543
 9652          0.1910          0.3000          0.3554          0.0300
 9653          0.1947          0.3495          0.2642          0.0288
 9654          0.0724          0.3263          0.2581          0.0549
 9655          0.0184          0.3060          0.2919          0.0587
 9656          0.0394          0.3038          0.2981          0.0578
 9657          0.0540          0.3139          0.2801          0.0567
 9658          0.0990          0.3041          0.3098          0.0513
 9659          0.2264          0.2880          0.3948          0.0182
 9660          0.1612          0.3264          0.2917          0.0384
 9661          0.1998          0.2931          0.3718          0.0272
 9662          0.1676          0.2607          0.4086          0.0367
 9663          0.1214          0.2939          0.3356          0.0474
 9664          0.0653          0.3238          0.2617          0.0557
 9665          0.1188          0.2693          0.3769          0.0479
 9666          0.0488          0.3179          0.2710          0.0572
 9667          0.1273          0.2950          0.3358          0.0462
 9668          0.1605          0.2738          0.3847          0.0386
 9669          0.1029          0.3062          0.3071          0.0507
 9670          0.0937          0.3293          0.2576          0.0521
 9671          0.1464          0.3332          0.2707          0.0420
 9672          0.0709          0.3052          0.3006          0.0551
 9673          0.0951          0.3102          0.2970          0.0519
 9674          0.1773          0.2900          0.3655          0.0340
 9675          0.0546          0.2956          0.3157          0.0567
 9676          0.1316          0.3443          0.2393          0.0453
 9677          0.1274          0.2751          0.3700          0.0462
 9678          0.2220          0.2506          0.4499          0.0197
 9679          0.1604          0.3221          0.2997          0.0386
 9680          0.1726          0.3261          0.2983          0.0353
 9681          0.0960          0.3292          0.2585          0.0518
 9682          0.1565          0.3437          0.2535          0.0396
 9683          0.0243          0.2966          0.3103          0.0585
 9684          0.1135          0.2770          0.3624          0.0489
 9685          0.0329          0.3096          0.2860          0.0582
 9686          0.0886          0.2823          0.3464          0.0529
 9687          0.1159          0.2928          0.3357          0.0484
 9688          0.0286          0.3081          0.2884          0.0584
 9689          0.0880          0.3063          0.3026          0.0529
 9690          0.1978          0.2927          0.3713          0.0279
 9691          0.1190          0.2660          0.3823          0.0479
 9692          0.1242          0.3329          0.2612          0.0469
 9693          0.1224          0.2818          0.3570          0.0472
 9694          0.1270          0.2999          0.3268          0.0463
 9695          0.0885          0.2877          0.3369          0.0529
 9696          0.1205          0.3129          0.3002          0.0476
 9697          0.0726          0.3150          0.2816          0.0549
 9698          0.1566          0.3554          0.2270          0.0396
 9699          0.1880          0.2518          0.4313          0.0309
 9700          0.1976          0.2689          0.4096          0.0279
 9701          0.0435          0.3163          0.2737          0.0575
 9702          0.2118          0.3629          0.2472          0.0233
 9703          0.1280          0.3096          0.3094          0.0461
 9704          0.0678          0.3039          0.3023          0.0554
 9705          0.1226          0.2682          0.3799          0.0472
 9706          0.2072          0.2500          0.4433          0.0248
 9707          0.1642          0.2803          0.3756          0.0376
 9708          0.1177          0.3343          0.2554          0.0481
 9709          0.0957          0.2878          0.3387          0.0518
 9710          0.2216          0.3562          0.2690          0.0199
 9711          0.1242          0.3358          0.2550          0.0468
 9712          0.1806          0.2904          0.3664          0.0331
 9713          0.2171          0.2488          0.4500          0.0215
 9714          0.1420          0.3145          0.3058          0.0431
 9715          0.2112          0.2920          0.3796          0.0235
 9716          0.0532          0.2854          0.3340          0.0568
 9717          0.0126          0.3047          0.2942          0.0589
 9718          0.0364          0.3097          0.2860          0.0580
 9719          0.1200          0.2990          0.3260          0.0477
 9720          0.0673          0.3249          0.2600          0.0555
 9721          0.1381          0.3485          0.2327          0.0439
 9722          0.1779          0.2823          0.3786          0.0338
 9723          0.2220          0.3667          0.2466          0.0198
 9724          0.1742          0.3155          0.3193          0.0349
 9725          0.1213          0.2852          0.3508          0.0474
 9726          0.0604          0.2853          0.3354          0.0562
 9727          0.1460          0.3056          0.3241          0.0421
 9728          0.1429          0.2983          0.3359          0.0429
 9729          0.1202          0.2904          0.3415          0.0476
 9730          0.1235          0.2769          0.3658          0.0470
 9731          0.1135          0.3016          0.3191          0.0489
 9732          0.0556          0.2833          0.3382          0.0566
 9733          0.0753          0.2863          0.3364          0.0546
 9734          0.0093          0.2984          0.3062          0.0589
 9735          0.2094          0.2604          0.4286          0.0241
 9736          0.2418          0.3773          0.2389          0.0125
 9737          0.0436          0.2997          0.3065          0.0575
 9738          0.0948          0.3119          0.2937          0.0520
 9739          0.0696          0.2979          0.3141          0.0552
 9740          0.2095          0.2676          0.4177          0.0240
 9741          0.1726          0.3595          0.2272          0.0353
 9742          0.1219          0.3280          0.2705          0.0473
 9743          0.2164          0.2788          0.4038          0.0217
 9744          0.1409          0.3124          0.3093          0.0433
 9745          0.1177          0.2871          0.3463          0.0481
 9746          0.1762          0.3242          0.3039          0.0343
 9747          0.0145          0.2992          0.3049          0.0588
 9748          0.1148          0.2802          0.3573          0.0486
 9749          0.2411          0.3392          0.3162          0.0128
 9750          0.2067          0.3340          0.3031          0.0250
 9751          0.0337          0.3096          0.2860          0.0581
 9752          0.1507          0.3543          0.2259          0.0410
 9753          0.0877          0.3030          0.3088          0.0530
 9754          0.2382          0.4011          0.1735          0.0139
 9755          0.1481          0.2815          0.3669          0.0416
 9756          0.1094          0.2749          0.3648          0.0496
 9757          0.1255          0.2993          0.3274          0.0466
 9758          0.1605          0.2977          0.3446          0.0386
 9759          0.2174          0.3846          0.1992          0.0213
 9760          0.1392          0.3292          0.2755          0.0437
 9761          0.0870          0.3261          0.2624          0.0531
 9762          0.1022          0.2954          0.3268          0.0508
 9763          0.0909          0.2944          0.3256          0.0525
 9764          0.2217          0.3344          0.3119          0.0199
 9765          0.2083          0.2541          0.4376          0.0244
 9766          0.1492          0.2999          0.3356          0.0414
 9767          0.0474          0.2983          0.3096          0.0573
 9768          0.0234          0.3087          0.2868          0.0586
 9769          0.1602          0.2983          0.3433          0.0387
 9770          0.1068          0.2908          0.3365          0.0501
 9771          0.1097          0.3298          0.2621          0.0496
 9772          0.1783          0.2912          0.3639          0.0337
 9773          0.1226          0.2755          0.3677          0.0472
 9774          0.0413          0.2948          0.3153          0.0577
 9775          0.2006          0.2611          0.4231          0.0270
 9776          0.2237          0.2654          0.4285          0.0192
 9777          0.0722          0.2811          0.3449          0.0549
 9778          0.0846          0.3237          0.2668          0.0534
 9779          0.1690          0.3295          0.2898          0.0363
 9780          0.1226          0.2646          0.3857          0.0472
 9781          0.1450          0.3118          0.3122          0.0424
 9782          0.1997          0.2867          0.3823          0.0272
 9783          0.1480          0.2781          0.3727          0.0417
 9784          0.2185          0.3729          0.2294          0.0210
 9785          0.1782          0.3728          0.1975          0.0338
 9786          0.0485          0.3055          0.2959          0.0572
 9787          0.1576          0.2724          0.3858          0.0393
 9788          0.0925          0.3090          0.2986          0.0523
 9789          0.1286          0.2652          0.3868          0.0460
 9790          0.0648          0.3207          0.2682          0.0557
 9791          0.1745          0.2869          0.3693          0.0348
 9792          0.0520          0.3166          0.2742          0.0569
 9793          0.0871          0.2786          0.3525          0.0531
 9794          0.2461          0.2896          0.4038          0.0109
 9795          0.1248          0.3214          0.2852          0.0467
 9796          0.0677          0.3199          0.2705          0.0554
 9797          0.1085          0.3417          0.2351          0.0498
 9798          0.1575          0.2777          0.3772          0.0393
 9799          0.1453          0.2889          0.3533          0.0423
 9800          0.0613          0.3020          0.3047          0.0561
 9801          0.1795          0.3098          0.3324          0.0334
 9802          0.0365          0.3127          0.2800          0.0580
 9803          0.1708          0.3057          0.3353          0.0358
 9804          0.0905          0.3288          0.2577          0.0526
 9805          0.1600          0.3264          0.2912          0.0387
 9806          0.0958          0.2998          0.3170          0.0518
 9807          0.1466          0.2751          0.3771          0.0420
 9808          0.1533          0.2951          0.3458          0.0404
 9809          0.1740          0.2857          0.3712          0.0349
 9810          0.1762          0.3474          0.2570          0.0343
 9811          0.1157          0.2974          0.3274          0.0485
 9812          0.1975          0.2998          0.3592          0.0279
 9813          0.2161          0.3453          0.2872          0.0218
 9814          0.0494          0.2899          0.3254          0.0571
 9815          0.0755          0.2838          0.3408          0.0546
 9816          0.1615          0.3384          0.2676          0.0383
 9817          0.1606          0.2771          0.3793          0.0385
 9818          0.1406          0.3339          0.2663          0.0434
 9819          0.0783          0.3227          0.2673          0.0542
 9820          0.1186          0.2800          0.3589          0.0479
 9821          0.1601          0.3220          0.2998          0.0387
 9822          0.0400          0.2900          0.3240          0.0578
 9823          0.1182          0.3288          0.2675          0.0480
 9824          0.1301          0.2734          0.3737          0.0457
 9825          0.1229          0.2714          0.3747          0.0471
 9826          0.1539          0.3606          0.2125          0.0402
 9827          0.0774          0.2881          0.3337          0.0543
 9828          0.1797          0.2688          0.4012          0.0333
 9829          0.1076          0.2928          0.3332          0.0499
 9830          0.1657          0.3090          0.3268          0.0372
 9831          0.1323          0.3205          0.2900          0.0452
 9832          0.1015          0.3337          0.2505          0.0509
 9833          0.0781          0.3069          0.2988          0.0542
 9834          0.1738          0.3682          0.2065          0.0350
 9835          0.1680          0.2879          0.3646          0.0366
 9836          0.0992          0.2968          0.3234          0.0513
 9837          0.1725          0.2548          0.4200          0.0354
 9838          0.2143          0.3808          0.2063          0.0224
 9839          0.1627          0.3112          0.3214          0.0380
 9840          0.1550          0.2833          0.3667          0.0400
 9841          0.0816          0.3134          0.2870          0.0538
 9842          0.0392          0.2985          0.3082          0.0578
 9843          0.1256          0.3255          0.2772          0.0466
 9844          0.1023          0.2900          0.3365          0.0508
 9845          0.1128          0.3065          0.3096          0.0490
 9846          0.1966          0.2862          0.3814          0.0282
 9847          0.1704          0.3399          0.2693          0.0359
 9848          0.1664          0.3122          0.3212          0.0370
 9849          0.1020          0.2720          0.3674          0.0508
 9850          0.1730          0.3537          0.2409          0.0352
 9851          0.0727          0.2949          0.3203          0.0549
 9852          0.0622          0.2837          0.3385          0.0560
 9853          0.0353          0.2911          0.3215          0.0580
 9854          0.2064          0.3625          0.2440          0.0251
 9855          0.1453          0.3373          0.2615          0.0423
 9856          0.0773          0.3035          0.3053          0.0543
 9857          0.0654          0.3005          0.3083          0.0557
 9858          0.1322          0.3282          0.2744          0.0452
 9859          0.1140          0.3001          0.3220          0.0488
 9860          0.1157          0.3429          0.2352          0.0485
 9861          0.1157          0.3396          0.2430          0.0485
 9862          0.0976          0.3064          0.3050          0.0515
 9863          0.1637          0.2683          0.3950          0.0377
 9864          0.1234          0.2656          0.3843          0.0470
 9865          0.1654          0.3204          0.3055          0.0373
 9866          0.1247          0.3428          0.2395          0.0468
 9867          0.0649          0.2814          0.3431          0.0557
 9868          0.0633          0.3146          0.2804          0.0559
 9869          0.1359          0.3504          0.2273          0.0444
 9870          0.0316          0.2934          0.3169          0.0582
 9871          0.1424          0.3250          0.2856          0.0430
 9872          0.1861          0.3021          0.3493          0.0314
 9873          0.0679          0.2806          0.3449          0.0554
 9874          0.1688          0.3335          0.2816          0.0364
 9875          0.1633          0.3083          0.3270          0.0378
 9876          0.1584          0.3558          0.2270          0.0391
 9877          0.1348          0.3506          0.2262          0.0446
 9878          0.0707          0.2827          0.3419          0.0551
 9879          0.1589          0.2887          0.3593          0.0390
 9880          0.0402          0.2960          0.3129          0.0578
 9881          0.0580          0.3043          0.2998          0.0564
 9882          0.1341          0.3295          0.2726          0.0448
 9883          0.1216          0.2846          0.3519          0.0473
 9884          0.0707          0.3175          0.2761          0.0551
 9885          0.0784          0.2983          0.3153          0.0542
 9886          0.1108          0.2721          0.3697          0.0494
 9887          0.0749          0.3247          0.2622          0.0546
 9888          0.0436          0.3126          0.2812          0.0575
 9889          0.0453          0.2927          0.3196          0.0574
 9890          0.0727          0.3085          0.2945          0.0549
 9891          0.0549          0.3080          0.2921          0.0567
 9892          0.1919          0.3392          0.2836          0.0297
 9893          0.1860          0.2601          0.4177          0.0315
 9894          0.1604          0.2914          0.3553          0.0386
 9895          0.0621          0.3211          0.2669          0.0560
 9896          0.1530          0.3456          0.2474          0.0405
 9897          0.0433          0.3016          0.3028          0.0575
 9898          0.1346          0.3469          0.2349          0.0447
 9899          0.0497          0.3163          0.2745          0.0571
 9900          0.1568          0.3587          0.2188          0.0395
 9901          0.2040          0.2865          0.3848          0.0259
 9902          0.1066          0.2943          0.3302          0.0501
 9903          0.2260          0.2647          0.4308          0.0184
 9904          0.1498          0.3573          0.2180          0.0412
 9905          0.1705          0.2946          0.3545          0.0359
 9906          0.0382          0.3062          0.2933          0.0579
 9907          0.1657          0.3195          0.3073          0.0372
 9908          0.2275          0.2901          0.3920          0.0178
 9909          0.0929          0.3105          0.2959          0.0522
 9910          0.0323          0.2958          0.3125          0.0582
 9911          0.2069          0.3544          0.2621          0.0249
 9912          0.1261          0.2800          0.3614          0.0465
 9913          0.1496          0.2678          0.3901          0.0413
 9914          0.1797          0.3606          0.2294          0.0333
 9915          0.1291          0.3389          0.2504          0.0459
 9916          0.1003          0.3154          0.2884          0.0511
 9917          0.0725          0.3245          0.2620          0.0549
 9918          0.1686          0.3216          0.3049          0.0364
 9919          0.0057          0.3004          0.3023          0.0590
 9920          0.0803          0.3114          0.2908          0.0540
 9921          0.1178          0.3041          0.3160          0.0481
 9922          0.0847          0.3058          0.3027          0.0534
 9923          0.0860          0.2923          0.3281          0.0532
 9924          0.0657          0.2940          0.3206          0.0556
 9925          0.0877          0.2883          0.3357          0.0530
 9926          0.0396          0.3112          0.2834          0.0578
 9927          0.1085          0.3277          0.2660          0.0498
 9928          0.1442          0.2742          0.3775          0.0425
 9929          0.1882          0.3451          0.2692          0.0308
 9930          0.2046          0.3366          0.2968          0.0257
 9931          0.0915          0.2758          0.3583          0.0524
 9932          0.1029          0.3308          0.2575          0.0507
 9933          0.0899          0.2791          0.3524          0.0527
 9934          0.1764          0.3220          0.3082          0.0343
 9935          0.1847          0.3331          0.2915          0.0319
 9936          0.1379          0.3549          0.2173          0.0440
 9937          0.1022          0.2993          0.3197          0.0508
 9938          0.1078          0.3344          0.2513          0.0499
 9939          0.1296          0.2928          0.3405          0.0458
 9940          0.0415          0.2956          0.3139          0.0577
 9941          0.1937          0.3017          0.3540          0.0291
 9942          0.1055          0.3172          0.2866          0.0503
 9943          0.1625          0.3613          0.2160          0.0381
 9944          0.0908          0.2779          0.3546          0.0526
 9945          0.1796          0.2741          0.3927          0.0334
 9946          0.0913          0.3310          0.2532          0.0525
 9947          0.0811          0.3133          0.2872          0.0539
 9948          0.1165          0.3377          0.2475          0.0483
 9949          0.0700          0.2802          0.3461          0.0552
 9950          0.1638          0.3264          0.2932          0.0377
 9951          0.1380          0.3233          0.2870          0.0440
 9952          0.1427          0.3561          0.2169          0.0429
 9953          0.0812          0.2983          0.3159          0.0538
 9954          0.0752          0.2789          0.3494          0.0546
 9955          0.0686          0.3011          0.3079          0.0553
 9956          0.1532          0.3288          0.2830          0.0404
 9957          0.1666          0.2788          0.3791          0.0370
 9958          0.1584          0.2767          0.3792          0.0391
 9959          0.0546          0.3016          0.3044          0.0567
 9960          0.0594          0.2867          0.3327          0.0563
 9961          0.0827          0.3010          0.3113          0.0537
 9962          0.1206          0.2870          0.3475          0.0476
 9963          0.0985          0.3280          0.2619          0.0514
 9964          0.0452          0.3073          0.2919          0.0574
 9965          0.1395          0.3254          0.2834          0.0436
 9966          0.1527          0.2993          0.3382          0.0405
 9967          0.0741          0.3274          0.2562          0.0547
 9968          0.0785          0.3075          0.2979          0.0542
 9969          0.1057          0.3367          0.2455          0.0502
 9970          0.0580          0.3098          0.2891          0.0564
 9971          0.0819          0.3009          0.3113          0.0538
 9972          0.1563          0.2780          0.3761          0.0396
 9973          0.0618          0.2971          0.3140          0.0560
 9974          0.0546          0.2974          0.3123          0.0567
 9975          0.1691          0.3520          0.2423          0.0363
 9976          0.1162          0.2826          0.3536          0.0484
 9977          0.0657          0.3004          0.3086          0.0556
 9978          0.0913          0.2738          0.3617          0.0525
 9979          0.2296          0.3749          0.2339          0.0171
 9980          0.1414          0.3110          0.3122          0.0432
 9981          0.0855          0.3247          0.2649          0.0533
 9982          0.0682          0.3233          0.2635          0.0554
 9983          0.0823          0.3287          0.2554          0.0537
 9984          0.1285          0.3322          0.2646          0.0460
 9985          0.1380          0.3033          0.3249          0.0440
 9986          0.1117          0.3246          0.2737          0.0492
 9987          0.0610          0.2904          0.3263          0.0561
 9988          0.1114          0.3274          0.2678          0.0492
 9989          0.0467          0.3015          0.3033          0.0573
 9990          0.0825          0.2751          0.3574          0.0537
 9991          0.1858          0.2686          0.4043          0.0315
 9992          0.1861          0.2587          0.4199          0.0314
 9993          0.1483          0.3387          0.2601          0.0416
 9994          0.1125          0.2890          0.3415          0.0490
 9995          0.1232          0.2813          0.3582          0.0470
 9996          0.2231          0.2614          0.4342          0.0194
 9997          0.1106          0.3061          0.3097          0.0494
 9998          0.0337          0.2972          0.3100          0.0581
 9999          0.0668          0.3066          0.2970          0.0555
10000          0.1734          0.3301          0.2910          0.0351
